week_id,week_start,week_end,iso_year,iso_week,w_open,w_high,w_low,w_close_price,w_range,w_range_bucket,w_close,wh,wl,w_body_points,w_upper_wick_points,w_lower_wick_points,w_close_position_pct,daily_bullish_count,daily_bearish_count,trading_days,uup_volume_sum,uup_volume_avg,prev_week_close,prev_week_range,prev_week_range_bucket,event_type,event_week,cpi_week,nfp_week,cpi_release_date_est,nfp_release_date_est,calendar_source,month_id,m_close,m_range,m_range_bucket
1986-W01,1986-01-01,1986-01-03,1986,1,123.71,124.55,122.6,124.5,1950,1700-2199,bullish,fri,thu,790,50,1110,97.44,1,2,3,0,0,,,,nfp,1,0,1,,1986-01-03,estimated_rule,1986-01,bearish,4180,3600-4799
1986-W02,1986-01-06,1986-01-10,1986,2,124.8,124.8,122.91,124.16,1890,1700-2199,bearish,mon,thu,640,0,1250,66.14,3,2,5,0,0,bullish,1950,1700-2199,normal,0,0,0,,,estimated_rule,1986-01,bearish,4180,3600-4799
1986-W03,1986-01-13,1986-01-17,1986,3,124.82,125.21,124.04,124.41,1170,1100-1349,bearish,mon,thu,410,390,370,31.62,1,4,5,0,0,bearish,1890,1700-2199,cpi,1,1,0,1986-01-15,,estimated_rule,1986-01,bearish,4180,3600-4799
1986-W04,1986-01-20,1986-01-24,1986,4,124.87,124.97,122.67,122.78,2300,>=2200,bearish,wed,fri,2090,100,110,4.78,1,4,5,0,0,bearish,1170,1100-1349,normal,0,0,0,,,estimated_rule,1986-01,bearish,4180,3600-4799
1986-W05,1986-01-27,1986-01-31,1986,5,122.52,122.78,121.03,121.52,1750,1700-2199,bearish,mon,thu,1000,260,490,28.0,1,4,5,0,0,bearish,2300,>=2200,normal,0,0,0,,,estimated_rule,1986-01,bearish,4180,3600-4799
1986-W06,1986-02-03,1986-02-07,1986,6,121.78,123.26,121.08,121.97,2180,1700-2199,bullish,tue,thu,190,1290,700,40.83,3,2,5,0,0,bearish,1750,1700-2199,nfp,1,0,1,,1986-02-07,estimated_rule,1986-02,bearish,9810,>=4800
1986-W07,1986-02-10,1986-02-14,1986,7,121.1,121.23,118.71,118.82,2520,>=2200,bearish,mon,fri,2280,130,110,4.37,2,3,5,0,0,bullish,2180,1700-2199,normal,0,0,0,,,estimated_rule,1986-02,bearish,9810,>=4800
1986-W08,1986-02-17,1986-02-21,1986,8,119.41,119.41,115.86,117.22,3550,>=2200,bearish,mon,wed,2190,0,1360,38.31,1,4,5,0,0,bearish,2520,>=2200,cpi,1,1,0,1986-02-19,,estimated_rule,1986-02,bearish,9810,>=4800
1986-W09,1986-02-24,1986-02-28,1986,9,116.56,116.86,113.45,115.08,3410,>=2200,bearish,mon,thu,1480,300,1630,47.8,2,3,5,0,0,bearish,3550,>=2200,normal,0,0,0,,,estimated_rule,1986-02,bearish,9810,>=4800
1986-W10,1986-03-03,1986-03-07,1986,10,114.94,116.56,113.66,114.97,2900,>=2200,bullish,wed,tue,30,1590,1280,45.17,1,4,5,0,0,bearish,3410,>=2200,nfp,1,0,1,,1986-03-07,estimated_rule,1986-03,bullish,5050,>=4800
1986-W11,1986-03-10,1986-03-14,1986,11,116.2,117.12,114.96,115.22,2160,1700-2199,bearish,thu,fri,980,920,260,12.04,3,2,5,0,0,bullish,2900,>=2200,normal,0,0,0,,,estimated_rule,1986-03,bullish,5050,>=4800
1986-W12,1986-03-17,1986-03-21,1986,12,114.68,115.38,114.1,114.17,1280,1100-1349,bearish,wed,fri,510,700,70,5.47,2,3,5,0,0,bearish,2160,1700-2199,cpi,1,1,0,1986-03-19,,estimated_rule,1986-03,bullish,5050,>=4800
1986-W13,1986-03-24,1986-03-28,1986,13,116.04,118.66,116.01,117.68,2650,>=2200,bullish,wed,mon,1640,980,30,63.02,4,1,5,0,0,bearish,1280,1100-1349,normal,0,0,0,,,estimated_rule,1986-03,bullish,5050,>=4800
1986-W14,1986-03-31,1986-04-04,1986,14,118.17,120.83,117.45,120.69,3380,>=2200,bullish,fri,tue,2520,140,720,95.86,4,1,5,0,0,bullish,2650,>=2200,nfp,1,0,1,,1986-04-04,estimated_rule,1986-04,bearish,10400,>=4800
1986-W15,1986-04-07,1986-04-11,1986,15,120.9,121.16,116.85,117.3,4310,>=2200,bearish,mon,thu,3600,260,450,10.44,2,3,5,0,0,bullish,3380,>=2200,normal,0,0,0,,,estimated_rule,1986-04,bearish,10400,>=4800
1986-W16,1986-04-14,1986-04-18,1986,16,117.69,118.08,113.09,113.17,4990,>=2200,bearish,tue,fri,4520,390,80,1.6,0,5,5,0,0,bearish,4310,>=2200,cpi,1,1,0,1986-04-16,,estimated_rule,1986-04,bearish,10400,>=4800
1986-W17,1986-04-21,1986-04-25,1986,17,113.2,113.64,110.98,111.12,2660,>=2200,bearish,mon,fri,2080,440,140,5.26,2,3,5,0,0,bearish,4990,>=2200,normal,0,0,0,,,estimated_rule,1986-04,bearish,10400,>=4800
1986-W18,1986-04-28,1986-05-02,1986,18,111.34,113.7,110.76,112.74,2940,>=2200,bullish,thu,mon,1400,960,580,67.35,2,3,5,0,0,bearish,2660,>=2200,nfp,1,0,1,,1986-05-02,estimated_rule,1986-05,bullish,7300,>=4800
1986-W19,1986-05-05,1986-05-09,1986,19,111.67,113.38,110.58,111.32,2800,>=2200,bearish,tue,thu,350,1710,740,26.43,2,3,5,0,0,bullish,2940,>=2200,normal,0,0,0,,,estimated_rule,1986-05,bullish,7300,>=4800
1986-W20,1986-05-12,1986-05-16,1986,20,110.64,113.01,110.35,112.87,2660,>=2200,bullish,fri,mon,2230,140,290,94.74,3,2,5,0,0,bearish,2800,>=2200,normal,0,0,0,,,estimated_rule,1986-05,bullish,7300,>=4800
1986-W21,1986-05-19,1986-05-23,1986,21,113.28,115.71,112.12,115.46,3590,>=2200,bullish,fri,mon,2180,250,1160,93.04,4,1,5,0,0,bullish,2660,>=2200,cpi,1,1,0,1986-05-21,,estimated_rule,1986-05,bullish,7300,>=4800
1986-W22,1986-05-26,1986-05-30,1986,22,115.25,117.65,114.66,117.51,2990,>=2200,bullish,fri,tue,2260,140,590,95.32,4,1,5,0,0,bullish,3590,>=2200,normal,0,0,0,,,estimated_rule,1986-05,bullish,7300,>=4800
1986-W23,1986-06-02,1986-06-06,1986,23,117.83,118.03,113.19,113.41,4840,>=2200,bearish,mon,fri,4420,200,220,4.55,1,4,5,0,0,bullish,2990,>=2200,nfp,1,0,1,,1986-06-06,estimated_rule,1986-06,bearish,6690,>=4800
1986-W24,1986-06-09,1986-06-13,1986,24,113.35,114.3,112.27,112.58,2030,1700-2199,bearish,mon,thu,770,950,310,15.27,2,3,5,0,0,bearish,4840,>=2200,normal,0,0,0,,,estimated_rule,1986-06,bearish,6690,>=4800
1986-W25,1986-06-16,1986-06-20,1986,25,112.15,114.73,112.02,114.72,2710,>=2200,bullish,fri,mon,2570,10,130,99.63,4,1,5,0,0,bearish,2030,1700-2199,cpi,1,1,0,1986-06-18,,estimated_rule,1986-06,bearish,6690,>=4800
1986-W26,1986-06-23,1986-06-27,1986,26,115.14,115.19,112.15,112.17,3040,>=2200,bearish,mon,fri,2970,50,20,0.66,1,4,5,0,0,bullish,2710,>=2200,normal,0,0,0,,,estimated_rule,1986-06,bearish,6690,>=4800
1986-W27,1986-06-30,1986-07-04,1986,27,112.0,112.0,110.76,111.08,1240,1100-1349,bearish,mon,tue,920,0,320,25.81,0,5,5,0,0,bearish,3040,>=2200,nfp,1,0,1,,1986-07-04,estimated_rule,1986-07,bearish,4110,3600-4799
1986-W28,1986-07-07,1986-07-11,1986,28,110.55,112.05,110.27,112.0,1780,1700-2199,bullish,fri,tue,1450,50,280,97.19,4,1,5,0,0,bearish,1240,1100-1349,normal,0,0,0,,,estimated_rule,1986-07,bearish,4110,3600-4799
1986-W29,1986-07-14,1986-07-18,1986,29,112.0,112.09,109.34,109.43,2750,>=2200,bearish,mon,fri,2570,90,90,3.27,1,4,5,0,0,bullish,1780,1700-2199,cpi,1,1,0,1986-07-16,,estimated_rule,1986-07,bearish,4110,3600-4799
1986-W30,1986-07-21,1986-07-25,1986,30,109.53,110.65,108.98,110.61,1670,1350-1699,bullish,fri,mon,1080,40,550,97.6,3,2,5,0,0,bearish,2750,>=2200,normal,0,0,0,,,estimated_rule,1986-07,bearish,4110,3600-4799
1986-W31,1986-07-28,1986-08-01,1986,31,110.12,110.25,107.7,108.06,2550,>=2200,bearish,mon,fri,2060,130,360,14.12,1,4,5,0,0,bullish,1670,1350-1699,nfp,1,0,1,,1986-08-01,estimated_rule,1986-08,bearish,2410,2200-2799
1986-W32,1986-08-04,1986-08-08,1986,32,107.97,108.72,107.41,107.63,1310,1100-1349,bearish,tue,thu,340,750,220,16.79,3,2,5,0,0,bearish,2550,>=2200,normal,0,0,0,,,estimated_rule,1986-08,bearish,2410,2200-2799
1986-W33,1986-08-11,1986-08-15,1986,33,107.17,108.02,106.97,107.26,1050,850-1099,bullish,tue,thu,90,760,200,27.62,3,2,5,0,0,bearish,1310,1100-1349,normal,0,0,0,,,estimated_rule,1986-08,bearish,2410,2200-2799
1986-W34,1986-08-18,1986-08-22,1986,34,107.33,107.71,106.47,106.77,1240,1100-1349,bearish,mon,thu,560,380,300,24.19,3,2,5,0,0,bullish,1050,850-1099,cpi,1,1,0,1986-08-20,,estimated_rule,1986-08,bearish,2410,2200-2799
1986-W35,1986-08-25,1986-08-29,1986,35,106.84,107.69,106.31,106.43,1380,1350-1699,bearish,thu,fri,410,850,120,8.7,3,2,5,0,0,bearish,1240,1100-1349,normal,0,0,0,,,estimated_rule,1986-08,bearish,2410,2200-2799
1986-W36,1986-09-01,1986-09-05,1986,36,106.76,107.39,106.09,107.27,1300,1100-1349,bullish,fri,thu,510,120,670,90.77,2,3,5,0,0,bearish,1380,1350-1699,nfp,1,0,1,,1986-09-05,estimated_rule,1986-09,bearish,4060,3600-4799
1986-W37,1986-09-08,1986-09-12,1986,37,107.66,108.98,107.33,107.58,1650,1350-1699,bearish,thu,wed,80,1320,250,15.15,4,1,5,0,0,bullish,1300,1100-1349,normal,0,0,0,,,estimated_rule,1986-09,bearish,4060,3600-4799
1986-W38,1986-09-15,1986-09-19,1986,38,107.01,107.64,104.92,105.03,2720,>=2200,bearish,tue,fri,1980,630,110,4.04,1,4,5,0,0,bearish,1650,1350-1699,cpi,1,1,0,1986-09-17,,estimated_rule,1986-09,bearish,4060,3600-4799
1986-W39,1986-09-22,1986-09-26,1986,39,106.63,107.81,106.62,107.68,1190,1100-1349,bullish,fri,mon,1050,130,10,89.08,5,0,5,0,0,bearish,2720,>=2200,normal,0,0,0,,,estimated_rule,1986-09,bearish,4060,3600-4799
1986-W40,1986-09-29,1986-10-03,1986,40,106.91,107.03,105.66,106.15,1370,1350-1699,bearish,tue,fri,760,120,490,35.77,2,3,5,0,0,bullish,1190,1100-1349,nfp,1,0,1,,1986-10-03,estimated_rule,1986-10,bullish,4780,3600-4799
1986-W41,1986-10-06,1986-10-10,1986,41,105.73,106.42,105.51,105.58,910,850-1099,bearish,tue,fri,150,690,70,7.69,1,4,5,0,0,bearish,1370,1350-1699,normal,0,0,0,,,estimated_rule,1986-10,bullish,4780,3600-4799
1986-W42,1986-10-13,1986-10-17,1986,42,105.67,105.67,104.99,105.29,680,<850,bearish,mon,thu,380,0,300,44.12,2,3,5,0,0,bearish,910,850-1099,cpi,1,1,0,1986-10-15,,estimated_rule,1986-10,bullish,4780,3600-4799
1986-W43,1986-10-20,1986-10-24,1986,43,105.45,108.2,105.45,108.12,2750,>=2200,bullish,fri,mon,2670,80,0,97.09,4,1,5,0,0,bearish,680,<850,normal,0,0,0,,,estimated_rule,1986-10,bullish,4780,3600-4799
1986-W44,1986-10-27,1986-10-31,1986,44,108.24,109.77,107.38,109.27,2390,>=2200,bullish,fri,thu,1030,500,860,79.08,3,2,5,0,0,bullish,2750,>=2200,normal,0,0,0,,,estimated_rule,1986-10,bullish,4780,3600-4799
1986-W45,1986-11-03,1986-11-07,1986,45,109.67,109.69,108.87,108.96,820,<850,bearish,mon,tue,710,20,90,10.98,0,5,5,0,0,bullish,2390,>=2200,nfp,1,0,1,,1986-11-07,estimated_rule,1986-11,bearish,3780,3600-4799
1986-W46,1986-11-10,1986-11-14,1986,46,108.28,108.45,106.87,106.98,1580,1350-1699,bearish,mon,fri,1300,170,110,6.96,2,3,5,0,0,bearish,820,<850,normal,0,0,0,,,estimated_rule,1986-11,bearish,3780,3600-4799
1986-W47,1986-11-17,1986-11-21,1986,47,107.28,108.08,107.12,107.99,960,850-1099,bullish,fri,wed,710,90,160,90.62,3,2,5,0,0,bearish,1580,1350-1699,cpi,1,1,0,1986-11-19,,estimated_rule,1986-11,bearish,3780,3600-4799
1986-W48,1986-11-24,1986-11-28,1986,48,107.91,108.04,105.91,105.92,2130,1700-2199,bearish,mon,fri,1990,130,10,0.47,2,3,5,0,0,bullish,960,850-1099,normal,0,0,0,,,estimated_rule,1986-11,bearish,3780,3600-4799
1986-W49,1986-12-01,1986-12-05,1986,49,105.53,107.4,105.38,107.23,2020,1700-2199,bullish,fri,mon,1700,170,150,91.58,4,1,5,0,0,bearish,2130,1700-2199,nfp,1,0,1,,1986-12-05,estimated_rule,1986-12,bearish,4390,3600-4799
1986-W50,1986-12-08,1986-12-12,1986,50,107.33,107.94,107.17,107.38,770,<850,bullish,fri,mon,50,560,160,27.27,3,2,5,0,0,bullish,2020,1700-2199,normal,0,0,0,,,estimated_rule,1986-12,bearish,4390,3600-4799
1986-W51,1986-12-15,1986-12-19,1986,51,107.47,107.89,106.78,106.9,1110,1100-1349,bearish,tue,fri,570,420,120,10.81,1,4,5,0,0,bullish,770,<850,cpi,1,1,0,1986-12-17,,estimated_rule,1986-12,bearish,4390,3600-4799
1986-W52,1986-12-22,1986-12-26,1986,52,106.41,106.41,105.38,105.48,1030,850-1099,bearish,mon,wed,930,0,100,9.71,0,5,5,0,0,bearish,1110,1100-1349,normal,0,0,0,,,estimated_rule,1986-12,bearish,4390,3600-4799
1987-W01,1986-12-29,1987-01-02,1987,1,104.73,104.95,103.34,103.61,1610,1350-1699,bearish,tue,fri,1120,220,270,16.77,1,4,5,0,0,bearish,1030,850-1099,nfp,1,0,1,,1987-01-02,estimated_rule,1987-01,bearish,7290,>=4800
1987-W02,1987-01-05,1987-01-09,1987,2,103.81,104.35,103.43,103.73,920,850-1099,bearish,mon,mon,80,540,300,32.61,2,3,5,0,0,bearish,1610,1350-1699,normal,0,0,0,,,estimated_rule,1987-01,bearish,7290,>=4800
1987-W03,1987-01-12,1987-01-16,1987,3,103.03,103.03,99.62,100.33,3410,>=2200,bearish,mon,wed,2700,0,710,20.82,1,4,5,0,0,bearish,920,850-1099,normal,0,0,0,,,estimated_rule,1987-01,bearish,7290,>=4800
1987-W04,1987-01-19,1987-01-23,1987,4,98.7,100.73,98.59,99.32,2140,1700-2199,bullish,wed,mon,620,1410,110,34.11,3,2,5,0,0,bearish,3410,>=2200,cpi,1,1,0,1987-01-21,,estimated_rule,1987-01,bearish,7290,>=4800
1987-W05,1987-01-26,1987-01-30,1987,5,99.46,100.32,97.19,99.86,3130,>=2200,bullish,fri,wed,400,460,2270,85.3,3,2,5,0,0,bullish,2140,1700-2199,normal,0,0,0,,,estimated_rule,1987-01,bearish,7290,>=4800
1987-W06,1987-02-02,1987-02-06,1987,6,99.29,101.21,97.87,100.83,3340,>=2200,bullish,fri,tue,1540,380,1420,88.62,3,2,5,0,0,bullish,3130,>=2200,nfp,1,0,1,,1987-02-06,estimated_rule,1987-02,bearish,3340,2800-3599
1987-W07,1987-02-09,1987-02-13,1987,7,100.02,100.57,98.19,99.33,2380,>=2200,bearish,mon,tue,690,550,1140,47.9,3,2,5,0,0,bullish,3340,>=2200,normal,0,0,0,,,estimated_rule,1987-02,bearish,3340,2800-3599
1987-W08,1987-02-16,1987-02-20,1987,8,99.92,100.64,98.8,99.41,1840,1700-2199,bearish,thu,tue,510,720,610,33.15,1,4,5,0,0,bearish,2380,>=2200,cpi,1,1,0,1987-02-18,,estimated_rule,1987-02,bearish,3340,2800-3599
1987-W09,1987-02-23,1987-02-27,1987,9,99.48,100.06,98.83,99.26,1230,1100-1349,bearish,tue,thu,220,580,430,34.96,2,3,5,0,0,bearish,1840,1700-2199,normal,0,0,0,,,estimated_rule,1987-02,bearish,3340,2800-3599
1987-W10,1987-03-02,1987-03-06,1987,10,99.17,99.82,99.07,99.57,750,<850,bullish,thu,thu,400,250,100,66.67,3,2,5,0,0,bearish,1230,1100-1349,nfp,1,0,1,,1987-03-06,estimated_rule,1987-03,bearish,3630,3600-4799
1987-W11,1987-03-09,1987-03-13,1987,11,99.86,100.44,99.63,99.68,810,<850,bearish,wed,fri,180,580,50,6.17,1,4,5,0,0,bullish,750,<850,normal,0,0,0,,,estimated_rule,1987-03,bearish,3630,3600-4799
1987-W12,1987-03-16,1987-03-20,1987,12,99.22,99.29,98.51,98.53,780,<850,bearish,mon,fri,690,70,20,2.56,2,3,5,0,0,bearish,810,<850,cpi,1,1,0,1987-03-18,,estimated_rule,1987-03,bearish,3630,3600-4799
1987-W13,1987-03-23,1987-03-27,1987,13,98.15,98.56,97.46,97.64,1100,1100-1349,bearish,thu,tue,510,410,180,16.36,2,3,5,0,0,bearish,780,<850,normal,0,0,0,,,estimated_rule,1987-03,bearish,3630,3600-4799
1987-W14,1987-03-30,1987-04-03,1987,14,97.13,98.26,96.81,97.68,1450,1350-1699,bullish,wed,mon,550,580,320,60.0,2,3,5,0,0,bearish,1100,1100-1349,nfp,1,0,1,,1987-04-03,estimated_rule,1987-04,bearish,3190,2800-3599
1987-W15,1987-04-06,1987-04-10,1987,15,97.74,98.44,96.5,96.88,1940,1700-2199,bearish,wed,fri,860,700,380,19.59,3,2,5,0,0,bullish,1450,1350-1699,normal,0,0,0,,,estimated_rule,1987-04,bearish,3190,2800-3599
1987-W16,1987-04-13,1987-04-17,1987,16,96.74,97.32,96.11,96.95,1210,1100-1349,bullish,thu,tue,210,370,630,69.42,1,4,5,0,0,bearish,1940,1700-2199,cpi,1,1,0,1987-04-15,,estimated_rule,1987-04,bearish,3190,2800-3599
1987-W17,1987-04-20,1987-04-24,1987,17,96.96,97.49,95.61,95.82,1880,1700-2199,bearish,wed,fri,1140,530,210,11.17,2,3,5,0,0,bullish,1210,1100-1349,normal,0,0,0,,,estimated_rule,1987-04,bearish,3190,2800-3599
1987-W18,1987-04-27,1987-05-01,1987,18,95.25,96.45,95.25,95.37,1200,1100-1349,bullish,wed,mon,120,1080,0,10.0,3,2,5,0,0,bearish,1880,1700-2199,nfp,1,0,1,,1987-05-01,estimated_rule,1987-05,bullish,3160,2800-3599
1987-W19,1987-05-04,1987-05-08,1987,19,95.46,96.06,94.75,95.86,1310,1100-1349,bullish,fri,mon,400,200,710,84.73,3,2,5,0,0,bullish,1200,1100-1349,normal,0,0,0,,,estimated_rule,1987-05,bullish,3160,2800-3599
1987-W20,1987-05-11,1987-05-15,1987,20,96.21,96.36,95.24,95.38,1120,1100-1349,bearish,mon,fri,830,150,140,12.5,2,3,5,0,0,bullish,1310,1100-1349,normal,0,0,0,,,estimated_rule,1987-05,bullish,3160,2800-3599
1987-W21,1987-05-18,1987-05-22,1987,21,95.42,95.9,95.11,95.83,790,<850,bullish,fri,wed,410,70,310,91.14,3,2,5,0,0,bearish,1120,1100-1349,cpi,1,1,0,1987-05-20,,estimated_rule,1987-05,bullish,3160,2800-3599
1987-W22,1987-05-25,1987-05-29,1987,22,95.47,97.91,95.41,97.77,2500,>=2200,bullish,wed,mon,2300,140,60,94.4,3,2,5,0,0,bullish,790,<850,normal,0,0,0,,,estimated_rule,1987-05,bullish,3160,2800-3599
1987-W23,1987-06-01,1987-06-05,1987,23,98.3,98.43,96.46,97.57,1970,1700-2199,bearish,mon,tue,730,130,1110,56.35,3,2,5,0,0,bullish,2500,>=2200,nfp,1,0,1,,1987-06-05,estimated_rule,1987-06,bearish,3060,2800-3599
1987-W24,1987-06-08,1987-06-12,1987,24,96.79,97.31,96.0,97.2,1310,1100-1349,bullish,fri,wed,410,110,790,91.6,3,2,5,0,0,bearish,1970,1700-2199,normal,0,0,0,,,estimated_rule,1987-06,bearish,3060,2800-3599
1987-W25,1987-06-15,1987-06-19,1987,25,97.75,98.28,97.61,98.15,670,<850,bullish,fri,tue,400,130,140,80.6,5,0,5,0,0,bullish,1310,1100-1349,cpi,1,1,0,1987-06-17,,estimated_rule,1987-06,bearish,3060,2800-3599
1987-W26,1987-06-22,1987-06-26,1987,26,98.45,99.06,97.63,98.18,1430,1350-1699,bearish,tue,wed,270,610,550,38.46,3,2,5,0,0,bullish,670,<850,normal,0,0,0,,,estimated_rule,1987-06,bearish,3060,2800-3599
1987-W27,1987-06-29,1987-07-03,1987,27,98.37,98.53,97.97,98.41,560,<850,bullish,tue,wed,40,120,400,78.57,4,1,5,0,0,bearish,1430,1350-1699,nfp,1,0,1,,1987-07-03,estimated_rule,1987-07,bullish,2260,2200-2799
1987-W28,1987-07-06,1987-07-10,1987,28,98.99,99.27,98.62,99.17,650,<850,bullish,wed,thu,180,100,370,84.62,3,2,5,0,0,bullish,560,<850,normal,0,0,0,,,estimated_rule,1987-07,bullish,2260,2200-2799
1987-W29,1987-07-13,1987-07-17,1987,29,99.27,100.06,98.13,100.01,1930,1700-2199,bullish,fri,wed,740,50,1140,97.41,3,2,5,0,0,bullish,650,<850,cpi,1,1,0,1987-07-15,,estimated_rule,1987-07,bullish,2260,2200-2799
1987-W30,1987-07-20,1987-07-24,1987,30,99.9,100.23,99.35,99.55,880,850-1099,bearish,mon,fri,350,330,200,22.73,5,0,5,0,0,bullish,1930,1700-2199,normal,0,0,0,,,estimated_rule,1987-07,bullish,2260,2200-2799
1987-W31,1987-07-27,1987-07-31,1987,31,99.38,99.98,99.36,99.79,620,<850,bullish,thu,mon,410,190,20,69.35,3,2,5,0,0,bearish,880,850-1099,normal,0,0,0,,,estimated_rule,1987-07,bullish,2260,2200-2799
1987-W32,1987-08-03,1987-08-07,1987,32,99.77,101.35,99.72,101.29,1630,1350-1699,bullish,fri,mon,1520,60,50,96.32,4,1,5,0,0,bullish,620,<850,nfp,1,0,1,,1987-08-07,estimated_rule,1987-08,bearish,4790,3600-4799
1987-W33,1987-08-10,1987-08-14,1987,33,101.34,101.74,100.16,100.51,1580,1350-1699,bearish,tue,fri,830,400,350,22.15,0,5,5,0,0,bullish,1630,1350-1699,normal,0,0,0,,,estimated_rule,1987-08,bearish,4790,3600-4799
1987-W34,1987-08-17,1987-08-21,1987,34,100.6,100.6,97.24,97.27,3360,>=2200,bearish,mon,fri,3330,0,30,0.89,1,4,5,0,0,bearish,1580,1350-1699,cpi,1,1,0,1987-08-19,,estimated_rule,1987-08,bearish,4790,3600-4799
1987-W35,1987-08-24,1987-08-28,1987,35,97.67,98.2,96.95,97.09,1250,1100-1349,bearish,wed,thu,580,530,140,11.2,1,4,5,0,0,bearish,3360,>=2200,normal,0,0,0,,,estimated_rule,1987-08,bearish,4790,3600-4799
1987-W36,1987-08-31,1987-09-04,1987,36,97.3,97.42,95.97,96.45,1450,1350-1699,bearish,mon,thu,850,120,480,33.1,2,3,5,0,0,bearish,1250,1100-1349,nfp,1,0,1,,1987-09-04,estimated_rule,1987-09,bullish,2720,2200-2799
1987-W37,1987-09-07,1987-09-11,1987,37,96.38,97.11,96.1,97.01,1010,850-1099,bullish,fri,tue,630,100,280,90.1,3,2,5,0,0,bearish,1450,1350-1699,normal,0,0,0,,,estimated_rule,1987-09,bullish,2720,2200-2799
1987-W38,1987-09-14,1987-09-18,1987,38,97.42,97.73,96.61,96.71,1120,1100-1349,bearish,mon,fri,710,310,100,8.93,2,3,5,0,0,bullish,1010,850-1099,cpi,1,1,0,1987-09-16,,estimated_rule,1987-09,bullish,2720,2200-2799
1987-W39,1987-09-21,1987-09-25,1987,39,96.94,97.82,96.9,97.4,920,850-1099,bullish,wed,mon,460,420,40,54.35,2,3,5,0,0,bearish,1120,1100-1349,normal,0,0,0,,,estimated_rule,1987-09,bullish,2720,2200-2799
1987-W40,1987-09-28,1987-10-02,1987,40,97.63,98.81,97.52,98.64,1290,1100-1349,bullish,thu,mon,1010,170,110,86.82,3,2,5,0,0,bullish,920,850-1099,nfp,1,0,1,,1987-10-02,estimated_rule,1987-10,bearish,5550,>=4800
1987-W41,1987-10-05,1987-10-09,1987,41,98.61,98.68,96.85,96.85,1830,1700-2199,bearish,mon,fri,1760,70,0,0.0,0,5,5,0,0,bullish,1290,1100-1349,normal,0,0,0,,,estimated_rule,1987-10,bearish,5550,>=4800
1987-W42,1987-10-12,1987-10-16,1987,42,96.99,97.46,96.16,96.33,1300,1100-1349,bearish,wed,thu,660,470,170,13.08,2,3,5,0,0,bearish,1830,1700-2199,normal,0,0,0,,,estimated_rule,1987-10,bearish,5550,>=4800
1987-W43,1987-10-19,1987-10-23,1987,43,95.29,97.51,95.07,95.68,2440,>=2200,bullish,thu,mon,390,1830,220,25.0,4,1,5,0,0,bearish,1300,1100-1349,cpi,1,1,0,1987-10-21,,estimated_rule,1987-10,bearish,5550,>=4800
1987-W44,1987-10-26,1987-10-30,1987,44,95.15,95.6,93.26,93.65,2340,>=2200,bearish,tue,thu,1500,450,390,16.67,2,3,5,0,0,bullish,2440,>=2200,normal,0,0,0,,,estimated_rule,1987-10,bearish,5550,>=4800
1987-W45,1987-11-02,1987-11-06,1987,45,93.24,93.36,90.84,91.09,2520,>=2200,bearish,mon,thu,2150,120,250,9.92,1,4,5,0,0,bearish,2340,>=2200,nfp,1,0,1,,1987-11-06,estimated_rule,1987-11,bearish,4330,3600-4799
1987-W46,1987-11-09,1987-11-13,1987,46,91.04,92.18,90.0,91.73,2180,1700-2199,bullish,thu,tue,690,450,1040,79.36,3,2,5,0,0,bearish,2520,>=2200,normal,0,0,0,,,estimated_rule,1987-11,bearish,4330,3600-4799
1987-W47,1987-11-16,1987-11-20,1987,47,92.81,92.91,90.35,91.26,2560,>=2200,bearish,mon,fri,1550,100,910,35.55,2,3,5,0,0,bullish,2180,1700-2199,cpi,1,1,0,1987-11-18,,estimated_rule,1987-11,bearish,4330,3600-4799
1987-W48,1987-11-23,1987-11-27,1987,48,90.62,91.62,89.98,90.0,1640,1350-1699,bearish,tue,fri,620,1000,20,1.22,3,2,5,0,0,bearish,2560,>=2200,normal,0,0,0,,,estimated_rule,1987-11,bearish,4330,3600-4799
1987-W49,1987-11-30,1987-12-04,1987,49,89.12,90.73,89.03,90.47,1700,1700-2199,bullish,fri,mon,1350,260,90,84.71,4,1,5,0,0,bearish,1640,1350-1699,nfp,1,0,1,,1987-12-04,estimated_rule,1987-12,bearish,5460,>=4800
1987-W50,1987-12-07,1987-12-11,1987,50,90.53,90.79,88.49,88.54,2300,>=2200,bearish,mon,fri,1990,260,50,2.17,2,3,5,0,0,bullish,1700,1700-2199,normal,0,0,0,,,estimated_rule,1987-12,bearish,5460,>=4800
1987-W51,1987-12-14,1987-12-18,1987,51,88.19,88.72,87.71,88.56,1010,850-1099,bullish,tue,thu,370,160,480,84.16,3,2,5,0,0,bearish,2300,>=2200,cpi,1,1,0,1987-12-16,,estimated_rule,1987-12,bearish,5460,>=4800
1987-W52,1987-12-21,1987-12-25,1987,52,88.32,88.84,88.03,88.11,810,<850,bearish,wed,thu,210,520,80,9.88,1,4,5,0,0,bullish,1010,850-1099,normal,0,0,0,,,estimated_rule,1987-12,bearish,5460,>=4800
1987-W53,1987-12-28,1988-01-01,1987,53,86.86,86.9,85.33,85.42,1570,1350-1699,bearish,tue,thu,1440,40,90,5.73,1,4,5,0,0,bearish,810,<850,nfp,1,0,1,,1988-01-01,estimated_rule,1988-01,bullish,5480,>=4800
1988-W01,1988-01-04,1988-01-08,1988,1,85.9,89.75,85.87,89.0,3880,>=2200,bullish,wed,mon,3100,750,30,80.67,3,2,5,0,0,bearish,1570,1350-1699,normal,0,0,0,,,estimated_rule,1988-01,bullish,5480,>=4800
1988-W02,1988-01-11,1988-01-15,1988,2,88.67,90.81,87.93,90.75,2880,>=2200,bullish,fri,wed,2080,60,740,97.92,3,2,5,0,0,bullish,3880,>=2200,normal,0,0,0,,,estimated_rule,1988-01,bullish,5480,>=4800
1988-W03,1988-01-18,1988-01-22,1988,3,90.71,90.8,89.27,89.69,1530,1350-1699,bearish,mon,wed,1020,90,420,27.45,1,4,5,0,0,bullish,2880,>=2200,cpi,1,1,0,1988-01-20,,estimated_rule,1988-01,bullish,5480,>=4800
1988-W04,1988-01-25,1988-01-29,1988,4,89.97,90.37,89.59,90.34,780,<850,bullish,fri,thu,370,30,380,96.15,2,3,5,0,0,bearish,1530,1350-1699,normal,0,0,0,,,estimated_rule,1988-01,bullish,5480,>=4800
1988-W05,1988-02-01,1988-02-05,1988,5,90.88,91.29,90.3,91.15,990,850-1099,bullish,fri,tue,270,140,580,85.86,2,3,5,0,0,bullish,780,<850,nfp,1,0,1,,1988-02-05,estimated_rule,1988-02,bearish,1740,1600-2199
1988-W06,1988-02-08,1988-02-12,1988,6,91.24,92.04,90.62,91.85,1420,1350-1699,bullish,fri,wed,610,190,620,86.62,3,2,5,0,0,bullish,990,850-1099,normal,0,0,0,,,estimated_rule,1988-02,bearish,1740,1600-2199
1988-W07,1988-02-15,1988-02-19,1988,7,91.2,92.04,91.2,91.56,840,<850,bullish,mon,mon,360,480,0,42.86,3,2,5,0,0,bullish,1420,1350-1699,cpi,1,1,0,1988-02-17,,estimated_rule,1988-02,bearish,1740,1600-2199
1988-W08,1988-02-22,1988-02-26,1988,8,91.32,91.35,90.42,90.53,930,850-1099,bearish,mon,fri,790,30,110,11.83,1,4,5,0,0,bullish,840,<850,normal,0,0,0,,,estimated_rule,1988-02,bearish,1740,1600-2199
1988-W09,1988-02-29,1988-03-04,1988,9,90.54,90.96,90.36,90.56,600,<850,bullish,wed,tue,20,400,180,33.33,1,4,5,0,0,bearish,930,850-1099,nfp,1,0,1,,1988-03-04,estimated_rule,1988-03,bearish,2800,2800-3599
1988-W10,1988-03-07,1988-03-11,1988,10,90.22,90.27,89.01,89.02,1260,1100-1349,bearish,mon,fri,1200,50,10,0.79,0,5,5,0,0,bullish,600,<850,normal,0,0,0,,,estimated_rule,1988-03,bearish,2800,2800-3599
1988-W11,1988-03-14,1988-03-18,1988,11,88.93,90.57,88.82,90.51,1750,1700-2199,bullish,fri,mon,1580,60,110,96.57,5,0,5,0,0,bearish,1260,1100-1349,cpi,1,1,0,1988-03-16,,estimated_rule,1988-03,bearish,2800,2800-3599
1988-W12,1988-03-21,1988-03-25,1988,12,90.13,90.36,89.31,89.35,1050,850-1099,bearish,tue,fri,780,230,40,3.81,0,5,5,0,0,bullish,1750,1700-2199,normal,0,0,0,,,estimated_rule,1988-03,bearish,2800,2800-3599
1988-W13,1988-03-28,1988-04-01,1988,13,88.76,88.96,88.16,88.3,800,<850,bearish,wed,thu,460,200,140,17.5,0,5,5,0,0,bearish,1050,850-1099,nfp,1,0,1,,1988-04-01,estimated_rule,1988-04,bullish,2250,2200-2799
1988-W14,1988-04-04,1988-04-08,1988,14,88.37,89.5,87.87,89.14,1630,1350-1699,bullish,wed,mon,770,360,500,77.91,2,3,5,0,0,bearish,800,<850,normal,0,0,0,,,estimated_rule,1988-04,bullish,2250,2200-2799
1988-W15,1988-04-11,1988-04-15,1988,15,89.68,90.12,88.28,88.31,1840,1700-2199,bearish,wed,fri,1370,440,30,1.63,2,3,5,0,0,bullish,1630,1350-1699,normal,0,0,0,,,estimated_rule,1988-04,bullish,2250,2200-2799
1988-W16,1988-04-18,1988-04-22,1988,16,88.39,88.96,88.16,88.89,800,<850,bullish,fri,mon,500,70,230,91.25,4,1,5,0,0,bearish,1840,1700-2199,cpi,1,1,0,1988-04-20,,estimated_rule,1988-04,bullish,2250,2200-2799
1988-W17,1988-04-25,1988-04-29,1988,17,88.95,89.24,88.7,89.16,540,<850,bullish,wed,fri,210,80,250,85.19,3,2,5,0,0,bullish,800,<850,normal,0,0,0,,,estimated_rule,1988-04,bullish,2250,2200-2799
1988-W18,1988-05-02,1988-05-06,1988,18,89.3,89.55,89.08,89.3,470,<850,bullish,thu,tue,0,250,220,46.81,3,2,5,0,0,bullish,540,<850,nfp,1,0,1,,1988-05-06,estimated_rule,1988-05,bullish,2180,1600-2199
1988-W19,1988-05-09,1988-05-13,1988,19,89.18,89.3,88.94,89.19,360,<850,bullish,mon,wed,10,110,240,69.44,3,2,5,0,0,bullish,470,<850,normal,0,0,0,,,estimated_rule,1988-05,bullish,2180,1600-2199
1988-W20,1988-05-16,1988-05-20,1988,20,89.32,90.27,89.23,89.95,1040,850-1099,bullish,tue,mon,630,320,90,69.23,3,2,5,0,0,bullish,360,<850,cpi,1,1,0,1988-05-18,,estimated_rule,1988-05,bullish,2180,1600-2199
1988-W21,1988-05-23,1988-05-27,1988,21,89.95,90.57,89.71,90.48,860,850-1099,bullish,fri,tue,530,90,240,89.54,3,2,5,0,0,bullish,1040,850-1099,normal,0,0,0,,,estimated_rule,1988-05,bullish,2180,1600-2199
1988-W22,1988-05-30,1988-06-03,1988,22,90.21,91.64,90.21,91.3,1430,1350-1699,bullish,thu,mon,1090,340,0,76.22,4,1,5,0,0,bullish,860,850-1099,nfp,1,0,1,,1988-06-03,estimated_rule,1988-06,bullish,5600,>=4800
1988-W23,1988-06-06,1988-06-10,1988,23,91.16,91.18,90.49,90.82,690,<850,bearish,mon,thu,340,20,330,47.83,2,3,5,0,0,bullish,1430,1350-1699,normal,0,0,0,,,estimated_rule,1988-06,bullish,5600,>=4800
1988-W24,1988-06-13,1988-06-17,1988,24,90.95,92.26,90.89,92.05,1370,1350-1699,bullish,wed,mon,1100,210,60,84.67,3,2,5,0,0,bearish,690,<850,cpi,1,1,0,1988-06-15,,estimated_rule,1988-06,bullish,5600,>=4800
1988-W25,1988-06-20,1988-06-24,1988,25,92.17,95.01,92.1,94.92,2910,>=2200,bullish,fri,mon,2750,90,70,96.91,3,2,5,0,0,bullish,1370,1350-1699,normal,0,0,0,,,estimated_rule,1988-06,bullish,5600,>=4800
1988-W26,1988-06-27,1988-07-01,1988,26,95.58,96.09,94.41,95.89,1680,1350-1699,bullish,wed,tue,310,200,1170,88.1,1,4,5,0,0,bullish,2910,>=2200,nfp,1,0,1,,1988-07-01,estimated_rule,1988-07,bullish,3530,2800-3599
1988-W27,1988-07-04,1988-07-08,1988,27,95.94,96.41,95.07,96.36,1340,1100-1349,bullish,fri,thu,420,50,870,96.27,2,3,5,0,0,bullish,1680,1350-1699,normal,0,0,0,,,estimated_rule,1988-07,bullish,3530,2800-3599
1988-W28,1988-07-11,1988-07-15,1988,28,96.36,98.15,96.07,98.13,2080,1700-2199,bullish,fri,tue,1770,20,290,99.04,4,1,5,0,0,bullish,1340,1100-1349,normal,0,0,0,,,estimated_rule,1988-07,bullish,3530,2800-3599
1988-W29,1988-07-18,1988-07-22,1988,29,98.55,98.6,95.18,95.28,3420,>=2200,bearish,mon,fri,3270,50,100,2.92,2,3,5,0,0,bullish,2080,1700-2199,cpi,1,1,0,1988-07-20,,estimated_rule,1988-07,bullish,3530,2800-3599
1988-W30,1988-07-25,1988-07-29,1988,30,95.88,97.55,95.74,97.53,1810,1700-2199,bullish,fri,mon,1650,20,140,98.89,4,1,5,0,0,bearish,3420,>=2200,normal,0,0,0,,,estimated_rule,1988-07,bullish,3530,2800-3599
1988-W31,1988-08-01,1988-08-05,1988,31,97.42,98.27,96.96,98.22,1310,1100-1349,bullish,fri,tue,800,50,460,96.18,2,3,5,0,0,bullish,1810,1700-2199,nfp,1,0,1,,1988-08-05,estimated_rule,1988-08,bullish,2750,2200-2799
1988-W32,1988-08-08,1988-08-12,1988,32,98.48,99.47,97.61,97.93,1860,1700-2199,bearish,wed,fri,550,990,320,17.2,1,4,5,0,0,bullish,1310,1100-1349,normal,0,0,0,,,estimated_rule,1988-08,bullish,2750,2200-2799
1988-W33,1988-08-15,1988-08-19,1988,33,97.94,99.29,96.86,98.53,2430,>=2200,bullish,wed,tue,590,760,1080,68.72,4,1,5,0,0,bearish,1860,1700-2199,cpi,1,1,0,1988-08-17,,estimated_rule,1988-08,bullish,2750,2200-2799
1988-W34,1988-08-22,1988-08-26,1988,34,99.33,99.61,97.33,97.49,2280,>=2200,bearish,mon,fri,1840,280,160,7.02,1,4,5,0,0,bullish,2430,>=2200,normal,0,0,0,,,estimated_rule,1988-08,bullish,2750,2200-2799
1988-W35,1988-08-29,1988-09-02,1988,35,97.82,98.65,97.4,97.54,1250,1100-1349,bearish,thu,fri,280,830,140,11.2,3,2,5,0,0,bearish,2280,>=2200,nfp,1,0,1,,1988-09-02,estimated_rule,1988-09,bearish,2000,1600-2199
1988-W36,1988-09-05,1988-09-09,1988,36,98.51,98.52,96.83,97.21,1690,1350-1699,bearish,mon,wed,1300,10,380,22.49,1,4,5,0,0,bearish,1250,1100-1349,normal,0,0,0,,,estimated_rule,1988-09,bearish,2000,1600-2199
1988-W37,1988-09-12,1988-09-16,1988,37,97.11,98.35,96.92,98.03,1430,1350-1699,bullish,wed,mon,920,320,190,77.62,2,3,5,0,0,bearish,1690,1350-1699,normal,0,0,0,,,estimated_rule,1988-09,bearish,2000,1600-2199
1988-W38,1988-09-19,1988-09-23,1988,38,97.86,98.43,97.58,98.12,850,850-1099,bullish,thu,tue,260,310,280,63.53,1,4,5,0,0,bullish,1430,1350-1699,cpi,1,1,0,1988-09-21,,estimated_rule,1988-09,bearish,2000,1600-2199
1988-W39,1988-09-26,1988-09-30,1988,39,98.75,98.83,97.64,97.69,1190,1100-1349,bearish,mon,fri,1060,80,50,4.2,1,4,5,0,0,bullish,850,850-1099,normal,0,0,0,,,estimated_rule,1988-09,bearish,2000,1600-2199
1988-W40,1988-10-03,1988-10-07,1988,40,97.65,97.65,97.15,97.33,500,<850,bearish,mon,fri,320,0,180,36.0,2,3,5,0,0,bearish,1190,1100-1349,nfp,1,0,1,,1988-10-07,estimated_rule,1988-10,bearish,4830,>=4800
1988-W41,1988-10-10,1988-10-14,1988,41,96.96,96.99,94.3,94.37,2690,>=2200,bearish,mon,fri,2590,30,70,2.6,1,4,5,0,0,bearish,500,<850,normal,0,0,0,,,estimated_rule,1988-10,bearish,4830,>=4800
1988-W42,1988-10-17,1988-10-21,1988,42,94.68,94.79,93.34,93.39,1450,1350-1699,bearish,mon,fri,1290,110,50,3.45,1,4,5,0,0,bearish,2690,>=2200,cpi,1,1,0,1988-10-19,,estimated_rule,1988-10,bearish,4830,>=4800
1988-W43,1988-10-24,1988-10-28,1988,43,93.82,94.22,92.85,93.04,1370,1350-1699,bearish,tue,thu,780,400,190,13.87,1,4,5,0,0,bearish,1450,1350-1699,normal,0,0,0,,,estimated_rule,1988-10,bearish,4830,>=4800
1988-W44,1988-10-31,1988-11-04,1988,44,92.87,93.96,92.76,93.8,1200,1100-1349,bullish,fri,wed,930,160,110,86.67,3,2,5,0,0,bearish,1370,1350-1699,nfp,1,0,1,,1988-11-04,estimated_rule,1988-11,bearish,3910,3600-4799
1988-W45,1988-11-07,1988-11-11,1988,45,93.53,93.87,91.41,91.53,2460,>=2200,bearish,tue,fri,2000,340,120,4.88,1,4,5,0,0,bullish,1200,1100-1349,normal,0,0,0,,,estimated_rule,1988-11,bearish,3910,3600-4799
1988-W46,1988-11-14,1988-11-18,1988,46,92.08,92.09,90.62,91.43,1470,1350-1699,bearish,mon,thu,650,10,810,55.1,1,4,5,0,0,bearish,2460,>=2200,cpi,1,1,0,1988-11-16,,estimated_rule,1988-11,bearish,3910,3600-4799
1988-W47,1988-11-21,1988-11-25,1988,47,91.22,91.31,90.05,90.12,1260,1100-1349,bearish,mon,fri,1100,90,70,5.56,0,5,5,0,0,bearish,1470,1350-1699,normal,0,0,0,,,estimated_rule,1988-11,bearish,3910,3600-4799
1988-W48,1988-11-28,1988-12-02,1988,48,90.83,90.97,90.04,90.06,930,850-1099,bearish,fri,fri,770,140,20,2.15,3,2,5,0,0,bearish,1260,1100-1349,nfp,1,0,1,,1988-12-02,estimated_rule,1988-12,bullish,3620,3600-4799
1988-W49,1988-12-05,1988-12-09,1988,49,90.08,92.29,90.05,90.84,2240,>=2200,bullish,wed,mon,760,1450,30,35.27,3,2,5,0,0,bearish,930,850-1099,normal,0,0,0,,,estimated_rule,1988-12,bullish,3620,3600-4799
1988-W50,1988-12-12,1988-12-16,1988,50,91.06,92.37,90.92,92.09,1450,1350-1699,bullish,fri,wed,1030,280,140,80.69,4,1,5,0,0,bullish,2240,>=2200,normal,0,0,0,,,estimated_rule,1988-12,bullish,3620,3600-4799
1988-W51,1988-12-19,1988-12-23,1988,51,92.02,93.01,91.87,92.66,1140,1100-1349,bullish,tue,mon,640,350,150,69.3,2,3,5,0,0,bullish,1450,1350-1699,cpi,1,1,0,1988-12-21,,estimated_rule,1988-12,bullish,3620,3600-4799
1988-W52,1988-12-26,1988-12-30,1988,52,92.77,93.66,92.44,92.5,1220,1100-1349,bearish,wed,fri,270,890,60,4.92,2,3,5,0,0,bullish,1140,1100-1349,normal,0,0,0,,,estimated_rule,1988-12,bullish,3620,3600-4799
1989-W01,1989-01-02,1989-01-06,1989,1,92.6,94.43,91.77,94.36,2660,>=2200,bullish,fri,tue,1760,70,830,97.37,4,1,5,0,0,bearish,1220,1100-1349,nfp,1,0,1,,1989-01-06,estimated_rule,1989-01,bullish,5070,>=4800
1989-W02,1989-01-09,1989-01-13,1989,2,95.07,95.43,94.36,95.32,1070,850-1099,bullish,fri,thu,250,110,710,89.72,3,2,5,0,0,bullish,2660,>=2200,normal,0,0,0,,,estimated_rule,1989-01,bullish,5070,>=4800
1989-W03,1989-01-16,1989-01-20,1989,3,95.84,96.8,95.06,95.09,1740,1700-2199,bearish,thu,fri,750,960,30,1.72,3,2,5,0,0,bullish,1070,850-1099,cpi,1,1,0,1989-01-18,,estimated_rule,1989-01,bullish,5070,>=4800
1989-W04,1989-01-23,1989-01-27,1989,4,95.5,96.33,94.48,96.19,1850,1700-2199,bullish,fri,tue,690,140,1020,92.43,3,2,5,0,0,bearish,1740,1700-2199,normal,0,0,0,,,estimated_rule,1989-01,bullish,5070,>=4800
1989-W05,1989-01-30,1989-02-03,1989,5,96.44,97.15,95.98,96.74,1170,1100-1349,bullish,fri,mon,300,410,460,64.96,2,3,5,0,0,bullish,1850,1700-2199,nfp,1,0,1,,1989-02-03,estimated_rule,1989-02,bearish,2780,2200-2799
1989-W06,1989-02-06,1989-02-10,1989,6,97.14,97.17,95.13,96.38,2040,1700-2199,bearish,mon,fri,760,30,1250,61.27,2,3,5,0,0,bullish,1170,1100-1349,normal,0,0,0,,,estimated_rule,1989-02,bearish,2780,2200-2799
1989-W07,1989-02-13,1989-02-17,1989,7,96.4,96.55,94.51,94.9,2040,1700-2199,bearish,mon,wed,1500,150,390,19.12,1,4,5,0,0,bearish,2040,1700-2199,cpi,1,1,0,1989-02-15,,estimated_rule,1989-02,bearish,2780,2200-2799
1989-W08,1989-02-20,1989-02-24,1989,8,94.84,95.83,94.39,94.66,1440,1350-1699,bearish,tue,thu,180,990,270,18.75,1,4,5,0,0,bearish,2040,1700-2199,normal,0,0,0,,,estimated_rule,1989-02,bearish,2780,2200-2799
1989-W09,1989-02-27,1989-03-03,1989,9,94.46,96.01,94.39,95.78,1620,1350-1699,bullish,thu,mon,1320,230,70,85.8,3,2,5,0,0,bearish,1440,1350-1699,nfp,1,0,1,,1989-03-03,estimated_rule,1989-03,bullish,2960,2800-3599
1989-W10,1989-03-06,1989-03-10,1989,10,95.87,96.73,95.84,96.49,890,850-1099,bullish,fri,mon,620,240,30,73.03,3,2,5,0,0,bullish,1620,1350-1699,normal,0,0,0,,,estimated_rule,1989-03,bullish,2960,2800-3599
1989-W11,1989-03-13,1989-03-17,1989,11,96.65,97.37,96.34,97.31,1030,850-1099,bullish,fri,tue,660,60,310,94.17,4,1,5,0,0,bullish,890,850-1099,cpi,1,1,0,1989-03-15,,estimated_rule,1989-03,bullish,2960,2800-3599
1989-W12,1989-03-20,1989-03-24,1989,12,97.26,97.47,96.65,96.99,820,<850,bearish,mon,thu,270,210,340,41.46,2,3,5,0,0,bullish,1030,850-1099,normal,0,0,0,,,estimated_rule,1989-03,bullish,2960,2800-3599
1989-W13,1989-03-27,1989-03-31,1989,13,97.5,98.53,97.46,98.14,1070,850-1099,bullish,thu,mon,640,390,40,63.55,5,0,5,0,0,bearish,820,<850,normal,0,0,0,,,estimated_rule,1989-03,bullish,2960,2800-3599
1989-W14,1989-04-03,1989-04-07,1989,14,98.01,98.04,96.73,97.52,1310,1100-1349,bearish,mon,tue,490,30,790,60.3,1,4,5,0,0,bullish,1070,850-1099,nfp,1,0,1,,1989-04-07,estimated_rule,1989-04,bearish,1930,1600-2199
1989-W15,1989-04-10,1989-04-14,1989,15,97.54,97.89,96.92,96.93,970,850-1099,bearish,tue,fri,610,350,10,1.03,2,3,5,0,0,bearish,1310,1100-1349,normal,0,0,0,,,estimated_rule,1989-04,bearish,1930,1600-2199
1989-W16,1989-04-17,1989-04-21,1989,16,96.74,96.95,96.11,96.36,840,<850,bearish,tue,thu,380,210,250,29.76,3,2,5,0,0,bearish,970,850-1099,cpi,1,1,0,1989-04-19,,estimated_rule,1989-04,bearish,1930,1600-2199
1989-W17,1989-04-24,1989-04-28,1989,17,96.56,97.97,96.56,97.71,1410,1350-1699,bullish,wed,mon,1150,260,0,81.56,4,1,5,0,0,bearish,840,<850,normal,0,0,0,,,estimated_rule,1989-04,bearish,1930,1600-2199
1989-W18,1989-05-01,1989-05-05,1989,18,98.06,98.55,97.89,98.42,660,<850,bullish,fri,fri,360,130,170,80.3,4,1,5,0,0,bullish,1410,1350-1699,nfp,1,0,1,,1989-05-05,estimated_rule,1989-05,bullish,6390,>=4800
1989-W19,1989-05-08,1989-05-12,1989,19,98.53,99.48,98.4,99.44,1080,850-1099,bullish,fri,mon,910,40,130,96.3,3,2,5,0,0,bullish,660,<850,normal,0,0,0,,,estimated_rule,1989-05,bullish,6390,>=4800
1989-W20,1989-05-15,1989-05-19,1989,20,100.59,102.45,100.13,101.97,2320,>=2200,bullish,thu,tue,1380,480,460,79.31,3,2,5,0,0,bullish,1080,850-1099,cpi,1,1,0,1989-05-17,,estimated_rule,1989-05,bullish,6390,>=4800
1989-W21,1989-05-22,1989-05-26,1989,21,103.92,104.28,101.41,102.52,2870,>=2200,bearish,wed,fri,1400,360,1110,38.68,3,2,5,0,0,bullish,2320,>=2200,normal,0,0,0,,,estimated_rule,1989-05,bullish,6390,>=4800
1989-W22,1989-05-29,1989-06-02,1989,22,101.53,104.18,101.13,101.22,3050,>=2200,bearish,tue,fri,310,2650,90,2.95,1,4,5,0,0,bearish,2870,>=2200,nfp,1,0,1,,1989-06-02,estimated_rule,1989-06,bearish,5900,>=4800
1989-W23,1989-06-05,1989-06-09,1989,23,101.67,104.34,101.66,104.32,2680,>=2200,bullish,fri,mon,2650,20,10,99.25,4,1,5,0,0,bearish,3050,>=2200,normal,0,0,0,,,estimated_rule,1989-06,bearish,5900,>=4800
1989-W24,1989-06-12,1989-06-16,1989,24,105.31,106.56,103.11,103.33,3450,>=2200,bearish,thu,fri,1980,1250,220,6.38,1,4,5,0,0,bullish,2680,>=2200,normal,0,0,0,,,estimated_rule,1989-06,bearish,5900,>=4800
1989-W25,1989-06-19,1989-06-23,1989,25,103.53,103.74,100.66,100.93,3080,>=2200,bearish,wed,fri,2600,210,270,8.77,1,4,5,0,0,bearish,3450,>=2200,cpi,1,1,0,1989-06-21,,estimated_rule,1989-06,bearish,5900,>=4800
1989-W26,1989-06-26,1989-06-30,1989,26,101.65,102.47,101.33,102.02,1140,1100-1349,bullish,wed,tue,370,450,320,60.53,3,2,5,0,0,bearish,3080,>=2200,normal,0,0,0,,,estimated_rule,1989-06,bearish,5900,>=4800
1989-W27,1989-07-03,1989-07-07,1989,27,101.21,101.24,98.25,98.31,2990,>=2200,bearish,mon,fri,2900,30,60,2.01,0,5,5,0,0,bullish,1140,1100-1349,nfp,1,0,1,,1989-07-07,estimated_rule,1989-07,bearish,3950,3600-4799
1989-W28,1989-07-10,1989-07-14,1989,28,97.69,99.99,97.66,99.99,2330,>=2200,bullish,fri,mon,2300,0,30,100.0,4,1,5,0,0,bearish,2990,>=2200,normal,0,0,0,,,estimated_rule,1989-07,bearish,3950,3600-4799
1989-W29,1989-07-17,1989-07-21,1989,29,100.06,100.67,99.15,99.8,1520,1350-1699,bearish,tue,tue,260,610,650,42.76,2,3,5,0,0,bullish,2330,>=2200,cpi,1,1,0,1989-07-19,,estimated_rule,1989-07,bearish,3950,3600-4799
1989-W30,1989-07-24,1989-07-28,1989,30,99.81,100.04,97.69,98.29,2350,>=2200,bearish,mon,thu,1520,230,600,25.53,2,3,5,0,0,bearish,1520,1350-1699,normal,0,0,0,,,estimated_rule,1989-07,bearish,3950,3600-4799
1989-W31,1989-07-31,1989-08-04,1989,31,97.47,99.57,96.76,99.52,2810,>=2200,bullish,fri,wed,2050,50,710,98.22,3,2,5,0,0,bearish,2350,>=2200,nfp,1,0,1,,1989-08-04,estimated_rule,1989-08,bullish,5700,>=4800
1989-W32,1989-08-07,1989-08-11,1989,32,99.8,101.22,98.47,101.03,2750,>=2200,bullish,fri,thu,1230,190,1330,93.09,3,2,5,0,0,bullish,2810,>=2200,normal,0,0,0,,,estimated_rule,1989-08,bullish,5700,>=4800
1989-W33,1989-08-14,1989-08-18,1989,33,100.96,102.46,100.75,101.73,1710,1700-2199,bullish,thu,mon,770,730,210,57.31,2,3,5,0,0,bullish,2750,>=2200,cpi,1,1,0,1989-08-16,,estimated_rule,1989-08,bullish,5700,>=4800
1989-W34,1989-08-21,1989-08-25,1989,34,101.79,102.06,100.89,101.85,1170,1100-1349,bullish,thu,tue,60,210,900,82.05,1,4,5,0,0,bullish,1710,1700-2199,normal,0,0,0,,,estimated_rule,1989-08,bullish,5700,>=4800
1989-W35,1989-08-28,1989-09-01,1989,35,102.09,102.95,100.63,102.83,2320,>=2200,bullish,fri,tue,740,120,1460,94.83,3,2,5,0,0,bullish,1170,1100-1349,nfp,1,0,1,,1989-09-01,estimated_rule,1989-09,bearish,6130,>=4800
1989-W36,1989-09-04,1989-09-08,1989,36,102.43,103.69,102.31,103.5,1380,1350-1699,bullish,fri,mon,1070,190,120,86.23,3,2,5,0,0,bullish,2320,>=2200,normal,0,0,0,,,estimated_rule,1989-09,bearish,6130,>=4800
1989-W37,1989-09-11,1989-09-15,1989,37,103.66,104.19,101.73,102.29,2460,>=2200,bearish,fri,fri,1370,530,560,22.76,2,3,5,0,0,bullish,1380,1350-1699,normal,0,0,0,,,estimated_rule,1989-09,bearish,6130,>=4800
1989-W38,1989-09-18,1989-09-22,1989,38,102.77,102.78,101.24,101.91,1540,1350-1699,bearish,mon,wed,860,10,670,43.51,1,4,5,0,0,bearish,2460,>=2200,cpi,1,1,0,1989-09-20,,estimated_rule,1989-09,bearish,6130,>=4800
1989-W39,1989-09-25,1989-09-29,1989,39,99.8,99.91,98.06,98.47,1850,1700-2199,bearish,mon,fri,1330,110,410,22.16,2,3,5,0,0,bearish,1540,1350-1699,normal,0,0,0,,,estimated_rule,1989-09,bearish,6130,>=4800
1989-W40,1989-10-02,1989-10-06,1989,40,98.68,99.98,98.31,99.48,1670,1350-1699,bullish,fri,thu,800,500,370,70.06,4,1,5,0,0,bearish,1850,1700-2199,nfp,1,0,1,,1989-10-06,estimated_rule,1989-10,bearish,3820,3600-4799
1989-W41,1989-10-09,1989-10-13,1989,41,99.66,101.31,99.21,99.77,2100,1700-2199,bullish,wed,fri,110,1540,450,26.67,3,2,5,0,0,bullish,1670,1350-1699,normal,0,0,0,,,estimated_rule,1989-10,bearish,3820,3600-4799
1989-W42,1989-10-16,1989-10-20,1989,42,98.19,99.19,97.73,98.58,1460,1350-1699,bullish,mon,thu,390,610,460,58.22,4,1,5,0,0,bullish,2100,1700-2199,cpi,1,1,0,1989-10-18,,estimated_rule,1989-10,bearish,3820,3600-4799
1989-W43,1989-10-23,1989-10-27,1989,43,98.58,98.64,97.49,97.63,1150,1100-1349,bearish,mon,tue,950,60,140,12.17,1,4,5,0,0,bullish,1460,1350-1699,normal,0,0,0,,,estimated_rule,1989-10,bearish,3820,3600-4799
1989-W44,1989-10-30,1989-11-03,1989,44,97.9,98.59,97.66,98.33,930,850-1099,bullish,thu,mon,430,260,240,72.04,3,2,5,0,0,bearish,1150,1100-1349,nfp,1,0,1,,1989-11-03,estimated_rule,1989-11,bearish,2930,2800-3599
1989-W45,1989-11-06,1989-11-10,1989,45,98.56,99.06,97.98,98.98,1080,850-1099,bullish,fri,thu,420,80,580,92.59,3,2,5,0,0,bullish,930,850-1099,normal,0,0,0,,,estimated_rule,1989-11,bearish,2930,2800-3599
1989-W46,1989-11-13,1989-11-17,1989,46,98.9,99.04,97.78,98.38,1260,1100-1349,bearish,mon,tue,520,140,600,47.62,1,4,5,0,0,bullish,1080,850-1099,cpi,1,1,0,1989-11-15,,estimated_rule,1989-11,bearish,2930,2800-3599
1989-W47,1989-11-20,1989-11-24,1989,47,98.59,98.6,97.1,97.14,1500,1350-1699,bearish,mon,fri,1450,10,40,2.67,3,2,5,0,0,bearish,1260,1100-1349,normal,0,0,0,,,estimated_rule,1989-11,bearish,2930,2800-3599
1989-W48,1989-11-27,1989-12-01,1989,48,96.84,97.08,96.13,96.57,950,850-1099,bearish,tue,tue,270,240,440,46.32,2,3,5,0,0,bearish,1500,1350-1699,nfp,1,0,1,,1989-12-01,estimated_rule,1989-12,bearish,4050,3600-4799
1989-W49,1989-12-04,1989-12-08,1989,49,96.41,96.65,95.75,96.05,900,850-1099,bearish,mon,wed,360,240,300,33.33,3,2,5,0,0,bearish,950,850-1099,normal,0,0,0,,,estimated_rule,1989-12,bearish,4050,3600-4799
1989-W50,1989-12-11,1989-12-15,1989,50,95.97,96.02,94.1,94.21,1920,1700-2199,bearish,mon,wed,1760,50,110,5.73,1,4,5,0,0,bearish,900,850-1099,normal,0,0,0,,,estimated_rule,1989-12,bearish,4050,3600-4799
1989-W51,1989-12-18,1989-12-22,1989,51,94.36,95.18,93.45,93.49,1730,1700-2199,bearish,wed,fri,870,820,40,2.31,1,4,5,0,0,bearish,1920,1700-2199,cpi,1,1,0,1989-12-20,,estimated_rule,1989-12,bearish,4050,3600-4799
1989-W52,1989-12-25,1989-12-29,1989,52,93.83,93.84,92.6,93.21,1240,1100-1349,bearish,mon,thu,620,10,610,49.19,3,2,5,0,0,bearish,1730,1700-2199,normal,0,0,0,,,estimated_rule,1989-12,bearish,4050,3600-4799
1990-W01,1990-01-01,1990-01-05,1990,1,93.19,94.52,92.39,92.85,2130,1700-2199,bearish,wed,thu,340,1330,460,21.6,3,2,5,0,0,bearish,1240,1100-1349,nfp,1,0,1,,1990-01-05,estimated_rule,1990-01,bearish,2650,2200-2799
1990-W02,1990-01-08,1990-01-12,1990,2,92.52,92.79,91.93,92.43,860,850-1099,bearish,tue,wed,90,270,500,58.14,2,3,5,0,0,bearish,2130,1700-2199,normal,0,0,0,,,estimated_rule,1990-01,bearish,2650,2200-2799
1990-W03,1990-01-15,1990-01-19,1990,3,92.37,93.96,92.35,93.69,1610,1350-1699,bullish,fri,mon,1320,270,20,83.23,2,3,5,0,0,bearish,860,850-1099,cpi,1,1,0,1990-01-17,,estimated_rule,1990-01,bearish,2650,2200-2799
1990-W04,1990-01-22,1990-01-26,1990,4,94.0,94.54,92.36,92.52,2180,1700-2199,bearish,mon,wed,1480,540,160,7.34,2,3,5,0,0,bullish,1610,1350-1699,normal,0,0,0,,,estimated_rule,1990-01,bearish,2650,2200-2799
1990-W05,1990-01-29,1990-02-02,1990,5,92.0,93.31,91.89,92.44,1420,1350-1699,bullish,tue,mon,440,870,110,38.73,3,2,5,0,0,bearish,2180,1700-2199,nfp,1,0,1,,1990-02-02,estimated_rule,1990-02,bullish,2190,1600-2199
1990-W06,1990-02-05,1990-02-09,1990,6,92.09,92.31,91.26,91.98,1050,850-1099,bearish,fri,tue,110,220,720,68.57,3,2,5,0,0,bullish,1420,1350-1699,normal,0,0,0,,,estimated_rule,1990-02,bullish,2190,1600-2199
1990-W07,1990-02-12,1990-02-16,1990,7,92.11,93.11,91.88,92.18,1230,1100-1349,bullish,fri,mon,70,930,230,24.39,3,2,5,0,0,bearish,1050,850-1099,normal,0,0,0,,,estimated_rule,1990-02,bullish,2190,1600-2199
1990-W08,1990-02-19,1990-02-23,1990,8,92.81,93.11,91.56,92.16,1550,1350-1699,bearish,mon,wed,650,300,600,38.71,2,3,5,0,0,bullish,1230,1100-1349,cpi,1,1,0,1990-02-21,,estimated_rule,1990-02,bullish,2190,1600-2199
1990-W09,1990-02-26,1990-03-02,1990,9,92.65,94.33,92.58,94.01,1750,1700-2199,bullish,fri,mon,1360,320,70,81.71,4,1,5,0,0,bearish,1550,1350-1699,nfp,1,0,1,,1990-03-02,estimated_rule,1990-03,bullish,1490,<1600
1990-W10,1990-03-05,1990-03-09,1990,10,93.37,93.96,93.23,93.87,730,<850,bullish,wed,mon,500,90,140,87.67,2,3,5,0,0,bullish,1750,1700-2199,normal,0,0,0,,,estimated_rule,1990-03,bullish,1490,<1600
1990-W11,1990-03-12,1990-03-16,1990,11,94.17,94.72,93.48,93.8,1240,1100-1349,bearish,tue,fri,370,550,320,25.81,1,4,5,0,0,bullish,730,<850,normal,0,0,0,,,estimated_rule,1990-03,bullish,1490,<1600
1990-W12,1990-03-19,1990-03-23,1990,12,93.45,94.65,93.28,94.37,1370,1350-1699,bullish,thu,mon,920,280,170,79.56,4,1,5,0,0,bearish,1240,1100-1349,cpi,1,1,0,1990-03-21,,estimated_rule,1990-03,bullish,1490,<1600
1990-W13,1990-03-26,1990-03-30,1990,13,94.47,94.64,93.39,93.69,1250,1100-1349,bearish,tue,fri,780,170,300,24.0,0,5,5,0,0,bullish,1370,1350-1699,normal,0,0,0,,,estimated_rule,1990-03,bullish,1490,<1600
1990-W14,1990-04-02,1990-04-06,1990,14,94.28,94.32,93.59,93.72,730,<850,bearish,mon,fri,560,40,130,17.81,2,3,5,0,0,bearish,1250,1100-1349,nfp,1,0,1,,1990-04-06,estimated_rule,1990-04,bearish,1610,1600-2199
1990-W15,1990-04-09,1990-04-13,1990,15,93.49,93.73,92.83,92.87,900,850-1099,bearish,mon,wed,620,240,40,4.44,1,4,5,0,0,bearish,730,<850,normal,0,0,0,,,estimated_rule,1990-04,bearish,1610,1600-2199
1990-W16,1990-04-16,1990-04-20,1990,16,93.17,93.59,92.71,93.29,880,850-1099,bullish,tue,thu,120,300,460,65.91,3,2,5,0,0,bearish,900,850-1099,cpi,1,1,0,1990-04-18,,estimated_rule,1990-04,bearish,1610,1600-2199
1990-W17,1990-04-23,1990-04-27,1990,17,93.7,93.87,92.92,93.02,950,850-1099,bearish,tue,fri,680,170,100,10.53,2,3,5,0,0,bullish,880,850-1099,normal,0,0,0,,,estimated_rule,1990-04,bearish,1610,1600-2199
1990-W18,1990-04-30,1990-05-04,1990,18,93.21,93.31,92.35,92.37,960,850-1099,bearish,mon,fri,840,100,20,2.08,1,4,5,0,0,bearish,950,850-1099,nfp,1,0,1,,1990-05-04,estimated_rule,1990-05,bearish,2640,2200-2799
1990-W19,1990-05-07,1990-05-11,1990,19,92.18,92.21,90.66,91.12,1550,1350-1699,bearish,mon,fri,1060,30,460,29.68,2,3,5,0,0,bearish,960,850-1099,normal,0,0,0,,,estimated_rule,1990-05,bearish,2640,2200-2799
1990-W20,1990-05-14,1990-05-18,1990,20,91.17,91.45,90.75,91.31,700,<850,bullish,fri,thu,140,140,420,80.0,2,3,5,0,0,bearish,1550,1350-1699,cpi,1,1,0,1990-05-16,,estimated_rule,1990-05,bearish,2640,2200-2799
1990-W21,1990-05-21,1990-05-25,1990,21,91.67,92.46,91.65,92.26,810,<850,bullish,thu,mon,590,200,20,75.31,4,1,5,0,0,bullish,700,<850,normal,0,0,0,,,estimated_rule,1990-05,bearish,2640,2200-2799
1990-W22,1990-05-28,1990-06-01,1990,22,92.25,93.11,91.81,92.96,1300,1100-1349,bullish,thu,tue,710,150,440,88.46,5,0,5,0,0,bullish,810,<850,nfp,1,0,1,,1990-06-01,estimated_rule,1990-06,bearish,2230,2200-2799
1990-W23,1990-06-04,1990-06-08,1990,23,93.21,93.36,92.5,93.08,860,850-1099,bearish,mon,wed,130,150,580,67.44,2,3,5,0,0,bullish,1300,1100-1349,normal,0,0,0,,,estimated_rule,1990-06,bearish,2230,2200-2799
1990-W24,1990-06-11,1990-06-15,1990,24,92.83,93.17,92.34,92.58,830,<850,bearish,fri,thu,250,340,240,28.92,3,2,5,0,0,bearish,860,850-1099,normal,0,0,0,,,estimated_rule,1990-06,bearish,2230,2200-2799
1990-W25,1990-06-18,1990-06-22,1990,25,92.58,92.61,91.74,91.99,870,850-1099,bearish,mon,tue,590,30,250,28.74,1,4,5,0,0,bearish,830,<850,cpi,1,1,0,1990-06-20,,estimated_rule,1990-06,bearish,2230,2200-2799
1990-W26,1990-06-25,1990-06-29,1990,26,92.12,92.26,91.13,91.15,1130,1100-1349,bearish,mon,fri,970,140,20,1.77,3,2,5,0,0,bearish,870,850-1099,normal,0,0,0,,,estimated_rule,1990-06,bearish,2230,2200-2799
1990-W27,1990-07-02,1990-07-06,1990,27,90.75,90.85,90.24,90.52,610,<850,bearish,mon,thu,230,100,280,45.9,2,3,5,0,0,bearish,1130,1100-1349,nfp,1,0,1,,1990-07-06,estimated_rule,1990-07,bearish,3710,3600-4799
1990-W28,1990-07-09,1990-07-13,1990,28,90.33,90.63,89.34,90.05,1290,1100-1349,bearish,thu,thu,280,300,710,55.04,2,3,5,0,0,bearish,610,<850,normal,0,0,0,,,estimated_rule,1990-07,bearish,3710,3600-4799
1990-W29,1990-07-16,1990-07-20,1990,29,90.22,90.28,89.34,89.54,940,850-1099,bearish,mon,wed,680,60,200,21.28,2,3,5,0,0,bearish,1290,1100-1349,cpi,1,1,0,1990-07-18,,estimated_rule,1990-07,bearish,3710,3600-4799
1990-W30,1990-07-23,1990-07-27,1990,30,89.55,89.57,88.4,88.43,1170,1100-1349,bearish,mon,fri,1120,20,30,2.56,1,4,5,0,0,bearish,940,850-1099,normal,0,0,0,,,estimated_rule,1990-07,bearish,3710,3600-4799
1990-W31,1990-07-30,1990-08-03,1990,31,88.31,89.08,87.14,87.55,1940,1700-2199,bearish,thu,tue,760,770,410,21.13,1,4,5,0,0,bearish,1170,1100-1349,nfp,1,0,1,,1990-08-03,estimated_rule,1990-08,bearish,4180,3600-4799
1990-W32,1990-08-06,1990-08-10,1990,32,87.2,88.08,86.72,87.58,1360,1350-1699,bullish,wed,mon,380,500,480,63.24,2,3,5,0,0,bearish,1940,1700-2199,normal,0,0,0,,,estimated_rule,1990-08,bearish,4180,3600-4799
1990-W33,1990-08-13,1990-08-17,1990,33,87.05,87.06,85.54,85.57,1520,1350-1699,bearish,mon,fri,1480,10,30,1.97,1,4,5,0,0,bullish,1360,1350-1699,cpi,1,1,0,1990-08-15,,estimated_rule,1990-08,bearish,4180,3600-4799
1990-W34,1990-08-20,1990-08-24,1990,34,85.8,86.41,85.01,85.66,1400,1350-1699,bearish,tue,thu,140,610,650,46.43,3,2,5,0,0,bearish,1520,1350-1699,normal,0,0,0,,,estimated_rule,1990-08,bearish,4180,3600-4799
1990-W35,1990-08-27,1990-08-31,1990,35,84.96,86.64,84.9,86.56,1740,1700-2199,bullish,fri,mon,1600,80,60,95.4,4,1,5,0,0,bearish,1400,1350-1699,normal,0,0,0,,,estimated_rule,1990-08,bearish,4180,3600-4799
1990-W36,1990-09-03,1990-09-07,1990,36,86.23,87.02,85.42,86.05,1600,1350-1699,bearish,tue,thu,180,790,630,39.38,3,2,5,0,0,bullish,1740,1700-2199,nfp,1,0,1,,1990-09-07,estimated_rule,1990-09,bearish,2650,2200-2799
1990-W37,1990-09-10,1990-09-14,1990,37,86.35,87.39,85.32,85.72,2070,1700-2199,bearish,tue,fri,630,1040,400,19.32,2,3,5,0,0,bearish,1600,1350-1699,normal,0,0,0,,,estimated_rule,1990-09,bearish,2650,2200-2799
1990-W38,1990-09-17,1990-09-21,1990,38,85.26,86.45,84.74,86.31,1710,1700-2199,bullish,thu,tue,1050,140,520,91.81,4,1,5,0,0,bearish,2070,1700-2199,cpi,1,1,0,1990-09-19,,estimated_rule,1990-09,bearish,2650,2200-2799
1990-W39,1990-09-24,1990-09-28,1990,39,85.54,86.2,85.28,86.0,920,850-1099,bullish,thu,tue,460,200,260,78.26,2,3,5,0,0,bullish,1710,1700-2199,normal,0,0,0,,,estimated_rule,1990-09,bearish,2650,2200-2799
1990-W40,1990-10-01,1990-10-05,1990,40,85.16,85.52,83.9,84.28,1620,1350-1699,bearish,tue,fri,880,360,380,23.46,2,3,5,0,0,bullish,920,850-1099,nfp,1,0,1,,1990-10-05,estimated_rule,1990-10,bearish,3600,3600-4799
1990-W41,1990-10-08,1990-10-12,1990,41,83.6,83.75,82.75,83.16,1000,850-1099,bearish,mon,thu,440,150,410,41.0,2,3,5,0,0,bearish,1620,1350-1699,normal,0,0,0,,,estimated_rule,1990-10,bearish,3600,3600-4799
1990-W42,1990-10-15,1990-10-19,1990,42,83.2,83.48,81.92,82.3,1560,1350-1699,bearish,tue,thu,900,280,380,24.36,2,3,5,0,0,bearish,1000,850-1099,cpi,1,1,0,1990-10-17,,estimated_rule,1990-10,bearish,3600,3600-4799
1990-W43,1990-10-22,1990-10-26,1990,43,82.5,83.21,82.4,82.88,810,<850,bullish,tue,wed,380,330,100,59.26,3,2,5,0,0,bearish,1560,1350-1699,normal,0,0,0,,,estimated_rule,1990-10,bearish,3600,3600-4799
1990-W44,1990-10-29,1990-11-02,1990,44,82.77,83.69,82.21,82.26,1480,1350-1699,bearish,tue,fri,510,920,50,3.38,1,4,5,0,0,bullish,810,<850,nfp,1,0,1,,1990-11-02,estimated_rule,1990-11,bearish,2350,2200-2799
1990-W45,1990-11-05,1990-11-09,1990,45,82.05,82.52,81.48,82.12,1040,850-1099,bullish,thu,wed,70,400,570,61.54,2,3,5,0,0,bearish,1480,1350-1699,normal,0,0,0,,,estimated_rule,1990-11,bearish,2350,2200-2799
1990-W46,1990-11-12,1990-11-16,1990,46,81.71,81.94,81.44,81.59,500,<850,bearish,fri,fri,120,230,150,30.0,3,2,5,0,0,bullish,1040,850-1099,normal,0,0,0,,,estimated_rule,1990-11,bearish,2350,2200-2799
1990-W47,1990-11-19,1990-11-23,1990,47,81.35,81.95,81.27,81.87,680,<850,bullish,fri,mon,520,80,80,88.24,2,3,5,0,0,bearish,500,<850,cpi,1,1,0,1990-11-21,,estimated_rule,1990-11,bearish,2350,2200-2799
1990-W48,1990-11-26,1990-11-30,1990,48,82.18,83.34,81.59,82.93,1750,1700-2199,bullish,fri,tue,750,410,590,76.57,2,3,5,0,0,bullish,680,<850,normal,0,0,0,,,estimated_rule,1990-11,bearish,2350,2200-2799
1990-W49,1990-12-03,1990-12-07,1990,49,83.52,83.89,81.86,81.93,2030,1700-2199,bearish,mon,fri,1590,370,70,3.45,2,3,5,0,0,bullish,1750,1700-2199,nfp,1,0,1,,1990-12-07,estimated_rule,1990-12,bearish,3660,3600-4799
1990-W50,1990-12-10,1990-12-14,1990,50,81.81,82.82,81.73,82.56,1090,850-1099,bullish,fri,mon,750,260,80,76.15,5,0,5,0,0,bearish,2030,1700-2199,normal,0,0,0,,,estimated_rule,1990-12,bearish,3660,3600-4799
1990-W51,1990-12-17,1990-12-21,1990,51,82.79,84.88,82.32,84.7,2560,>=2200,bullish,fri,tue,1910,180,470,92.97,3,2,5,0,0,bullish,1090,850-1099,cpi,1,1,0,1990-12-19,,estimated_rule,1990-12,bearish,3660,3600-4799
1990-W52,1990-12-24,1990-12-28,1990,52,85.05,85.39,83.19,83.26,2200,>=2200,bearish,mon,fri,1790,340,70,3.18,1,4,5,0,0,bullish,2560,>=2200,normal,0,0,0,,,estimated_rule,1990-12,bearish,3660,3600-4799
1991-W01,1990-12-31,1991-01-04,1991,1,83.37,83.52,82.6,83.36,920,850-1099,bearish,fri,fri,10,150,760,82.61,1,4,5,0,0,bearish,2200,>=2200,nfp,1,0,1,,1991-01-04,estimated_rule,1991-01,bearish,3310,2800-3599
1991-W02,1991-01-07,1991-01-11,1991,2,84.87,85.11,83.6,84.29,1510,1350-1699,bearish,mon,wed,580,240,690,45.7,2,3,5,0,0,bearish,920,850-1099,normal,0,0,0,,,estimated_rule,1991-01,bearish,3310,2800-3599
1991-W03,1991-01-14,1991-01-18,1991,3,85.16,85.22,82.76,82.77,2460,>=2200,bearish,mon,fri,2390,60,10,0.41,2,3,5,0,0,bearish,1510,1350-1699,cpi,1,1,0,1991-01-16,,estimated_rule,1991-01,bearish,3310,2800-3599
1991-W04,1991-01-21,1991-01-25,1991,4,82.97,83.01,82.08,82.73,930,850-1099,bearish,mon,thu,240,40,650,69.89,3,2,5,0,0,bearish,2460,>=2200,normal,0,0,0,,,estimated_rule,1991-01,bearish,3310,2800-3599
1991-W05,1991-01-28,1991-02-01,1991,5,82.46,82.93,81.55,81.64,1380,1350-1699,bearish,wed,fri,820,470,90,6.52,1,4,5,0,0,bearish,930,850-1099,nfp,1,0,1,,1991-02-01,estimated_rule,1991-02,bullish,3890,3600-4799
1991-W06,1991-02-04,1991-02-08,1991,6,81.2,81.77,80.47,80.84,1300,1100-1349,bearish,mon,thu,360,570,370,28.46,2,3,5,0,0,bearish,1380,1350-1699,normal,0,0,0,,,estimated_rule,1991-02,bullish,3890,3600-4799
1991-W07,1991-02-11,1991-02-15,1991,7,80.79,82.04,80.34,81.92,1700,1700-2199,bullish,fri,mon,1130,120,450,92.94,4,1,5,0,0,bearish,1300,1100-1349,normal,0,0,0,,,estimated_rule,1991-02,bullish,3890,3600-4799
1991-W08,1991-02-18,1991-02-22,1991,8,81.8,83.19,81.64,83.13,1550,1350-1699,bullish,fri,mon,1330,60,160,96.13,5,0,5,0,0,bullish,1700,1700-2199,cpi,1,1,0,1991-02-20,,estimated_rule,1991-02,bullish,3890,3600-4799
1991-W09,1991-02-25,1991-03-01,1991,9,83.52,84.84,83.43,84.84,1410,1350-1699,bullish,fri,mon,1320,0,90,100.0,3,2,5,0,0,bullish,1550,1350-1699,nfp,1,0,1,,1991-03-01,estimated_rule,1991-03,bullish,8230,>=4800
1991-W10,1991-03-04,1991-03-08,1991,10,84.85,86.34,84.23,86.31,2110,1700-2199,bullish,fri,tue,1460,30,620,98.58,3,2,5,0,0,bullish,1410,1350-1699,normal,0,0,0,,,estimated_rule,1991-03,bullish,8230,>=4800
1991-W11,1991-03-11,1991-03-15,1991,11,86.49,88.03,86.1,87.9,1930,1700-2199,bullish,fri,tue,1410,130,390,93.26,4,1,5,0,0,bullish,2110,1700-2199,normal,0,0,0,,,estimated_rule,1991-03,bullish,8230,>=4800
1991-W12,1991-03-18,1991-03-22,1991,12,88.32,90.62,88.27,89.47,2350,>=2200,bullish,tue,mon,1150,1150,50,51.06,3,2,5,0,0,bullish,1930,1700-2199,cpi,1,1,0,1991-03-20,,estimated_rule,1991-03,bullish,8230,>=4800
1991-W13,1991-03-25,1991-03-29,1991,13,90.56,92.46,90.24,92.02,2220,>=2200,bullish,thu,mon,1460,440,320,80.18,1,4,5,0,0,bullish,2350,>=2200,normal,0,0,0,,,estimated_rule,1991-03,bullish,8230,>=4800
1991-W14,1991-04-01,1991-04-05,1991,14,91.32,91.5,89.29,90.63,2210,>=2200,bearish,mon,fri,690,180,1340,60.63,2,3,5,0,0,bullish,2220,>=2200,nfp,1,0,1,,1991-04-05,estimated_rule,1991-04,bullish,5170,>=4800
1991-W15,1991-04-08,1991-04-12,1991,15,90.7,90.98,89.6,90.36,1380,1350-1699,bearish,mon,tue,340,280,760,55.07,3,2,5,0,0,bearish,2210,>=2200,normal,0,0,0,,,estimated_rule,1991-04,bullish,5170,>=4800
1991-W16,1991-04-15,1991-04-19,1991,16,90.02,92.78,89.34,92.71,3440,>=2200,bullish,fri,tue,2690,70,680,97.97,4,1,5,0,0,bearish,1380,1350-1699,cpi,1,1,0,1991-04-17,,estimated_rule,1991-04,bullish,5170,>=4800
1991-W17,1991-04-22,1991-04-26,1991,17,93.82,94.12,92.6,93.46,1520,1350-1699,bearish,mon,wed,360,300,860,56.58,2,3,5,0,0,bullish,3440,>=2200,normal,0,0,0,,,estimated_rule,1991-04,bullish,5170,>=4800
1991-W18,1991-04-29,1991-05-03,1991,18,94.21,94.46,91.07,93.44,3390,>=2200,bearish,mon,wed,770,250,2370,69.91,2,3,5,0,0,bearish,1520,1350-1699,nfp,1,0,1,,1991-05-03,estimated_rule,1991-05,bullish,2840,2800-3599
1991-W19,1991-05-06,1991-05-10,1991,19,93.18,93.4,92.02,92.38,1380,1350-1699,bearish,mon,tue,800,220,360,26.09,0,5,5,0,0,bearish,3390,>=2200,normal,0,0,0,,,estimated_rule,1991-05,bullish,2840,2800-3599
1991-W20,1991-05-13,1991-05-17,1991,20,92.42,93.01,90.74,92.95,2270,>=2200,bullish,fri,wed,530,60,1680,97.36,2,3,5,0,0,bearish,1380,1350-1699,cpi,1,1,0,1991-05-15,,estimated_rule,1991-05,bullish,2840,2800-3599
1991-W21,1991-05-20,1991-05-24,1991,21,92.98,93.18,91.66,91.74,1520,1350-1699,bearish,mon,fri,1240,200,80,5.26,2,3,5,0,0,bullish,2270,>=2200,normal,0,0,0,,,estimated_rule,1991-05,bullish,2840,2800-3599
1991-W22,1991-05-27,1991-05-31,1991,22,91.68,93.2,91.05,93.13,2150,1700-2199,bullish,fri,wed,1450,70,630,96.74,4,1,5,0,0,bearish,1520,1350-1699,normal,0,0,0,,,estimated_rule,1991-05,bullish,2840,2800-3599
1991-W23,1991-06-03,1991-06-07,1991,23,93.73,94.71,93.02,94.56,1690,1350-1699,bullish,fri,tue,830,150,710,91.12,2,3,5,0,0,bullish,2150,1700-2199,nfp,1,0,1,,1991-06-07,estimated_rule,1991-06,bullish,3730,3600-4799
1991-W24,1991-06-10,1991-06-14,1991,24,94.7,96.35,94.5,95.79,1850,1700-2199,bullish,thu,mon,1090,560,200,69.73,2,3,5,0,0,bullish,1690,1350-1699,normal,0,0,0,,,estimated_rule,1991-06,bullish,3730,3600-4799
1991-W25,1991-06-17,1991-06-21,1991,25,96.02,96.75,95.21,95.81,1540,1350-1699,bearish,tue,thu,210,730,600,38.96,2,3,5,0,0,bullish,1850,1700-2199,cpi,1,1,0,1991-06-19,,estimated_rule,1991-06,bullish,3730,3600-4799
1991-W26,1991-06-24,1991-06-28,1991,26,95.72,96.29,94.97,96.06,1320,1100-1349,bullish,fri,mon,340,230,750,82.58,0,5,5,0,0,bearish,1540,1350-1699,normal,0,0,0,,,estimated_rule,1991-06,bullish,3730,3600-4799
1991-W27,1991-07-01,1991-07-05,1991,27,96.07,97.32,95.94,96.71,1380,1350-1699,bullish,tue,mon,640,610,130,55.8,4,1,5,0,0,bullish,1320,1100-1349,nfp,1,0,1,,1991-07-05,estimated_rule,1991-07,bearish,4430,3600-4799
1991-W28,1991-07-08,1991-07-12,1991,28,96.22,97.27,94.92,95.06,2350,>=2200,bearish,thu,fri,1160,1050,140,5.96,2,3,5,0,0,bullish,1380,1350-1699,normal,0,0,0,,,estimated_rule,1991-07,bearish,4430,3600-4799
1991-W29,1991-07-15,1991-07-19,1991,29,95.42,95.66,93.45,93.48,2210,>=2200,bearish,tue,fri,1940,240,30,1.36,2,3,5,0,0,bearish,2350,>=2200,cpi,1,1,0,1991-07-17,,estimated_rule,1991-07,bearish,4430,3600-4799
1991-W30,1991-07-22,1991-07-26,1991,30,93.89,94.41,92.89,93.52,1520,1350-1699,bearish,thu,wed,370,520,630,41.45,3,2,5,0,0,bearish,2210,>=2200,normal,0,0,0,,,estimated_rule,1991-07,bearish,4430,3600-4799
1991-W31,1991-07-29,1991-08-02,1991,31,93.67,94.48,93.02,93.36,1460,1350-1699,bearish,fri,fri,310,810,340,23.29,3,2,5,0,0,bearish,1520,1350-1699,nfp,1,0,1,,1991-08-02,estimated_rule,1991-08,bearish,4710,3600-4799
1991-W32,1991-08-05,1991-08-09,1991,32,93.15,93.24,91.85,92.86,1390,1350-1699,bearish,mon,tue,290,90,1010,72.66,2,3,5,0,0,bearish,1460,1350-1699,normal,0,0,0,,,estimated_rule,1991-08,bearish,4710,3600-4799
1991-W33,1991-08-12,1991-08-16,1991,33,92.79,94.41,92.59,94.38,1820,1700-2199,bullish,fri,mon,1590,30,200,98.35,3,2,5,0,0,bearish,1390,1350-1699,normal,0,0,0,,,estimated_rule,1991-08,bearish,4710,3600-4799
1991-W34,1991-08-19,1991-08-23,1991,34,96.44,96.56,92.65,93.59,3910,>=2200,bearish,mon,thu,2850,120,940,24.04,2,3,5,0,0,bullish,1820,1700-2199,cpi,1,1,0,1991-08-21,,estimated_rule,1991-08,bearish,4710,3600-4799
1991-W35,1991-08-26,1991-08-30,1991,35,93.72,93.92,92.75,93.49,1170,1100-1349,bearish,wed,thu,230,200,740,63.25,2,3,5,0,0,bearish,3910,>=2200,normal,0,0,0,,,estimated_rule,1991-08,bearish,4710,3600-4799
1991-W36,1991-09-02,1991-09-06,1991,36,93.3,93.77,92.1,92.11,1670,1350-1699,bearish,mon,fri,1190,470,10,0.6,3,2,5,0,0,bearish,1170,1100-1349,nfp,1,0,1,,1991-09-06,estimated_rule,1991-09,bearish,4120,3600-4799
1991-W37,1991-09-09,1991-09-13,1991,37,91.62,91.74,90.45,90.78,1290,1100-1349,bearish,mon,thu,840,120,330,25.58,1,4,5,0,0,bearish,1670,1350-1699,normal,0,0,0,,,estimated_rule,1991-09,bearish,4120,3600-4799
1991-W38,1991-09-16,1991-09-20,1991,38,90.82,91.34,89.99,90.78,1350,1350-1699,bearish,fri,tue,40,520,790,58.52,2,3,5,0,0,bearish,1290,1100-1349,cpi,1,1,0,1991-09-18,,estimated_rule,1991-09,bearish,4120,3600-4799
1991-W39,1991-09-23,1991-09-27,1991,39,90.21,90.91,89.76,90.12,1150,1100-1349,bearish,thu,tue,90,700,360,31.3,3,2,5,0,0,bearish,1350,1350-1699,normal,0,0,0,,,estimated_rule,1991-09,bearish,4120,3600-4799
1991-W40,1991-09-30,1991-10-04,1991,40,89.77,90.39,89.39,90.06,1000,850-1099,bullish,fri,fri,290,330,380,67.0,5,0,5,0,0,bearish,1150,1100-1349,nfp,1,0,1,,1991-10-04,estimated_rule,1991-10,bearish,2640,2200-2799
1991-W41,1991-10-07,1991-10-11,1991,41,90.06,91.29,90.0,90.5,1290,1100-1349,bullish,wed,mon,440,790,60,38.76,3,2,5,0,0,bullish,1000,850-1099,normal,0,0,0,,,estimated_rule,1991-10,bearish,2640,2200-2799
1991-W42,1991-10-14,1991-10-18,1991,42,90.63,91.59,90.35,90.43,1240,1100-1349,bearish,tue,fri,200,960,80,6.45,3,2,5,0,0,bullish,1290,1100-1349,cpi,1,1,0,1991-10-16,,estimated_rule,1991-10,bearish,2640,2200-2799
1991-W43,1991-10-21,1991-10-25,1991,43,90.43,91.68,90.38,91.13,1300,1100-1349,bullish,wed,mon,700,550,50,57.69,4,1,5,0,0,bearish,1240,1100-1349,normal,0,0,0,,,estimated_rule,1991-10,bearish,2640,2200-2799
1991-W44,1991-10-28,1991-11-01,1991,44,91.55,92.03,88.68,88.7,3350,>=2200,bearish,mon,fri,2850,480,20,0.6,1,4,5,0,0,bullish,1300,1100-1349,nfp,1,0,1,,1991-11-01,estimated_rule,1991-11,bearish,3500,2800-3599
1991-W45,1991-11-04,1991-11-08,1991,45,88.42,89.06,87.96,88.91,1100,1100-1349,bullish,fri,mon,490,150,460,86.36,3,2,5,0,0,bearish,3350,>=2200,normal,0,0,0,,,estimated_rule,1991-11,bearish,3500,2800-3599
1991-W46,1991-11-11,1991-11-15,1991,46,88.99,89.02,87.85,87.86,1170,1100-1349,bearish,mon,fri,1130,30,10,0.85,1,4,5,0,0,bullish,1100,1100-1349,normal,0,0,0,,,estimated_rule,1991-11,bearish,3500,2800-3599
1991-W47,1991-11-18,1991-11-22,1991,47,87.04,87.56,86.37,86.63,1190,1100-1349,bearish,mon,fri,410,520,260,21.85,1,4,5,0,0,bearish,1170,1100-1349,cpi,1,1,0,1991-11-20,,estimated_rule,1991-11,bearish,3500,2800-3599
1991-W48,1991-11-25,1991-11-29,1991,48,86.32,88.53,86.26,88.19,2270,>=2200,bullish,fri,tue,1870,340,60,85.02,4,1,5,0,0,bearish,1190,1100-1349,normal,0,0,0,,,estimated_rule,1991-11,bearish,3500,2800-3599
1991-W49,1991-12-02,1991-12-06,1991,49,87.54,87.87,85.75,85.75,2120,1700-2199,bearish,tue,fri,1790,330,0,0.0,1,4,5,0,0,bullish,2270,>=2200,nfp,1,0,1,,1991-12-06,estimated_rule,1991-12,bearish,4660,3600-4799
1991-W50,1991-12-09,1991-12-13,1991,50,86.06,86.84,85.78,86.62,1060,850-1099,bullish,wed,mon,560,220,280,79.25,3,2,5,0,0,bearish,2120,1700-2199,normal,0,0,0,,,estimated_rule,1991-12,bearish,4660,3600-4799
1991-W51,1991-12-16,1991-12-20,1991,51,86.22,86.28,84.25,84.46,2030,1700-2199,bearish,mon,fri,1760,60,210,10.34,2,3,5,0,0,bullish,1060,850-1099,cpi,1,1,0,1991-12-18,,estimated_rule,1991-12,bearish,4660,3600-4799
1991-W52,1991-12-23,1991-12-27,1991,52,83.76,84.02,83.21,83.62,810,<850,bearish,tue,mon,140,260,410,50.62,3,2,5,0,0,bearish,2030,1700-2199,normal,0,0,0,,,estimated_rule,1991-12,bearish,4660,3600-4799
1992-W01,1991-12-30,1992-01-03,1992,1,83.62,84.7,83.12,84.42,1580,1350-1699,bullish,fri,thu,800,280,500,82.28,5,0,5,0,0,bearish,810,<850,nfp,1,0,1,,1992-01-03,estimated_rule,1992-01,bullish,5880,>=4800
1992-W02,1992-01-06,1992-01-10,1992,2,83.66,86.59,82.8,86.51,3790,>=2200,bullish,fri,tue,2850,80,860,97.89,2,3,5,0,0,bullish,1580,1350-1699,normal,0,0,0,,,estimated_rule,1992-01,bullish,5880,>=4800
1992-W03,1992-01-13,1992-01-17,1992,3,86.01,88.68,85.55,86.39,3130,>=2200,bullish,wed,tue,380,2290,460,26.84,4,1,5,0,0,bullish,3790,>=2200,cpi,1,1,0,1992-01-15,,estimated_rule,1992-01,bullish,5880,>=4800
1992-W04,1992-01-20,1992-01-24,1992,4,86.17,87.34,85.74,86.37,1600,1350-1699,bullish,fri,tue,200,970,430,39.38,3,2,5,0,0,bullish,3130,>=2200,normal,0,0,0,,,estimated_rule,1992-01,bullish,5880,>=4800
1992-W05,1992-01-27,1992-01-31,1992,5,87.11,87.96,86.18,87.49,1780,1700-2199,bullish,thu,wed,380,470,930,73.6,4,1,5,0,0,bullish,1600,1350-1699,normal,0,0,0,,,estimated_rule,1992-01,bullish,5880,>=4800
1992-W06,1992-02-03,1992-02-07,1992,6,87.14,87.25,85.23,85.29,2020,1700-2199,bearish,mon,fri,1850,110,60,2.97,1,4,5,0,0,bullish,1780,1700-2199,nfp,1,0,1,,1992-02-07,estimated_rule,1992-02,bullish,4690,3600-4799
1992-W07,1992-02-10,1992-02-14,1992,7,85.67,88.56,85.47,88.32,3090,>=2200,bullish,fri,mon,2650,240,200,92.23,5,0,5,0,0,bearish,2020,1700-2199,normal,0,0,0,,,estimated_rule,1992-02,bullish,4690,3600-4799
1992-W08,1992-02-17,1992-02-21,1992,8,88.11,89.72,88.1,89.65,1620,1350-1699,bullish,fri,mon,1540,70,10,95.68,1,4,5,0,0,bullish,3090,>=2200,cpi,1,1,0,1992-02-19,,estimated_rule,1992-02,bullish,4690,3600-4799
1992-W09,1992-02-24,1992-02-28,1992,9,89.74,89.92,88.65,88.99,1270,1100-1349,bearish,wed,tue,750,180,340,26.77,3,2,5,0,0,bullish,1620,1350-1699,normal,0,0,0,,,estimated_rule,1992-02,bullish,4690,3600-4799
1992-W10,1992-03-02,1992-03-06,1992,10,89.1,91.13,88.7,90.48,2430,>=2200,bullish,thu,mon,1380,650,400,73.25,4,1,5,0,0,bearish,1270,1100-1349,nfp,1,0,1,,1992-03-06,estimated_rule,1992-03,bullish,2830,2800-3599
1992-W11,1992-03-09,1992-03-13,1992,11,90.42,91.23,90.12,90.84,1110,1100-1349,bullish,thu,tue,420,390,300,64.86,2,3,5,0,0,bullish,2430,>=2200,normal,0,0,0,,,estimated_rule,1992-03,bullish,2830,2800-3599
1992-W12,1992-03-16,1992-03-20,1992,12,90.94,91.53,89.72,90.94,1810,1700-2199,bullish,fri,wed,0,590,1220,67.4,3,2,5,0,0,bullish,1110,1100-1349,cpi,1,1,0,1992-03-18,,estimated_rule,1992-03,bullish,2830,2800-3599
1992-W13,1992-03-23,1992-03-27,1992,13,91.01,91.24,89.52,89.52,1720,1700-2199,bearish,mon,fri,1490,230,0,0.0,1,4,5,0,0,bullish,1810,1700-2199,normal,0,0,0,,,estimated_rule,1992-03,bullish,2830,2800-3599
1992-W14,1992-03-30,1992-04-03,1992,14,89.63,90.56,88.91,89.08,1650,1350-1699,bearish,thu,fri,550,930,170,10.3,2,3,5,0,0,bearish,1720,1700-2199,nfp,1,0,1,,1992-04-03,estimated_rule,1992-04,bullish,2350,2200-2799
1992-W15,1992-04-06,1992-04-10,1992,15,89.11,89.39,88.43,89.25,960,850-1099,bullish,thu,thu,140,140,680,85.42,2,3,5,0,0,bearish,1650,1350-1699,normal,0,0,0,,,estimated_rule,1992-04,bullish,2350,2200-2799
1992-W16,1992-04-13,1992-04-17,1992,16,89.29,90.66,89.27,90.51,1390,1350-1699,bullish,thu,mon,1220,150,20,89.21,5,0,5,0,0,bullish,960,850-1099,cpi,1,1,0,1992-04-15,,estimated_rule,1992-04,bullish,2350,2200-2799
1992-W17,1992-04-20,1992-04-24,1992,17,90.61,90.78,89.56,89.79,1220,1100-1349,bearish,mon,fri,820,170,230,18.85,2,3,5,0,0,bullish,1390,1350-1699,normal,0,0,0,,,estimated_rule,1992-04,bullish,2350,2200-2799
1992-W18,1992-04-27,1992-05-01,1992,18,89.93,90.13,89.08,89.12,1050,850-1099,bearish,mon,fri,810,200,40,3.81,1,4,5,0,0,bearish,1220,1100-1349,nfp,1,0,1,,1992-05-01,estimated_rule,1992-05,bearish,3020,2800-3599
1992-W19,1992-05-04,1992-05-08,1992,19,89.19,89.6,88.55,89.39,1050,850-1099,bullish,fri,wed,200,210,640,80.0,3,2,5,0,0,bearish,1050,850-1099,normal,0,0,0,,,estimated_rule,1992-05,bearish,3020,2800-3599
1992-W20,1992-05-11,1992-05-15,1992,20,89.41,89.53,87.45,87.63,2080,1700-2199,bearish,mon,fri,1780,120,180,8.65,1,4,5,0,0,bullish,1050,850-1099,normal,0,0,0,,,estimated_rule,1992-05,bearish,3020,2800-3599
1992-W21,1992-05-18,1992-05-22,1992,21,87.6,88.16,86.58,87.9,1580,1350-1699,bullish,fri,tue,300,260,1020,83.54,3,2,5,0,0,bearish,2080,1700-2199,cpi,1,1,0,1992-05-20,,estimated_rule,1992-05,bearish,3020,2800-3599
1992-W22,1992-05-25,1992-05-29,1992,22,87.89,88.88,87.11,87.22,1770,1700-2199,bearish,wed,fri,670,990,110,6.21,2,3,5,0,0,bullish,1580,1350-1699,normal,0,0,0,,,estimated_rule,1992-05,bearish,3020,2800-3599
1992-W23,1992-06-01,1992-06-05,1992,23,87.26,87.81,86.34,86.58,1470,1350-1699,bearish,wed,fri,680,550,240,16.33,1,4,5,0,0,bearish,1770,1700-2199,nfp,1,0,1,,1992-06-05,estimated_rule,1992-06,bearish,4570,3600-4799
1992-W24,1992-06-08,1992-06-12,1992,24,86.57,87.05,85.68,85.97,1370,1350-1699,bearish,wed,fri,600,480,290,21.17,3,2,5,0,0,bearish,1470,1350-1699,normal,0,0,0,,,estimated_rule,1992-06,bearish,4570,3600-4799
1992-W25,1992-06-15,1992-06-19,1992,25,85.98,86.46,85.38,85.91,1080,850-1099,bearish,thu,wed,70,480,530,49.07,2,3,5,0,0,bearish,1370,1350-1699,cpi,1,1,0,1992-06-17,,estimated_rule,1992-06,bearish,4570,3600-4799
1992-W26,1992-06-22,1992-06-26,1992,26,85.95,86.13,84.03,84.13,2100,1700-2199,bearish,mon,fri,1820,180,100,4.76,1,4,5,0,0,bearish,1080,850-1099,normal,0,0,0,,,estimated_rule,1992-06,bearish,4570,3600-4799
1992-W27,1992-06-29,1992-07-03,1992,27,84.18,84.27,82.6,83.1,1670,1350-1699,bearish,mon,thu,1080,90,500,29.94,2,3,5,0,0,bearish,2100,1700-2199,nfp,1,0,1,,1992-07-03,estimated_rule,1992-07,bearish,3390,2800-3599
1992-W28,1992-07-06,1992-07-10,1992,28,83.41,83.97,81.68,82.62,2290,>=2200,bearish,mon,wed,790,560,940,41.05,2,3,5,0,0,bearish,1670,1350-1699,normal,0,0,0,,,estimated_rule,1992-07,bearish,3390,2800-3599
1992-W29,1992-07-13,1992-07-17,1992,29,82.58,82.61,80.98,81.04,1630,1350-1699,bearish,mon,fri,1540,30,60,3.68,1,4,5,0,0,bearish,2290,>=2200,cpi,1,1,0,1992-07-15,,estimated_rule,1992-07,bearish,3390,2800-3599
1992-W30,1992-07-20,1992-07-24,1992,30,81.0,83.27,80.58,83.18,2690,>=2200,bullish,fri,mon,2180,90,420,96.65,3,2,5,0,0,bearish,1630,1350-1699,normal,0,0,0,,,estimated_rule,1992-07,bearish,3390,2800-3599
1992-W31,1992-07-27,1992-07-31,1992,31,83.1,83.13,81.71,81.91,1420,1350-1699,bearish,mon,wed,1190,30,200,14.08,1,4,5,0,0,bullish,2690,>=2200,normal,0,0,0,,,estimated_rule,1992-07,bearish,3390,2800-3599
1992-W32,1992-08-03,1992-08-07,1992,32,81.94,82.57,81.52,81.65,1050,850-1099,bearish,thu,fri,290,630,130,12.38,2,3,5,0,0,bearish,1420,1350-1699,nfp,1,0,1,,1992-08-07,estimated_rule,1992-08,bearish,3900,3600-4799
1992-W33,1992-08-10,1992-08-14,1992,33,81.71,82.27,81.29,81.66,980,850-1099,bearish,tue,thu,50,560,370,37.76,2,3,5,0,0,bearish,1050,850-1099,normal,0,0,0,,,estimated_rule,1992-08,bearish,3900,3600-4799
1992-W34,1992-08-17,1992-08-21,1992,34,81.71,82.12,80.06,80.16,2060,1700-2199,bearish,mon,fri,1550,410,100,4.85,0,5,5,0,0,bearish,980,850-1099,cpi,1,1,0,1992-08-19,,estimated_rule,1992-08,bearish,3900,3600-4799
1992-W35,1992-08-24,1992-08-28,1992,35,80.12,80.17,78.67,79.17,1500,1350-1699,bearish,mon,tue,950,50,500,33.33,2,3,5,0,0,bearish,2060,1700-2199,normal,0,0,0,,,estimated_rule,1992-08,bearish,3900,3600-4799
1992-W36,1992-08-31,1992-09-04,1992,36,79.11,80.39,78.19,78.82,2200,>=2200,bearish,fri,wed,290,1280,630,28.64,2,3,5,0,0,bearish,1500,1350-1699,nfp,1,0,1,,1992-09-04,estimated_rule,1992-09,bullish,7770,>=4800
1992-W37,1992-09-07,1992-09-11,1992,37,79.46,81.31,78.32,81.13,2990,>=2200,bullish,fri,tue,1670,180,1140,93.98,3,2,5,0,0,bearish,2200,>=2200,normal,0,0,0,,,estimated_rule,1992-09,bullish,7770,>=4800
1992-W38,1992-09-14,1992-09-18,1992,38,81.91,85.96,81.11,84.84,4850,>=2200,bullish,thu,mon,2930,1120,800,76.91,4,1,5,0,0,bullish,2990,>=2200,cpi,1,1,0,1992-09-16,,estimated_rule,1992-09,bullish,7770,>=4800
1992-W39,1992-09-21,1992-09-25,1992,39,84.09,85.48,83.58,83.85,1900,1700-2199,bearish,wed,tue,240,1390,270,14.21,2,3,5,0,0,bullish,4850,>=2200,normal,0,0,0,,,estimated_rule,1992-09,bullish,7770,>=4800
1992-W40,1992-09-28,1992-10-02,1992,40,83.92,83.98,80.58,81.36,3400,>=2200,bearish,mon,wed,2560,60,780,22.94,2,3,5,0,0,bearish,1900,1700-2199,nfp,1,0,1,,1992-10-02,estimated_rule,1992-10,bullish,6880,>=4800
1992-W41,1992-10-05,1992-10-09,1992,41,81.5,85.08,81.08,84.81,4000,>=2200,bullish,fri,mon,3310,270,420,93.25,5,0,5,0,0,bearish,3400,>=2200,normal,0,0,0,,,estimated_rule,1992-10,bullish,6880,>=4800
1992-W42,1992-10-12,1992-10-16,1992,42,84.72,84.76,83.2,84.56,1560,1350-1699,bearish,mon,thu,160,40,1360,87.18,1,4,5,0,0,bullish,4000,>=2200,normal,0,0,0,,,estimated_rule,1992-10,bullish,6880,>=4800
1992-W43,1992-10-19,1992-10-23,1992,43,83.89,87.17,83.89,86.8,3280,>=2200,bullish,fri,mon,2910,370,0,88.72,4,1,5,0,0,bearish,1560,1350-1699,cpi,1,1,0,1992-10-21,,estimated_rule,1992-10,bullish,6880,>=4800
1992-W44,1992-10-26,1992-10-30,1992,44,86.4,87.93,85.89,87.63,2040,1700-2199,bullish,wed,mon,1230,300,510,85.29,3,2,5,0,0,bullish,3280,>=2200,normal,0,0,0,,,estimated_rule,1992-10,bullish,6880,>=4800
1992-W45,1992-11-02,1992-11-06,1992,45,87.71,89.93,87.7,89.92,2230,>=2200,bullish,fri,mon,2210,10,10,99.55,4,1,5,0,0,bullish,2040,1700-2199,nfp,1,0,1,,1992-11-06,estimated_rule,1992-11,bullish,3850,3600-4799
1992-W46,1992-11-09,1992-11-13,1992,46,89.87,90.44,88.65,88.97,1790,1700-2199,bearish,tue,fri,900,570,320,17.88,1,4,5,0,0,bullish,2230,>=2200,normal,0,0,0,,,estimated_rule,1992-11,bullish,3850,3600-4799
1992-W47,1992-11-16,1992-11-20,1992,47,88.99,91.29,88.97,91.12,2320,>=2200,bullish,fri,mon,2130,170,20,92.67,2,3,5,0,0,bearish,1790,1700-2199,cpi,1,1,0,1992-11-18,,estimated_rule,1992-11,bullish,3850,3600-4799
1992-W48,1992-11-23,1992-11-27,1992,48,91.29,91.48,90.31,91.11,1170,1100-1349,bearish,fri,wed,180,190,800,68.38,0,5,5,0,0,bullish,2320,>=2200,normal,0,0,0,,,estimated_rule,1992-11,bullish,3850,3600-4799
1992-W49,1992-11-30,1992-12-04,1992,49,91.13,91.55,89.77,90.59,1780,1700-2199,bearish,mon,fri,540,420,820,46.07,2,3,5,0,0,bearish,1170,1100-1349,nfp,1,0,1,,1992-12-04,estimated_rule,1992-12,bullish,3880,3600-4799
1992-W50,1992-12-07,1992-12-11,1992,50,90.69,90.71,88.64,90.1,2070,1700-2199,bearish,mon,tue,590,20,1460,70.53,3,2,5,0,0,bearish,1780,1700-2199,normal,0,0,0,,,estimated_rule,1992-12,bullish,3880,3600-4799
1992-W51,1992-12-14,1992-12-18,1992,51,90.0,90.08,88.85,89.68,1230,1100-1349,bearish,mon,thu,320,80,830,67.48,2,3,5,0,0,bearish,2070,1700-2199,cpi,1,1,0,1992-12-16,,estimated_rule,1992-12,bullish,3880,3600-4799
1992-W52,1992-12-21,1992-12-25,1992,52,89.7,91.23,89.63,91.14,1600,1350-1699,bullish,thu,mon,1440,90,70,94.37,5,0,5,0,0,bearish,1230,1100-1349,normal,0,0,0,,,estimated_rule,1992-12,bullish,3880,3600-4799
1992-W53,1992-12-28,1993-01-01,1992,53,91.24,92.52,91.13,92.36,1390,1350-1699,bullish,tue,mon,1120,160,110,88.49,4,1,5,0,0,bullish,1600,1350-1699,nfp,1,0,1,,1993-01-01,estimated_rule,1993-01,bullish,3660,3600-4799
1993-W01,1993-01-04,1993-01-08,1993,1,92.39,93.75,92.26,93.45,1490,1350-1699,bullish,fri,tue,1060,300,130,79.87,4,1,5,0,0,bullish,1390,1350-1699,normal,0,0,0,,,estimated_rule,1993-01,bullish,3660,3600-4799
1993-W02,1993-01-11,1993-01-15,1993,2,93.23,93.39,92.33,93.04,1060,850-1099,bearish,mon,tue,190,160,710,66.98,3,2,5,0,0,bullish,1490,1350-1699,normal,0,0,0,,,estimated_rule,1993-01,bullish,3660,3600-4799
1993-W03,1993-01-18,1993-01-22,1993,3,93.04,93.12,91.35,91.41,1770,1700-2199,bearish,mon,fri,1630,80,60,3.39,1,4,5,0,0,bearish,1060,850-1099,cpi,1,1,0,1993-01-20,,estimated_rule,1993-01,bullish,3660,3600-4799
1993-W04,1993-01-25,1993-01-29,1993,4,91.38,92.61,90.09,92.46,2520,>=2200,bullish,fri,tue,1080,150,1290,94.05,3,2,5,0,0,bearish,1770,1700-2199,normal,0,0,0,,,estimated_rule,1993-01,bullish,3660,3600-4799
1993-W05,1993-02-01,1993-02-05,1993,5,92.47,94.86,92.42,94.4,2440,>=2200,bullish,thu,mon,1930,460,50,81.15,4,1,5,0,0,bullish,2520,>=2200,nfp,1,0,1,,1993-02-05,estimated_rule,1993-02,bullish,2440,2200-2799
1993-W06,1993-02-08,1993-02-12,1993,6,94.39,94.63,93.6,94.25,1030,850-1099,bearish,tue,wed,140,240,650,63.11,2,3,5,0,0,bullish,2440,>=2200,normal,0,0,0,,,estimated_rule,1993-02,bullish,2440,2200-2799
1993-W07,1993-02-15,1993-02-19,1993,7,94.46,94.57,92.66,93.35,1910,1700-2199,bearish,mon,wed,1110,110,690,36.13,2,3,5,0,0,bearish,1030,850-1099,cpi,1,1,0,1993-02-17,,estimated_rule,1993-02,bullish,2440,2200-2799
1993-W08,1993-02-22,1993-02-26,1993,8,93.38,94.14,92.43,94.05,1710,1700-2199,bullish,fri,tue,670,90,950,94.74,4,1,5,0,0,bearish,1910,1700-2199,normal,0,0,0,,,estimated_rule,1993-02,bullish,2440,2200-2799
1993-W09,1993-03-01,1993-03-05,1993,9,94.09,94.49,92.9,94.3,1590,1350-1699,bullish,fri,wed,210,190,1190,88.05,4,1,5,0,0,bullish,1710,1700-2199,nfp,1,0,1,,1993-03-05,estimated_rule,1993-03,bearish,3010,2800-3599
1993-W10,1993-03-08,1993-03-12,1993,10,94.31,94.8,93.83,94.5,970,850-1099,bullish,thu,mon,190,300,480,69.07,3,2,5,0,0,bullish,1590,1350-1699,normal,0,0,0,,,estimated_rule,1993-03,bearish,3010,2800-3599
1993-W11,1993-03-15,1993-03-19,1993,11,94.59,94.77,92.54,92.89,2230,>=2200,bearish,mon,fri,1700,180,350,15.7,0,5,5,0,0,bullish,970,850-1099,cpi,1,1,0,1993-03-17,,estimated_rule,1993-03,bearish,3010,2800-3599
1993-W12,1993-03-22,1993-03-26,1993,12,93.11,93.58,92.55,92.93,1030,850-1099,bearish,thu,wed,180,470,380,36.89,2,3,5,0,0,bearish,2230,>=2200,normal,0,0,0,,,estimated_rule,1993-03,bearish,3010,2800-3599
1993-W13,1993-03-29,1993-04-02,1993,13,92.86,93.09,90.78,91.37,2310,>=2200,bearish,mon,fri,1490,230,590,25.54,1,4,5,0,0,bearish,1030,850-1099,nfp,1,0,1,,1993-04-02,estimated_rule,1993-04,bearish,3940,3600-4799
1993-W14,1993-04-05,1993-04-09,1993,14,91.34,92.1,91.13,91.22,970,850-1099,bearish,wed,mon,120,760,90,9.28,2,3,5,0,0,bearish,2310,>=2200,normal,0,0,0,,,estimated_rule,1993-04,bearish,3940,3600-4799
1993-W15,1993-04-12,1993-04-16,1993,15,91.0,91.39,89.84,91.31,1550,1350-1699,bullish,fri,tue,310,80,1160,94.84,3,2,5,0,0,bearish,970,850-1099,normal,0,0,0,,,estimated_rule,1993-04,bearish,3940,3600-4799
1993-W16,1993-04-19,1993-04-23,1993,16,91.24,91.28,89.11,89.38,2170,1700-2199,bearish,mon,fri,1860,40,270,12.44,1,4,5,0,0,bullish,1550,1350-1699,cpi,1,1,0,1993-04-21,,estimated_rule,1993-04,bearish,3940,3600-4799
1993-W17,1993-04-26,1993-04-30,1993,17,89.3,90.01,88.37,89.49,1640,1350-1699,bullish,wed,mon,190,520,930,68.29,2,3,5,0,0,bearish,2170,1700-2199,normal,0,0,0,,,estimated_rule,1993-04,bearish,3940,3600-4799
1993-W18,1993-05-03,1993-05-07,1993,18,89.49,89.9,88.53,89.23,1370,1350-1699,bearish,mon,fri,260,410,700,51.1,2,3,5,0,0,bullish,1640,1350-1699,nfp,1,0,1,,1993-05-07,estimated_rule,1993-05,bearish,2850,2800-3599
1993-W19,1993-05-10,1993-05-14,1993,19,89.27,91.0,89.17,90.17,1830,1700-2199,bullish,fri,mon,900,830,100,54.64,4,1,5,0,0,bearish,1370,1350-1699,normal,0,0,0,,,estimated_rule,1993-05,bearish,2850,2800-3599
1993-W20,1993-05-17,1993-05-21,1993,20,90.19,91.23,90.1,90.7,1130,1100-1349,bullish,tue,mon,510,530,90,53.1,3,2,5,0,0,bullish,1830,1700-2199,cpi,1,1,0,1993-05-19,,estimated_rule,1993-05,bearish,2850,2800-3599
1993-W21,1993-05-24,1993-05-28,1993,21,90.77,91.38,88.89,88.96,2490,>=2200,bearish,mon,fri,1810,610,70,2.81,1,4,5,0,0,bullish,1130,1100-1349,normal,0,0,0,,,estimated_rule,1993-05,bearish,2850,2800-3599
1993-W22,1993-05-31,1993-06-04,1993,22,89.05,90.84,88.85,90.75,1990,1700-2199,bullish,fri,wed,1700,90,200,95.48,3,2,5,0,0,bearish,2490,>=2200,nfp,1,0,1,,1993-06-04,estimated_rule,1993-06,bullish,5300,>=4800
1993-W23,1993-06-07,1993-06-11,1993,23,90.76,91.06,90.04,90.44,1020,850-1099,bearish,wed,fri,320,300,400,39.22,3,2,5,0,0,bullish,1990,1700-2199,normal,0,0,0,,,estimated_rule,1993-06,bullish,5300,>=4800
1993-W24,1993-06-14,1993-06-18,1993,24,90.41,93.11,90.01,92.93,3100,>=2200,bullish,fri,mon,2520,180,400,94.19,4,1,5,0,0,bearish,1020,850-1099,cpi,1,1,0,1993-06-16,,estimated_rule,1993-06,bullish,5300,>=4800
1993-W25,1993-06-21,1993-06-25,1993,25,92.92,94.15,92.88,93.55,1270,1100-1349,bullish,fri,mon,630,600,40,52.76,3,2,5,0,0,bullish,3100,>=2200,normal,0,0,0,,,estimated_rule,1993-06,bullish,5300,>=4800
1993-W26,1993-06-28,1993-07-02,1993,26,93.59,94.11,92.66,93.48,1450,1350-1699,bearish,thu,wed,110,520,820,56.55,2,3,5,0,0,bullish,1270,1100-1349,nfp,1,0,1,,1993-07-02,estimated_rule,1993-07,bullish,2800,2800-3599
1993-W27,1993-07-05,1993-07-09,1993,27,93.19,95.09,92.82,94.98,2270,>=2200,bullish,fri,mon,1790,110,370,95.15,5,0,5,0,0,bearish,1450,1350-1699,normal,0,0,0,,,estimated_rule,1993-07,bullish,2800,2800-3599
1993-W28,1993-07-12,1993-07-16,1993,28,95.06,95.61,94.27,94.6,1340,1100-1349,bearish,mon,thu,460,550,330,24.63,2,3,5,0,0,bullish,2270,>=2200,normal,0,0,0,,,estimated_rule,1993-07,bullish,2800,2800-3599
1993-W29,1993-07-19,1993-07-23,1993,29,94.66,94.8,93.75,94.57,1050,850-1099,bearish,fri,wed,90,140,820,78.09,2,3,5,0,0,bearish,1340,1100-1349,cpi,1,1,0,1993-07-21,,estimated_rule,1993-07,bullish,2800,2800-3599
1993-W30,1993-07-26,1993-07-30,1993,30,94.57,95.62,94.3,95.37,1320,1100-1349,bullish,fri,wed,800,250,270,81.06,3,2,5,0,0,bearish,1050,850-1099,normal,0,0,0,,,estimated_rule,1993-07,bullish,2800,2800-3599
1993-W31,1993-08-02,1993-08-06,1993,31,95.48,95.8,94.08,94.14,1720,1700-2199,bearish,mon,fri,1340,320,60,3.49,1,4,5,0,0,bullish,1320,1100-1349,nfp,1,0,1,,1993-08-06,estimated_rule,1993-08,bearish,2680,2200-2799
1993-W32,1993-08-09,1993-08-13,1993,32,94.19,95.64,94.06,95.13,1580,1350-1699,bullish,thu,mon,940,510,130,67.72,4,1,5,0,0,bearish,1720,1700-2199,normal,0,0,0,,,estimated_rule,1993-08,bearish,2680,2200-2799
1993-W33,1993-08-16,1993-08-20,1993,33,95.16,95.19,93.12,93.38,2070,1700-2199,bearish,mon,thu,1780,30,260,12.56,1,4,5,0,0,bullish,1580,1350-1699,cpi,1,1,0,1993-08-18,,estimated_rule,1993-08,bearish,2680,2200-2799
1993-W34,1993-08-23,1993-08-27,1993,34,93.3,94.39,93.19,93.3,1200,1100-1349,bullish,wed,mon,0,1090,110,9.17,2,3,5,0,0,bearish,2070,1700-2199,normal,0,0,0,,,estimated_rule,1993-08,bearish,2680,2200-2799
1993-W35,1993-08-30,1993-09-03,1993,35,93.28,94.15,92.05,92.08,2100,1700-2199,bearish,wed,fri,1200,870,30,1.43,2,3,5,0,0,bullish,1200,1100-1349,nfp,1,0,1,,1993-09-03,estimated_rule,1993-09,bearish,3860,3600-4799
1993-W36,1993-09-06,1993-09-10,1993,36,93.23,93.45,90.66,90.8,2790,>=2200,bearish,mon,fri,2430,220,140,5.02,1,4,5,0,0,bearish,2100,1700-2199,normal,0,0,0,,,estimated_rule,1993-09,bearish,3860,3600-4799
1993-W37,1993-09-13,1993-09-17,1993,37,90.81,91.56,90.29,91.4,1270,1100-1349,bullish,fri,wed,590,160,520,87.4,4,1,5,0,0,bearish,2790,>=2200,cpi,1,1,0,1993-09-15,,estimated_rule,1993-09,bearish,3860,3600-4799
1993-W38,1993-09-20,1993-09-24,1993,38,91.41,93.32,91.21,92.65,2110,1700-2199,bullish,fri,tue,1240,670,200,68.25,2,3,5,0,0,bullish,1270,1100-1349,normal,0,0,0,,,estimated_rule,1993-09,bearish,3860,3600-4799
1993-W39,1993-09-27,1993-10-01,1993,39,92.65,93.35,91.59,92.69,1760,1700-2199,bullish,fri,wed,40,660,1060,62.5,2,3,5,0,0,bullish,2110,1700-2199,nfp,1,0,1,,1993-10-01,estimated_rule,1993-10,bullish,4130,3600-4799
1993-W40,1993-10-04,1993-10-08,1993,40,92.78,93.27,91.48,91.65,1790,1700-2199,bearish,mon,fri,1130,490,170,9.5,2,3,5,0,0,bullish,1760,1700-2199,normal,0,0,0,,,estimated_rule,1993-10,bullish,4130,3600-4799
1993-W41,1993-10-11,1993-10-15,1993,41,91.66,92.67,91.21,92.52,1460,1350-1699,bullish,fri,tue,860,150,450,89.73,4,1,5,0,0,bearish,1790,1700-2199,normal,0,0,0,,,estimated_rule,1993-10,bullish,4130,3600-4799
1993-W42,1993-10-18,1993-10-22,1993,42,92.56,94.54,92.53,94.44,2010,1700-2199,bullish,fri,mon,1880,100,30,95.02,4,1,5,0,0,bullish,1460,1350-1699,cpi,1,1,0,1993-10-20,,estimated_rule,1993-10,bullish,4130,3600-4799
1993-W43,1993-10-25,1993-10-29,1993,43,94.46,95.34,94.12,95.08,1220,1100-1349,bullish,thu,mon,620,260,340,78.69,3,2,5,0,0,bullish,2010,1700-2199,normal,0,0,0,,,estimated_rule,1993-10,bullish,4130,3600-4799
1993-W44,1993-11-01,1993-11-05,1993,44,95.19,95.54,94.76,94.88,780,<850,bearish,tue,fri,310,350,120,15.38,3,2,5,0,0,bullish,1220,1100-1349,nfp,1,0,1,,1993-11-05,estimated_rule,1993-11,bullish,1960,1600-2199
1993-W45,1993-11-08,1993-11-12,1993,45,94.86,95.36,94.41,94.5,950,850-1099,bearish,tue,fri,360,500,90,9.47,2,3,5,0,0,bearish,780,<850,normal,0,0,0,,,estimated_rule,1993-11,bullish,1960,1600-2199
1993-W46,1993-11-15,1993-11-19,1993,46,94.61,96.2,94.47,96.02,1730,1700-2199,bullish,fri,mon,1410,180,140,89.6,4,1,5,0,0,bearish,950,850-1099,cpi,1,1,0,1993-11-17,,estimated_rule,1993-11,bullish,1960,1600-2199
1993-W47,1993-11-22,1993-11-26,1993,47,96.03,96.2,95.35,96.02,850,850-1099,bearish,mon,wed,10,170,670,78.82,1,4,5,0,0,bullish,1730,1700-2199,normal,0,0,0,,,estimated_rule,1993-11,bullish,1960,1600-2199
1993-W48,1993-11-29,1993-12-03,1993,48,96.05,96.53,95.84,96.08,690,<850,bullish,thu,tue,30,450,210,34.78,2,3,5,0,0,bearish,850,850-1099,nfp,1,0,1,,1993-12-03,estimated_rule,1993-12,bullish,2180,1600-2199
1993-W49,1993-12-06,1993-12-10,1993,49,96.01,96.04,94.9,95.05,1140,1100-1349,bearish,mon,tue,960,30,150,13.16,3,2,5,0,0,bullish,690,<850,normal,0,0,0,,,estimated_rule,1993-12,bullish,2180,1600-2199
1993-W50,1993-12-13,1993-12-17,1993,50,95.05,96.1,94.88,95.74,1220,1100-1349,bullish,thu,mon,690,360,170,70.49,4,1,5,0,0,bearish,1140,1100-1349,cpi,1,1,0,1993-12-15,,estimated_rule,1993-12,bullish,2180,1600-2199
1993-W51,1993-12-20,1993-12-24,1993,51,95.72,96.01,94.67,94.68,1340,1100-1349,bearish,mon,thu,1040,290,10,0.75,1,4,5,0,0,bullish,1220,1100-1349,normal,0,0,0,,,estimated_rule,1993-12,bullish,2180,1600-2199
1993-W52,1993-12-27,1993-12-31,1993,52,94.99,96.85,94.96,96.84,1890,1700-2199,bullish,fri,mon,1850,10,30,99.47,4,1,5,0,0,bearish,1340,1100-1349,normal,0,0,0,,,estimated_rule,1993-12,bullish,2180,1600-2199
1994-W01,1994-01-03,1994-01-07,1994,1,96.76,97.09,95.99,96.08,1100,1100-1349,bearish,tue,fri,680,330,90,8.18,3,2,5,0,0,bullish,1890,1700-2199,nfp,1,0,1,,1994-01-07,estimated_rule,1994-01,bearish,1940,1600-2199
1994-W02,1994-01-10,1994-01-14,1994,2,96.04,97.02,95.95,96.68,1070,850-1099,bullish,fri,mon,640,340,90,68.22,3,2,5,0,0,bearish,1100,1100-1349,normal,0,0,0,,,estimated_rule,1994-01,bearish,1940,1600-2199
1994-W03,1994-01-17,1994-01-21,1994,3,96.85,96.93,95.89,96.71,1040,850-1099,bearish,mon,fri,140,80,820,78.85,2,3,5,0,0,bullish,1070,850-1099,cpi,1,1,0,1994-01-19,,estimated_rule,1994-01,bearish,1940,1600-2199
1994-W04,1994-01-24,1994-01-28,1994,4,96.84,96.89,95.15,96.18,1740,1700-2199,bearish,mon,fri,660,50,1030,59.2,1,4,5,0,0,bearish,1040,850-1099,normal,0,0,0,,,estimated_rule,1994-01,bearish,1940,1600-2199
1994-W05,1994-01-31,1994-02-04,1994,5,95.95,96.9,95.13,96.75,1770,1700-2199,bullish,fri,tue,800,150,820,91.53,4,1,5,0,0,bearish,1740,1700-2199,nfp,1,0,1,,1994-02-04,estimated_rule,1994-02,bearish,2760,2200-2799
1994-W06,1994-02-07,1994-02-11,1994,6,96.72,97.1,96.44,96.65,660,<850,bearish,tue,fri,70,380,210,31.82,2,3,5,0,0,bullish,1770,1700-2199,normal,0,0,0,,,estimated_rule,1994-02,bearish,2760,2200-2799
1994-W07,1994-02-14,1994-02-18,1994,7,95.8,96.4,94.58,94.6,1820,1700-2199,bearish,mon,fri,1200,600,20,1.1,2,3,5,0,0,bearish,660,<850,cpi,1,1,0,1994-02-16,,estimated_rule,1994-02,bearish,2760,2200-2799
1994-W08,1994-02-21,1994-02-25,1994,8,94.88,95.88,94.42,94.77,1460,1350-1699,bearish,thu,fri,110,1000,350,23.97,1,4,5,0,0,bearish,1820,1700-2199,normal,0,0,0,,,estimated_rule,1994-02,bearish,2760,2200-2799
1994-W09,1994-02-28,1994-03-04,1994,9,94.64,95.35,94.12,95.16,1230,1100-1349,bullish,fri,wed,520,190,520,84.55,2,3,5,0,0,bearish,1460,1350-1699,nfp,1,0,1,,1994-03-04,estimated_rule,1994-03,bearish,2560,2200-2799
1994-W10,1994-03-07,1994-03-11,1994,10,95.17,95.42,93.52,93.91,1900,1700-2199,bearish,mon,fri,1260,250,390,20.53,2,3,5,0,0,bullish,1230,1100-1349,normal,0,0,0,,,estimated_rule,1994-03,bearish,2560,2200-2799
1994-W11,1994-03-14,1994-03-18,1994,11,94.07,94.73,93.77,94.57,960,850-1099,bullish,fri,thu,500,160,300,83.33,4,1,5,0,0,bearish,1900,1700-2199,cpi,1,1,0,1994-03-16,,estimated_rule,1994-03,bearish,2560,2200-2799
1994-W12,1994-03-21,1994-03-25,1994,12,94.72,94.91,93.27,93.5,1640,1350-1699,bearish,mon,fri,1220,190,230,14.02,0,5,5,0,0,bullish,960,850-1099,normal,0,0,0,,,estimated_rule,1994-03,bearish,2560,2200-2799
1994-W13,1994-03-28,1994-04-01,1994,13,93.54,94.36,92.86,94.31,1500,1350-1699,bullish,fri,thu,770,50,680,96.67,3,2,5,0,0,bearish,1640,1350-1699,nfp,1,0,1,,1994-04-01,estimated_rule,1994-04,bearish,3620,3600-4799
1994-W14,1994-04-04,1994-04-08,1994,14,94.25,95.33,94.17,94.93,1160,1100-1349,bullish,tue,mon,680,400,80,65.52,2,3,5,0,0,bullish,1500,1350-1699,normal,0,0,0,,,estimated_rule,1994-04,bearish,3620,3600-4799
1994-W15,1994-04-11,1994-04-15,1994,15,94.83,95.09,94.49,94.9,600,<850,bullish,tue,mon,70,190,340,68.33,3,2,5,0,0,bullish,1160,1100-1349,normal,0,0,0,,,estimated_rule,1994-04,bearish,3620,3600-4799
1994-W16,1994-04-18,1994-04-22,1994,16,94.79,95.26,93.7,93.91,1560,1350-1699,bearish,mon,thu,880,470,210,13.46,2,3,5,0,0,bullish,600,<850,cpi,1,1,0,1994-04-20,,estimated_rule,1994-04,bearish,3620,3600-4799
1994-W17,1994-04-25,1994-04-29,1994,17,93.71,93.86,91.71,92.12,2150,1700-2199,bearish,mon,fri,1590,150,410,19.07,0,5,5,0,0,bearish,1560,1350-1699,normal,0,0,0,,,estimated_rule,1994-04,bearish,3620,3600-4799
1994-W18,1994-05-02,1994-05-06,1994,18,92.57,93.39,91.51,92.71,1880,1700-2199,bullish,fri,wed,140,680,1060,63.83,2,3,5,0,0,bearish,2150,1700-2199,nfp,1,0,1,,1994-05-06,estimated_rule,1994-05,bearish,2240,2200-2799
1994-W19,1994-05-09,1994-05-13,1994,19,92.86,93.75,92.41,93.3,1340,1100-1349,bullish,wed,mon,440,450,450,66.42,2,3,5,0,0,bullish,1880,1700-2199,normal,0,0,0,,,estimated_rule,1994-05,bearish,2240,2200-2799
1994-W20,1994-05-16,1994-05-20,1994,20,93.39,93.56,92.17,92.24,1390,1350-1699,bearish,mon,fri,1150,170,70,5.04,2,3,5,0,0,bullish,1340,1100-1349,cpi,1,1,0,1994-05-18,,estimated_rule,1994-05,bearish,2240,2200-2799
1994-W21,1994-05-23,1994-05-27,1994,21,92.35,92.83,92.09,92.32,740,<850,bearish,wed,mon,30,480,230,31.08,2,3,5,0,0,bearish,1390,1350-1699,normal,0,0,0,,,estimated_rule,1994-05,bearish,2240,2200-2799
1994-W22,1994-05-30,1994-06-03,1994,22,92.57,93.51,92.21,93.42,1300,1100-1349,bullish,fri,mon,850,90,360,93.08,3,2,5,0,0,bearish,740,<850,nfp,1,0,1,,1994-06-03,estimated_rule,1994-06,bearish,4490,3600-4799
1994-W23,1994-06-06,1994-06-10,1994,23,93.41,93.58,92.86,92.97,720,<850,bearish,mon,fri,440,170,110,15.28,1,4,5,0,0,bullish,1300,1100-1349,normal,0,0,0,,,estimated_rule,1994-06,bearish,4490,3600-4799
1994-W24,1994-06-13,1994-06-17,1994,24,92.9,92.94,90.93,90.97,2010,1700-2199,bearish,mon,fri,1930,40,40,1.99,1,4,5,0,0,bearish,720,<850,cpi,1,1,0,1994-06-15,,estimated_rule,1994-06,bearish,4490,3600-4799
1994-W25,1994-06-20,1994-06-24,1994,25,91.14,91.22,89.45,89.6,1770,1700-2199,bearish,mon,fri,1540,80,150,8.47,1,4,5,0,0,bearish,2010,1700-2199,normal,0,0,0,,,estimated_rule,1994-06,bearish,4490,3600-4799
1994-W26,1994-06-27,1994-07-01,1994,26,89.5,90.56,89.09,89.92,1470,1350-1699,bullish,fri,wed,420,640,410,56.46,4,1,5,0,0,bearish,1770,1700-2199,nfp,1,0,1,,1994-07-01,estimated_rule,1994-07,bullish,3910,3600-4799
1994-W27,1994-07-04,1994-07-08,1994,27,90.1,90.3,88.74,88.87,1560,1350-1699,bearish,mon,fri,1230,200,130,8.33,0,5,5,0,0,bullish,1470,1350-1699,normal,0,0,0,,,estimated_rule,1994-07,bullish,3910,3600-4799
1994-W28,1994-07-11,1994-07-15,1994,28,88.47,88.75,86.65,88.33,2100,1700-2199,bearish,mon,tue,140,280,1680,80.0,2,3,5,0,0,bearish,1560,1350-1699,normal,0,0,0,,,estimated_rule,1994-07,bullish,3910,3600-4799
1994-W29,1994-07-18,1994-07-22,1994,29,88.12,90.35,87.83,90.18,2520,>=2200,bullish,fri,mon,2060,170,290,93.25,4,1,5,0,0,bearish,2100,1700-2199,cpi,1,1,0,1994-07-20,,estimated_rule,1994-07,bullish,3910,3600-4799
1994-W30,1994-07-25,1994-07-29,1994,30,89.96,90.44,89.0,89.87,1440,1350-1699,bearish,fri,thu,90,480,870,60.42,1,4,5,0,0,bullish,2520,>=2200,normal,0,0,0,,,estimated_rule,1994-07,bullish,3910,3600-4799
1994-W31,1994-08-01,1994-08-05,1994,31,89.39,90.24,89.14,89.63,1100,1100-1349,bullish,fri,mon,240,610,250,44.55,3,2,5,0,0,bearish,1440,1350-1699,nfp,1,0,1,,1994-08-05,estimated_rule,1994-08,bullish,2900,2800-3599
1994-W32,1994-08-08,1994-08-12,1994,32,89.57,90.31,88.73,88.94,1580,1350-1699,bearish,thu,fri,630,740,210,13.29,3,2,5,0,0,bullish,1100,1100-1349,normal,0,0,0,,,estimated_rule,1994-08,bullish,2900,2800-3599
1994-W33,1994-08-15,1994-08-19,1994,33,88.88,89.47,87.92,88.03,1550,1350-1699,bearish,wed,fri,850,590,110,7.1,2,3,5,0,0,bearish,1580,1350-1699,cpi,1,1,0,1994-08-17,,estimated_rule,1994-08,bullish,2900,2800-3599
1994-W34,1994-08-22,1994-08-26,1994,34,88.13,89.83,87.41,89.59,2420,>=2200,bullish,fri,tue,1460,240,720,90.08,3,2,5,0,0,bearish,1550,1350-1699,normal,0,0,0,,,estimated_rule,1994-08,bullish,2900,2800-3599
1994-W35,1994-08-29,1994-09-02,1994,35,89.61,90.31,88.5,88.56,1810,1700-2199,bearish,mon,fri,1050,700,60,3.31,1,4,5,0,0,bullish,2420,>=2200,nfp,1,0,1,,1994-09-02,estimated_rule,1994-09,bearish,2580,2200-2799
1994-W36,1994-09-05,1994-09-09,1994,36,88.58,88.96,87.8,87.92,1160,1100-1349,bearish,fri,fri,660,380,120,10.34,2,3,5,0,0,bearish,1810,1700-2199,normal,0,0,0,,,estimated_rule,1994-09,bearish,2580,2200-2799
1994-W37,1994-09-12,1994-09-16,1994,37,87.85,88.18,87.14,87.57,1040,850-1099,bearish,tue,fri,280,330,430,41.35,2,3,5,0,0,bearish,1160,1100-1349,normal,0,0,0,,,estimated_rule,1994-09,bearish,2580,2200-2799
1994-W38,1994-09-19,1994-09-23,1994,38,87.65,88.16,87.38,87.58,780,<850,bearish,tue,fri,70,510,200,25.64,2,3,5,0,0,bearish,1040,850-1099,cpi,1,1,0,1994-09-21,,estimated_rule,1994-09,bearish,2580,2200-2799
1994-W39,1994-09-26,1994-09-30,1994,39,87.66,88.07,87.32,87.88,750,<850,bullish,mon,wed,220,190,340,74.67,3,2,5,0,0,bearish,780,<850,normal,0,0,0,,,estimated_rule,1994-09,bearish,2580,2200-2799
1994-W40,1994-10-03,1994-10-07,1994,40,87.72,88.37,87.32,87.9,1050,850-1099,bullish,mon,fri,180,470,400,55.24,2,3,5,0,0,bullish,750,<850,nfp,1,0,1,,1994-10-07,estimated_rule,1994-10,bearish,3460,2800-3599
1994-W41,1994-10-10,1994-10-14,1994,41,87.9,88.06,86.63,86.74,1430,1350-1699,bearish,mon,fri,1160,160,110,7.69,1,4,5,0,0,bullish,1050,850-1099,normal,0,0,0,,,estimated_rule,1994-10,bearish,3460,2800-3599
1994-W42,1994-10-17,1994-10-21,1994,42,86.82,86.86,85.15,85.63,1710,1700-2199,bearish,mon,fri,1190,40,480,28.07,2,3,5,0,0,bearish,1430,1350-1699,cpi,1,1,0,1994-10-19,,estimated_rule,1994-10,bearish,3460,2800-3599
1994-W43,1994-10-24,1994-10-28,1994,43,85.67,86.3,84.91,85.99,1390,1350-1699,bullish,fri,tue,320,310,760,77.7,3,2,5,0,0,bearish,1710,1700-2199,normal,0,0,0,,,estimated_rule,1994-10,bearish,3460,2800-3599
1994-W44,1994-10-31,1994-11-04,1994,44,86.14,86.98,85.2,86.5,1780,1700-2199,bullish,fri,wed,360,480,940,73.03,2,3,5,0,0,bullish,1390,1350-1699,nfp,1,0,1,,1994-11-04,estimated_rule,1994-11,bullish,4070,3600-4799
1994-W45,1994-11-07,1994-11-11,1994,45,86.33,87.38,85.91,87.09,1470,1350-1699,bullish,thu,wed,760,290,420,80.27,4,1,5,0,0,bullish,1780,1700-2199,normal,0,0,0,,,estimated_rule,1994-11,bullish,4070,3600-4799
1994-W46,1994-11-14,1994-11-18,1994,46,87.17,88.55,87.14,88.36,1410,1350-1699,bullish,fri,mon,1190,190,30,86.52,3,2,5,0,0,bullish,1470,1350-1699,cpi,1,1,0,1994-11-16,,estimated_rule,1994-11,bullish,4070,3600-4799
1994-W47,1994-11-21,1994-11-25,1994,47,88.37,88.79,88.09,88.75,700,<850,bullish,fri,wed,380,40,280,94.29,5,0,5,0,0,bullish,1410,1350-1699,normal,0,0,0,,,estimated_rule,1994-11,bullish,4070,3600-4799
1994-W48,1994-11-28,1994-12-02,1994,48,88.81,89.67,88.73,89.56,940,850-1099,bullish,fri,tue,750,110,80,88.3,4,1,5,0,0,bullish,700,<850,nfp,1,0,1,,1994-12-02,estimated_rule,1994-12,bearish,1720,1600-2199
1994-W49,1994-12-05,1994-12-09,1994,49,89.54,89.88,89.06,89.6,820,<850,bullish,fri,wed,60,280,480,65.85,2,3,5,0,0,bullish,940,850-1099,normal,0,0,0,,,estimated_rule,1994-12,bearish,1720,1600-2199
1994-W50,1994-12-12,1994-12-16,1994,50,89.62,89.85,89.37,89.59,480,<850,bearish,mon,tue,30,230,220,45.83,3,2,5,0,0,bullish,820,<850,normal,0,0,0,,,estimated_rule,1994-12,bearish,1720,1600-2199
1994-W51,1994-12-19,1994-12-23,1994,51,89.7,90.18,89.49,89.96,690,<850,bullish,thu,wed,260,220,210,68.12,3,2,5,0,0,bearish,480,<850,cpi,1,1,0,1994-12-21,,estimated_rule,1994-12,bearish,1720,1600-2199
1994-W52,1994-12-26,1994-12-30,1994,52,89.83,90.09,88.46,88.73,1630,1350-1699,bearish,tue,wed,1100,260,270,16.56,2,3,5,0,0,bullish,690,<850,normal,0,0,0,,,estimated_rule,1994-12,bearish,1720,1600-2199
1995-W01,1995-01-02,1995-01-06,1995,1,88.84,89.63,88.65,89.61,980,850-1099,bullish,fri,mon,770,20,190,97.96,2,3,5,0,0,bearish,1630,1350-1699,nfp,1,0,1,,1995-01-06,estimated_rule,1995-01,bearish,2680,2200-2799
1995-W02,1995-01-09,1995-01-13,1995,2,89.53,89.58,88.03,88.14,1550,1350-1699,bearish,mon,fri,1390,50,110,7.1,1,4,5,0,0,bullish,980,850-1099,normal,0,0,0,,,estimated_rule,1995-01,bearish,2680,2200-2799
1995-W03,1995-01-16,1995-01-20,1995,3,88.15,88.54,87.26,87.45,1280,1100-1349,bearish,wed,fri,700,390,190,14.84,2,3,5,0,0,bearish,1550,1350-1699,cpi,1,1,0,1995-01-18,,estimated_rule,1995-01,bearish,2680,2200-2799
1995-W04,1995-01-23,1995-01-27,1995,4,87.61,87.83,87.09,87.62,740,<850,bullish,fri,wed,10,210,520,71.62,2,3,5,0,0,bearish,1280,1100-1349,normal,0,0,0,,,estimated_rule,1995-01,bearish,2680,2200-2799
1995-W05,1995-01-30,1995-02-03,1995,5,87.52,88.34,86.95,88.19,1390,1350-1699,bullish,fri,mon,670,150,570,89.21,3,2,5,0,0,bullish,740,<850,nfp,1,0,1,,1995-02-03,estimated_rule,1995-02,bearish,2800,2800-3599
1995-W06,1995-02-06,1995-02-10,1995,6,88.21,88.49,87.68,87.76,810,<850,bearish,tue,fri,450,280,80,9.88,1,4,5,0,0,bullish,1390,1350-1699,normal,0,0,0,,,estimated_rule,1995-02,bearish,2800,2800-3599
1995-W07,1995-02-13,1995-02-17,1995,7,87.76,87.96,86.13,86.43,1830,1700-2199,bearish,tue,fri,1330,200,300,16.39,2,3,5,0,0,bearish,810,<850,cpi,1,1,0,1995-02-15,,estimated_rule,1995-02,bearish,2800,2800-3599
1995-W08,1995-02-20,1995-02-24,1995,8,86.65,86.73,85.69,85.83,1040,850-1099,bearish,mon,thu,820,80,140,13.46,2,3,5,0,0,bearish,1830,1700-2199,normal,0,0,0,,,estimated_rule,1995-02,bearish,2800,2800-3599
1995-W09,1995-02-27,1995-03-03,1995,9,85.95,86.3,84.32,84.37,1980,1700-2199,bearish,tue,fri,1580,350,50,2.53,2,3,5,0,0,bearish,1040,850-1099,nfp,1,0,1,,1995-03-03,estimated_rule,1995-03,bearish,4860,>=4800
1995-W10,1995-03-06,1995-03-10,1995,10,83.78,84.41,81.24,84.23,3170,>=2200,bullish,fri,wed,450,180,2540,94.32,2,3,5,0,0,bearish,1980,1700-2199,normal,0,0,0,,,estimated_rule,1995-03,bearish,4860,>=4800
1995-W11,1995-03-13,1995-03-17,1995,11,83.91,84.19,82.52,83.29,1670,1350-1699,bearish,tue,thu,620,280,770,46.11,2,3,5,0,0,bullish,3170,>=2200,cpi,1,1,0,1995-03-15,,estimated_rule,1995-03,bearish,4860,>=4800
1995-W12,1995-03-20,1995-03-24,1995,12,83.18,83.99,83.12,83.87,870,850-1099,bullish,fri,mon,690,120,60,86.21,2,3,5,0,0,bearish,1670,1350-1699,normal,0,0,0,,,estimated_rule,1995-03,bearish,4860,>=4800
1995-W13,1995-03-27,1995-03-31,1995,13,83.79,83.93,81.47,81.9,2460,>=2200,bearish,mon,fri,1890,140,430,17.48,1,4,5,0,0,bullish,870,850-1099,normal,0,0,0,,,estimated_rule,1995-03,bearish,4860,>=4800
1995-W14,1995-04-03,1995-04-07,1995,14,81.87,82.46,81.21,81.44,1250,1100-1349,bearish,tue,fri,430,590,230,18.4,2,3,5,0,0,bearish,2460,>=2200,nfp,1,0,1,,1995-04-07,estimated_rule,1995-04,bearish,2980,2800-3599
1995-W15,1995-04-10,1995-04-14,1995,15,81.77,83.03,81.51,81.74,1520,1350-1699,bearish,mon,thu,30,1260,230,15.13,2,3,5,0,0,bearish,1250,1100-1349,normal,0,0,0,,,estimated_rule,1995-04,bearish,2980,2800-3599
1995-W16,1995-04-17,1995-04-21,1995,16,81.43,82.15,80.05,81.38,2100,1700-2199,bearish,thu,wed,50,720,1330,63.33,2,3,5,0,0,bearish,1520,1350-1699,cpi,1,1,0,1995-04-19,,estimated_rule,1995-04,bearish,2980,2800-3599
1995-W17,1995-04-24,1995-04-28,1995,17,81.15,82.1,80.6,81.8,1500,1350-1699,bullish,fri,tue,650,300,550,80.0,4,1,5,0,0,bearish,2100,1700-2199,normal,0,0,0,,,estimated_rule,1995-04,bearish,2980,2800-3599
1995-W18,1995-05-01,1995-05-05,1995,18,81.87,82.0,80.92,81.3,1080,850-1099,bearish,mon,fri,570,130,380,35.19,2,3,5,0,0,bullish,1500,1350-1699,nfp,1,0,1,,1995-05-05,estimated_rule,1995-05,bullish,4290,3600-4799
1995-W19,1995-05-08,1995-05-12,1995,19,81.15,84.43,80.55,84.04,3880,>=2200,bullish,fri,mon,2890,390,600,89.95,4,1,5,0,0,bearish,1080,850-1099,normal,0,0,0,,,estimated_rule,1995-05,bullish,4290,3600-4799
1995-W20,1995-05-15,1995-05-19,1995,20,84.23,84.84,83.29,84.24,1550,1350-1699,bullish,thu,tue,10,600,940,61.29,3,2,5,0,0,bullish,3880,>=2200,cpi,1,1,0,1995-05-17,,estimated_rule,1995-05,bullish,4290,3600-4799
1995-W21,1995-05-22,1995-05-26,1995,21,84.16,84.61,81.0,81.1,3610,>=2200,bearish,mon,fri,3060,450,100,2.77,1,4,5,0,0,bullish,1550,1350-1699,normal,0,0,0,,,estimated_rule,1995-05,bullish,4290,3600-4799
1995-W22,1995-05-29,1995-06-02,1995,22,82.23,83.58,81.0,82.53,2580,>=2200,bullish,thu,mon,300,1050,1230,59.3,3,2,5,0,0,bearish,3610,>=2200,nfp,1,0,1,,1995-06-02,estimated_rule,1995-06,bearish,2230,2200-2799
1995-W23,1995-06-05,1995-06-09,1995,23,82.38,82.97,81.88,82.18,1090,850-1099,bearish,thu,fri,200,590,300,27.52,2,3,5,0,0,bullish,2580,>=2200,normal,0,0,0,,,estimated_rule,1995-06,bearish,2230,2200-2799
1995-W24,1995-06-12,1995-06-16,1995,24,82.25,82.68,81.78,82.12,900,850-1099,bearish,wed,thu,130,430,340,37.78,3,2,5,0,0,bearish,1090,850-1099,normal,0,0,0,,,estimated_rule,1995-06,bearish,2230,2200-2799
1995-W25,1995-06-19,1995-06-23,1995,25,82.04,82.34,81.35,81.43,990,850-1099,bearish,mon,wed,610,300,80,8.08,2,3,5,0,0,bearish,900,850-1099,cpi,1,1,0,1995-06-21,,estimated_rule,1995-06,bearish,2230,2200-2799
1995-W26,1995-06-26,1995-06-30,1995,26,81.47,82.56,81.37,81.58,1190,1100-1349,bullish,wed,fri,110,980,100,17.65,3,2,5,0,0,bearish,990,850-1099,normal,0,0,0,,,estimated_rule,1995-06,bearish,2230,2200-2799
1995-W27,1995-07-03,1995-07-07,1995,27,81.55,82.34,81.26,81.86,1080,850-1099,bullish,fri,thu,310,480,290,55.56,3,2,5,0,0,bullish,1190,1100-1349,nfp,1,0,1,,1995-07-07,estimated_rule,1995-07,bullish,1580,<1600
1995-W28,1995-07-10,1995-07-14,1995,28,81.88,82.8,81.67,81.91,1130,1100-1349,bullish,thu,fri,30,890,210,21.24,3,2,5,0,0,bullish,1080,850-1099,normal,0,0,0,,,estimated_rule,1995-07,bullish,1580,<1600
1995-W29,1995-07-17,1995-07-21,1995,29,82.07,82.42,81.22,81.8,1200,1100-1349,bearish,mon,wed,270,350,580,48.33,3,2,5,0,0,bullish,1130,1100-1349,cpi,1,1,0,1995-07-19,,estimated_rule,1995-07,bullish,1580,<1600
1995-W30,1995-07-24,1995-07-28,1995,30,81.98,82.03,81.23,81.41,800,<850,bearish,wed,fri,570,50,180,22.5,1,4,5,0,0,bearish,1200,1100-1349,normal,0,0,0,,,estimated_rule,1995-07,bullish,1580,<1600
1995-W31,1995-07-31,1995-08-04,1995,31,81.48,82.47,81.03,82.08,1440,1350-1699,bullish,wed,tue,600,390,450,72.92,3,2,5,0,0,bearish,800,<850,nfp,1,0,1,,1995-08-04,estimated_rule,1995-08,bullish,5600,>=4800
1995-W32,1995-08-07,1995-08-11,1995,32,82.16,84.18,82.03,84.09,2150,1700-2199,bullish,fri,mon,1930,90,130,95.81,5,0,5,0,0,bullish,1440,1350-1699,normal,0,0,0,,,estimated_rule,1995-08,bullish,5600,>=4800
1995-W33,1995-08-14,1995-08-18,1995,33,84.36,86.56,83.86,85.96,2700,>=2200,bullish,wed,mon,1600,600,500,77.78,2,3,5,0,0,bullish,2150,1700-2199,cpi,1,1,0,1995-08-16,,estimated_rule,1995-08,bullish,5600,>=4800
1995-W34,1995-08-21,1995-08-25,1995,34,86.15,86.63,85.61,85.71,1020,850-1099,bearish,thu,fri,440,480,100,9.8,1,4,5,0,0,bullish,2700,>=2200,normal,0,0,0,,,estimated_rule,1995-08,bullish,5600,>=4800
1995-W35,1995-08-28,1995-09-01,1995,35,85.56,86.34,85.19,85.47,1150,1100-1349,bearish,wed,mon,90,780,280,24.35,1,4,5,0,0,bearish,1020,850-1099,nfp,1,0,1,,1995-09-01,estimated_rule,1995-09,bearish,3970,3600-4799
1995-W36,1995-09-04,1995-09-08,1995,36,85.29,86.57,85.17,86.01,1400,1350-1699,bullish,fri,mon,720,560,120,60.0,2,3,5,0,0,bearish,1150,1100-1349,normal,0,0,0,,,estimated_rule,1995-09,bearish,3970,3600-4799
1995-W37,1995-09-11,1995-09-15,1995,37,85.86,87.47,85.58,86.97,1890,1700-2199,bullish,thu,mon,1110,500,280,73.54,3,2,5,0,0,bullish,1400,1350-1699,normal,0,0,0,,,estimated_rule,1995-09,bearish,3970,3600-4799
1995-W38,1995-09-18,1995-09-22,1995,38,87.12,87.16,83.5,84.27,3660,>=2200,bearish,mon,thu,2850,40,770,21.04,2,3,5,0,0,bullish,1890,1700-2199,cpi,1,1,0,1995-09-20,,estimated_rule,1995-09,bearish,3970,3600-4799
1995-W39,1995-09-25,1995-09-29,1995,39,84.51,84.97,83.53,84.29,1440,1350-1699,bearish,tue,fri,220,460,760,52.78,3,2,5,0,0,bearish,3660,>=2200,normal,0,0,0,,,estimated_rule,1995-09,bearish,3970,3600-4799
1995-W40,1995-10-02,1995-10-06,1995,40,84.31,84.9,83.85,84.28,1050,850-1099,bearish,wed,thu,30,590,430,40.95,2,3,5,0,0,bearish,1440,1350-1699,nfp,1,0,1,,1995-10-06,estimated_rule,1995-10,bearish,1910,1600-2199
1995-W41,1995-10-09,1995-10-13,1995,41,84.35,84.58,83.73,84.42,850,850-1099,bullish,fri,mon,70,160,620,81.18,3,2,5,0,0,bearish,1050,850-1099,normal,0,0,0,,,estimated_rule,1995-10,bearish,1910,1600-2199
1995-W42,1995-10-16,1995-10-20,1995,42,84.33,84.53,83.38,83.51,1150,1100-1349,bearish,wed,fri,820,200,130,11.3,1,4,5,0,0,bullish,850,850-1099,cpi,1,1,0,1995-10-18,,estimated_rule,1995-10,bearish,1910,1600-2199
1995-W43,1995-10-23,1995-10-27,1995,43,83.34,84.1,82.99,83.78,1110,1100-1349,bullish,thu,mon,440,320,350,71.17,3,2,5,0,0,bearish,1150,1100-1349,normal,0,0,0,,,estimated_rule,1995-10,bearish,1910,1600-2199
1995-W44,1995-10-30,1995-11-03,1995,44,83.85,84.45,83.5,84.12,950,850-1099,bullish,fri,tue,270,330,350,65.26,2,3,5,0,0,bullish,1110,1100-1349,nfp,1,0,1,,1995-11-03,estimated_rule,1995-11,bullish,2040,1600-2199
1995-W45,1995-11-06,1995-11-10,1995,45,84.14,84.28,83.34,83.84,940,850-1099,bearish,thu,thu,300,140,500,53.19,3,2,5,0,0,bullish,950,850-1099,normal,0,0,0,,,estimated_rule,1995-11,bullish,2040,1600-2199
1995-W46,1995-11-13,1995-11-17,1995,46,83.82,84.31,83.4,83.77,910,850-1099,bearish,mon,wed,50,490,370,40.66,4,1,5,0,0,bearish,940,850-1099,cpi,1,1,0,1995-11-15,,estimated_rule,1995-11,bullish,2040,1600-2199
1995-W47,1995-11-20,1995-11-24,1995,47,83.97,84.36,83.41,83.98,950,850-1099,bullish,mon,wed,10,380,560,60.0,3,2,5,0,0,bearish,910,850-1099,normal,0,0,0,,,estimated_rule,1995-11,bullish,2040,1600-2199
1995-W48,1995-11-27,1995-12-01,1995,48,84.0,85.42,83.91,85.16,1510,1350-1699,bullish,fri,mon,1160,260,90,82.78,3,2,5,0,0,bullish,950,850-1099,nfp,1,0,1,,1995-12-01,estimated_rule,1995-12,bearish,1290,<1600
1995-W49,1995-12-04,1995-12-08,1995,49,85.12,85.53,84.5,85.24,1030,850-1099,bullish,fri,wed,120,290,620,71.84,3,2,5,0,0,bullish,1510,1350-1699,normal,0,0,0,,,estimated_rule,1995-12,bearish,1290,<1600
1995-W50,1995-12-11,1995-12-15,1995,50,85.14,85.63,84.81,85.13,820,<850,bearish,wed,thu,10,490,320,39.02,4,1,5,0,0,bullish,1030,850-1099,normal,0,0,0,,,estimated_rule,1995-12,bearish,1290,<1600
1995-W51,1995-12-18,1995-12-22,1995,51,85.04,85.17,84.54,84.7,630,<850,bearish,fri,tue,340,130,160,25.4,1,4,5,0,0,bearish,820,<850,cpi,1,1,0,1995-12-20,,estimated_rule,1995-12,bearish,1290,<1600
1995-W52,1995-12-25,1995-12-29,1995,52,84.82,85.17,84.34,84.76,830,<850,bearish,mon,thu,60,350,420,50.6,2,3,5,0,0,bearish,630,<850,normal,0,0,0,,,estimated_rule,1995-12,bearish,1290,<1600
1996-W01,1996-01-01,1996-01-05,1996,1,84.82,85.8,84.48,85.06,1320,1100-1349,bullish,thu,tue,240,740,340,43.94,2,3,5,0,0,bearish,830,<850,nfp,1,0,1,,1996-01-05,estimated_rule,1996-01,bullish,3240,2800-3599
1996-W02,1996-01-08,1996-01-12,1996,2,85.17,85.37,84.74,85.06,630,<850,bearish,fri,wed,110,200,320,50.79,3,2,5,0,0,bullish,1320,1100-1349,normal,0,0,0,,,estimated_rule,1996-01,bullish,3240,2800-3599
1996-W03,1996-01-15,1996-01-19,1996,3,85.23,86.86,85.18,86.75,1680,1350-1699,bullish,fri,mon,1520,110,50,93.45,5,0,5,0,0,bearish,630,<850,cpi,1,1,0,1996-01-17,,estimated_rule,1996-01,bullish,3240,2800-3599
1996-W04,1996-01-22,1996-01-26,1996,4,86.73,87.72,86.56,87.64,1160,1100-1349,bullish,fri,tue,910,80,170,93.1,5,0,5,0,0,bullish,1680,1350-1699,normal,0,0,0,,,estimated_rule,1996-01,bullish,3240,2800-3599
1996-W05,1996-01-29,1996-02-02,1996,5,87.62,87.7,86.99,87.01,710,<850,bearish,mon,fri,610,80,20,2.82,1,4,5,0,0,bullish,1160,1100-1349,nfp,1,0,1,,1996-02-02,estimated_rule,1996-02,bearish,2320,2200-2799
1996-W06,1996-02-05,1996-02-09,1996,6,86.84,87.01,86.07,86.87,940,850-1099,bullish,thu,mon,30,140,770,85.11,4,1,5,0,0,bearish,710,<850,normal,0,0,0,,,estimated_rule,1996-02,bearish,2320,2200-2799
1996-W07,1996-02-12,1996-02-16,1996,7,86.88,86.9,85.96,86.12,940,850-1099,bearish,mon,fri,760,20,160,17.02,0,5,5,0,0,bullish,940,850-1099,normal,0,0,0,,,estimated_rule,1996-02,bearish,2320,2200-2799
1996-W08,1996-02-19,1996-02-23,1996,8,85.7,86.2,85.26,85.45,940,850-1099,bearish,tue,fri,250,500,190,20.21,1,4,5,0,0,bearish,940,850-1099,cpi,1,1,0,1996-02-21,,estimated_rule,1996-02,bearish,2320,2200-2799
1996-W09,1996-02-26,1996-03-01,1996,9,85.39,86.64,85.24,86.53,1400,1350-1699,bullish,fri,mon,1140,110,150,92.14,4,1,5,0,0,bearish,940,850-1099,nfp,1,0,1,,1996-03-01,estimated_rule,1996-03,bullish,1040,<1600
1996-W10,1996-03-04,1996-03-08,1996,10,86.43,87.12,86.21,86.9,910,850-1099,bullish,fri,mon,470,220,220,75.82,3,2,5,0,0,bullish,1400,1350-1699,normal,0,0,0,,,estimated_rule,1996-03,bullish,1040,<1600
1996-W11,1996-03-11,1996-03-15,1996,11,86.93,86.96,86.08,86.27,880,850-1099,bearish,mon,fri,660,30,190,21.59,1,4,5,0,0,bullish,910,850-1099,normal,0,0,0,,,estimated_rule,1996-03,bullish,1040,<1600
1996-W12,1996-03-18,1996-03-22,1996,12,86.34,86.7,86.12,86.47,580,<850,bullish,fri,wed,130,230,220,60.35,1,4,5,0,0,bearish,880,850-1099,cpi,1,1,0,1996-03-20,,estimated_rule,1996-03,bullish,1040,<1600
1996-W13,1996-03-25,1996-03-29,1996,13,86.33,86.93,86.1,86.52,830,<850,bullish,wed,fri,190,410,230,50.6,4,1,5,0,0,bullish,580,<850,normal,0,0,0,,,estimated_rule,1996-03,bullish,1040,<1600
1996-W14,1996-04-01,1996-04-05,1996,14,86.58,86.75,86.36,86.46,390,<850,bearish,mon,wed,120,170,100,25.64,1,4,5,0,0,bullish,830,<850,nfp,1,0,1,,1996-04-05,estimated_rule,1996-04,bullish,2020,1600-2199
1996-W15,1996-04-08,1996-04-12,1996,15,86.35,87.69,86.27,87.53,1420,1350-1699,bullish,wed,mon,1180,160,80,88.73,4,1,5,0,0,bearish,390,<850,normal,0,0,0,,,estimated_rule,1996-04,bullish,2020,1600-2199
1996-W16,1996-04-15,1996-04-19,1996,16,87.77,87.94,87.01,87.48,930,850-1099,bearish,mon,thu,290,170,470,50.54,2,3,5,0,0,bullish,1420,1350-1699,cpi,1,1,0,1996-04-17,,estimated_rule,1996-04,bullish,2020,1600-2199
1996-W17,1996-04-22,1996-04-26,1996,17,87.55,88.29,87.52,87.9,770,<850,bullish,thu,tue,350,390,30,49.35,3,2,5,0,0,bearish,930,850-1099,normal,0,0,0,,,estimated_rule,1996-04,bullish,2020,1600-2199
1996-W18,1996-04-29,1996-05-03,1996,18,87.84,88.44,87.34,87.85,1100,1100-1349,bullish,thu,mon,10,590,500,46.36,2,3,5,0,0,bullish,770,<850,nfp,1,0,1,,1996-05-03,estimated_rule,1996-05,bearish,1670,1600-2199
1996-W19,1996-05-06,1996-05-10,1996,19,87.84,87.99,87.37,87.92,620,<850,bullish,fri,fri,80,70,470,88.71,3,2,5,0,0,bullish,1100,1100-1349,normal,0,0,0,,,estimated_rule,1996-05,bearish,1670,1600-2199
1996-W20,1996-05-13,1996-05-17,1996,20,87.98,88.42,87.88,88.24,540,<850,bullish,thu,fri,260,180,100,66.67,5,0,5,0,0,bullish,620,<850,cpi,1,1,0,1996-05-15,,estimated_rule,1996-05,bearish,1670,1600-2199
1996-W21,1996-05-20,1996-05-24,1996,21,88.27,88.86,88.21,88.83,650,<850,bullish,fri,tue,560,30,60,95.38,4,1,5,0,0,bullish,540,<850,normal,0,0,0,,,estimated_rule,1996-05,bearish,1670,1600-2199
1996-W22,1996-05-27,1996-05-31,1996,22,88.66,89.04,87.65,87.78,1390,1350-1699,bearish,tue,fri,880,380,130,9.35,2,3,5,0,0,bullish,650,<850,normal,0,0,0,,,estimated_rule,1996-05,bearish,1670,1600-2199
1996-W23,1996-06-03,1996-06-07,1996,23,87.78,88.47,87.56,88.42,910,850-1099,bullish,fri,mon,640,50,220,94.51,5,0,5,0,0,bearish,1390,1350-1699,nfp,1,0,1,,1996-06-07,estimated_rule,1996-06,bullish,1210,<1600
1996-W24,1996-06-10,1996-06-14,1996,24,88.5,88.56,87.64,88.14,920,850-1099,bearish,tue,fri,360,60,500,54.35,2,3,5,0,0,bullish,910,850-1099,normal,0,0,0,,,estimated_rule,1996-06,bullish,1210,<1600
1996-W25,1996-06-17,1996-06-21,1996,25,88.04,88.38,87.35,88.3,1030,850-1099,bullish,fri,tue,260,80,690,92.23,3,2,5,0,0,bearish,920,850-1099,cpi,1,1,0,1996-06-19,,estimated_rule,1996-06,bullish,1210,<1600
1996-W26,1996-06-24,1996-06-28,1996,26,88.14,88.34,87.57,87.82,770,<850,bearish,mon,thu,320,200,250,32.47,1,4,5,0,0,bullish,1030,850-1099,normal,0,0,0,,,estimated_rule,1996-06,bullish,1210,<1600
1996-W27,1996-07-01,1996-07-05,1996,27,87.94,88.29,87.65,88.12,640,<850,bullish,fri,thu,180,170,290,73.44,3,2,5,0,0,bearish,770,<850,nfp,1,0,1,,1996-07-05,estimated_rule,1996-07,bearish,2690,2200-2799
1996-W28,1996-07-08,1996-07-12,1996,28,88.11,88.32,87.78,88.07,540,<850,bearish,mon,fri,40,210,290,53.7,1,4,5,0,0,bullish,640,<850,normal,0,0,0,,,estimated_rule,1996-07,bearish,2690,2200-2799
1996-W29,1996-07-15,1996-07-19,1996,29,88.03,88.15,85.95,86.48,2200,>=2200,bearish,mon,tue,1550,120,530,24.09,2,3,5,0,0,bearish,540,<850,cpi,1,1,0,1996-07-17,,estimated_rule,1996-07,bearish,2690,2200-2799
1996-W30,1996-07-22,1996-07-26,1996,30,86.67,86.78,85.96,86.46,820,<850,bearish,mon,thu,210,110,500,60.98,3,2,5,0,0,bearish,2200,>=2200,normal,0,0,0,,,estimated_rule,1996-07,bearish,2690,2200-2799
1996-W31,1996-07-29,1996-08-02,1996,31,86.43,86.6,85.63,86.1,970,850-1099,bearish,tue,wed,330,170,470,48.45,2,3,5,0,0,bearish,820,<850,nfp,1,0,1,,1996-08-02,estimated_rule,1996-08,bullish,1150,<1600
1996-W32,1996-08-05,1996-08-09,1996,32,86.1,86.73,85.94,86.4,790,<850,bullish,thu,mon,300,330,160,58.23,3,2,5,0,0,bearish,970,850-1099,normal,0,0,0,,,estimated_rule,1996-08,bullish,1150,<1600
1996-W33,1996-08-12,1996-08-16,1996,33,86.33,86.93,86.17,86.75,760,<850,bullish,fri,mon,420,180,160,76.32,3,2,5,0,0,bullish,790,<850,normal,0,0,0,,,estimated_rule,1996-08,bullish,1150,<1600
1996-W34,1996-08-19,1996-08-23,1996,34,86.8,86.96,86.13,86.21,830,<850,bearish,thu,fri,590,160,80,9.64,2,3,5,0,0,bullish,760,<850,cpi,1,1,0,1996-08-21,,estimated_rule,1996-08,bullish,1150,<1600
1996-W35,1996-08-26,1996-08-30,1996,35,86.14,86.52,85.99,86.36,530,<850,bullish,fri,tue,220,160,150,69.81,3,2,5,0,0,bearish,830,<850,normal,0,0,0,,,estimated_rule,1996-08,bullish,1150,<1600
1996-W36,1996-09-02,1996-09-06,1996,36,86.49,86.92,86.32,86.85,600,<850,bullish,fri,wed,360,70,170,88.33,2,3,5,0,0,bullish,530,<850,nfp,1,0,1,,1996-09-06,estimated_rule,1996-09,bullish,1800,1600-2199
1996-W37,1996-09-09,1996-09-13,1996,37,86.86,87.86,86.66,87.71,1200,1100-1349,bullish,fri,mon,850,150,200,87.5,5,0,5,0,0,bullish,600,<850,normal,0,0,0,,,estimated_rule,1996-09,bullish,1800,1600-2199
1996-W38,1996-09-16,1996-09-20,1996,38,87.69,87.78,87.16,87.57,620,<850,bearish,fri,wed,120,90,410,66.13,2,3,5,0,0,bullish,1200,1100-1349,cpi,1,1,0,1996-09-18,,estimated_rule,1996-09,bullish,1800,1600-2199
1996-W39,1996-09-23,1996-09-27,1996,39,87.61,87.95,87.05,87.84,900,850-1099,bullish,fri,wed,230,110,560,87.78,3,2,5,0,0,bearish,620,<850,normal,0,0,0,,,estimated_rule,1996-09,bullish,1800,1600-2199
1996-W40,1996-09-30,1996-10-04,1996,40,87.83,88.22,87.74,88.12,480,<850,bullish,thu,tue,290,100,90,79.17,4,1,5,0,0,bullish,900,850-1099,nfp,1,0,1,,1996-10-04,estimated_rule,1996-10,bearish,1600,1600-2199
1996-W41,1996-10-07,1996-10-11,1996,41,88.12,88.13,87.76,87.95,370,<850,bearish,mon,tue,170,10,190,51.35,2,3,5,0,0,bullish,480,<850,normal,0,0,0,,,estimated_rule,1996-10,bearish,1600,1600-2199
1996-W42,1996-10-14,1996-10-18,1996,42,87.95,88.53,87.83,88.39,700,<850,bullish,thu,mon,440,140,120,80.0,3,2,5,0,0,bearish,370,<850,cpi,1,1,0,1996-10-16,,estimated_rule,1996-10,bearish,1600,1600-2199
1996-W43,1996-10-21,1996-10-25,1996,43,88.35,88.45,87.41,87.63,1040,850-1099,bearish,mon,fri,720,100,220,21.15,1,4,5,0,0,bullish,700,<850,normal,0,0,0,,,estimated_rule,1996-10,bearish,1600,1600-2199
1996-W44,1996-10-28,1996-11-01,1996,44,87.69,87.79,86.93,87.18,860,850-1099,bearish,mon,wed,510,100,250,29.07,1,4,5,0,0,bearish,1040,850-1099,nfp,1,0,1,,1996-11-01,estimated_rule,1996-11,bullish,1920,1600-2199
1996-W45,1996-11-04,1996-11-08,1996,45,87.1,87.67,86.55,86.63,1120,1100-1349,bearish,wed,thu,470,570,80,7.14,1,4,5,0,0,bearish,860,850-1099,normal,0,0,0,,,estimated_rule,1996-11,bullish,1920,1600-2199
1996-W46,1996-11-11,1996-11-15,1996,46,86.54,86.85,86.08,86.7,770,<850,bullish,tue,tue,160,150,460,80.52,3,2,5,0,0,bearish,1120,1100-1349,normal,0,0,0,,,estimated_rule,1996-11,bullish,1920,1600-2199
1996-W47,1996-11-18,1996-11-22,1996,47,86.64,86.72,86.04,86.56,680,<850,bearish,mon,thu,80,80,520,76.47,3,2,5,0,0,bullish,770,<850,cpi,1,1,0,1996-11-20,,estimated_rule,1996-11,bullish,1920,1600-2199
1996-W48,1996-11-25,1996-11-29,1996,48,86.53,87.96,86.53,87.92,1430,1350-1699,bullish,fri,mon,1390,40,0,97.2,5,0,5,0,0,bearish,680,<850,normal,0,0,0,,,estimated_rule,1996-11,bullish,1920,1600-2199
1996-W49,1996-12-02,1996-12-06,1996,49,87.95,89.14,87.69,88.48,1450,1350-1699,bullish,tue,fri,530,660,260,54.48,3,2,5,0,0,bullish,1430,1350-1699,nfp,1,0,1,,1996-12-06,estimated_rule,1996-12,bullish,1450,<1600
1996-W50,1996-12-09,1996-12-13,1996,50,88.48,88.84,87.91,88.72,930,850-1099,bullish,mon,wed,240,120,570,87.1,3,2,5,0,0,bullish,1450,1350-1699,normal,0,0,0,,,estimated_rule,1996-12,bullish,1450,<1600
1996-W51,1996-12-16,1996-12-20,1996,51,88.76,89.07,88.28,88.67,790,<850,bearish,thu,tue,90,310,390,49.37,3,2,5,0,0,bullish,930,850-1099,cpi,1,1,0,1996-12-18,,estimated_rule,1996-12,bullish,1450,<1600
1996-W52,1996-12-23,1996-12-27,1996,52,88.61,89.0,88.58,88.76,420,<850,bullish,fri,mon,150,240,30,42.86,5,0,5,0,0,bearish,790,<850,normal,0,0,0,,,estimated_rule,1996-12,bullish,1450,<1600
1997-W01,1996-12-30,1997-01-03,1997,1,88.78,89.47,88.03,89.3,1440,1350-1699,bullish,fri,tue,520,170,750,88.19,2,3,5,0,0,bullish,420,<850,nfp,1,0,1,,1997-01-03,estimated_rule,1997-01,bullish,5560,>=4800
1997-W02,1997-01-06,1997-01-10,1997,2,89.41,89.85,88.73,89.78,1120,1100-1349,bullish,fri,tue,370,70,680,93.75,3,2,5,0,0,bullish,1440,1350-1699,normal,0,0,0,,,estimated_rule,1997-01,bullish,5560,>=4800
1997-W03,1997-01-13,1997-01-17,1997,3,89.87,91.15,89.63,90.86,1520,1350-1699,bullish,fri,mon,990,290,240,80.92,4,1,5,0,0,bullish,1120,1100-1349,cpi,1,1,0,1997-01-15,,estimated_rule,1997-01,bullish,5560,>=4800
1997-W04,1997-01-20,1997-01-24,1997,4,91.59,92.76,91.0,92.12,1760,1700-2199,bullish,thu,mon,530,640,590,63.64,4,1,5,0,0,bullish,1520,1350-1699,normal,0,0,0,,,estimated_rule,1997-01,bullish,5560,>=4800
1997-W05,1997-01-27,1997-01-31,1997,5,92.21,93.59,92.16,93.04,1430,1350-1699,bullish,wed,mon,830,550,50,61.54,3,2,5,0,0,bullish,1760,1700-2199,normal,0,0,0,,,estimated_rule,1997-01,bullish,5560,>=4800
1997-W06,1997-02-03,1997-02-07,1997,6,93.04,94.49,92.87,93.68,1620,1350-1699,bullish,fri,tue,640,810,170,50.0,4,1,5,0,0,bullish,1430,1350-1699,nfp,1,0,1,,1997-02-07,estimated_rule,1997-02,bullish,2930,2800-3599
1997-W07,1997-02-10,1997-02-14,1997,7,93.45,95.17,93.24,94.91,1930,1700-2199,bullish,fri,mon,1460,260,210,86.53,3,2,5,0,0,bullish,1620,1350-1699,normal,0,0,0,,,estimated_rule,1997-02,bullish,2930,2800-3599
1997-W08,1997-02-17,1997-02-21,1997,8,95.11,95.8,94.69,95.04,1110,1100-1349,bearish,tue,fri,70,690,350,31.53,4,1,5,0,0,bullish,1930,1700-2199,cpi,1,1,0,1997-02-19,,estimated_rule,1997-02,bullish,2930,2800-3599
1997-W09,1997-02-24,1997-02-28,1997,9,94.98,95.2,94.09,94.89,1110,1100-1349,bearish,wed,mon,90,220,800,72.07,3,2,5,0,0,bearish,1110,1100-1349,normal,0,0,0,,,estimated_rule,1997-02,bullish,2930,2800-3599
1997-W10,1997-03-03,1997-03-07,1997,10,94.98,96.32,94.97,96.12,1350,1350-1699,bullish,fri,mon,1140,200,10,85.19,4,1,5,0,0,bearish,1110,1100-1349,nfp,1,0,1,,1997-03-07,estimated_rule,1997-03,bearish,2140,1600-2199
1997-W11,1997-03-10,1997-03-14,1997,11,96.09,96.17,95.26,95.58,910,850-1099,bearish,mon,thu,510,80,320,35.16,2,3,5,0,0,bullish,1350,1350-1699,normal,0,0,0,,,estimated_rule,1997-03,bearish,2140,1600-2199
1997-W12,1997-03-17,1997-03-21,1997,12,95.67,95.82,94.73,95.28,1090,850-1099,bearish,tue,thu,390,150,550,50.46,3,2,5,0,0,bearish,910,850-1099,cpi,1,1,0,1997-03-19,,estimated_rule,1997-03,bearish,2140,1600-2199
1997-W13,1997-03-24,1997-03-28,1997,13,95.36,95.66,94.64,94.69,1020,850-1099,bearish,tue,thu,670,300,50,4.9,1,4,5,0,0,bearish,1090,850-1099,normal,0,0,0,,,estimated_rule,1997-03,bearish,2140,1600-2199
1997-W14,1997-03-31,1997-04-04,1997,14,94.73,95.13,94.02,95.12,1110,1100-1349,bullish,fri,tue,390,10,710,99.1,2,3,5,0,0,bearish,1020,850-1099,nfp,1,0,1,,1997-04-04,estimated_rule,1997-04,bullish,3450,2800-3599
1997-W15,1997-04-07,1997-04-11,1997,15,95.28,97.01,95.21,96.57,1800,1700-2199,bullish,thu,mon,1290,440,70,75.56,2,3,5,0,0,bullish,1110,1100-1349,normal,0,0,0,,,estimated_rule,1997-04,bullish,3450,2800-3599
1997-W16,1997-04-14,1997-04-18,1997,16,96.53,97.17,96.25,96.29,920,850-1099,bearish,tue,fri,240,640,40,4.35,2,3,5,0,0,bullish,1800,1700-2199,cpi,1,1,0,1997-04-16,,estimated_rule,1997-04,bullish,3450,2800-3599
1997-W17,1997-04-21,1997-04-25,1997,17,96.24,97.17,95.74,97.04,1430,1350-1699,bullish,fri,mon,800,130,500,90.91,3,2,5,0,0,bearish,920,850-1099,normal,0,0,0,,,estimated_rule,1997-04,bullish,3450,2800-3599
1997-W18,1997-04-28,1997-05-02,1997,18,97.41,97.47,96.63,97.04,840,<850,bearish,mon,thu,370,60,410,48.81,2,3,5,0,0,bullish,1430,1350-1699,nfp,1,0,1,,1997-05-02,estimated_rule,1997-05,bearish,4280,3600-4799
1997-W19,1997-05-05,1997-05-09,1997,19,97.02,97.28,94.67,94.9,2610,>=2200,bearish,mon,fri,2120,260,230,8.81,2,3,5,0,0,bearish,840,<850,normal,0,0,0,,,estimated_rule,1997-05,bearish,4280,3600-4799
1997-W20,1997-05-12,1997-05-16,1997,20,94.59,95.49,93.93,94.26,1560,1350-1699,bearish,tue,thu,330,900,330,21.15,1,4,5,0,0,bearish,2610,>=2200,normal,0,0,0,,,estimated_rule,1997-05,bearish,4280,3600-4799
1997-W21,1997-05-19,1997-05-23,1997,21,94.17,94.9,93.07,94.24,1830,1700-2199,bullish,mon,wed,70,660,1100,63.93,3,2,5,0,0,bearish,1560,1350-1699,cpi,1,1,0,1997-05-21,,estimated_rule,1997-05,bearish,4280,3600-4799
1997-W22,1997-05-26,1997-05-30,1997,22,94.29,95.1,94.08,94.85,1020,850-1099,bullish,fri,mon,560,250,210,75.49,3,2,5,0,0,bullish,1830,1700-2199,normal,0,0,0,,,estimated_rule,1997-05,bearish,4280,3600-4799
1997-W23,1997-06-02,1997-06-06,1997,23,95.06,96.22,94.84,95.52,1380,1350-1699,bullish,fri,mon,460,700,220,49.28,2,3,5,0,0,bullish,1020,850-1099,nfp,1,0,1,,1997-06-06,estimated_rule,1997-06,bullish,1800,1600-2199
1997-W24,1997-06-09,1997-06-13,1997,24,95.29,95.87,94.42,95.79,1450,1350-1699,bullish,fri,wed,500,80,870,94.48,3,2,5,0,0,bullish,1380,1350-1699,normal,0,0,0,,,estimated_rule,1997-06,bullish,1800,1600-2199
1997-W25,1997-06-16,1997-06-20,1997,25,95.75,95.8,95.07,95.3,730,<850,bearish,mon,thu,450,50,230,31.51,3,2,5,0,0,bullish,1450,1350-1699,cpi,1,1,0,1997-06-18,,estimated_rule,1997-06,bullish,1800,1600-2199
1997-W26,1997-06-23,1997-06-27,1997,26,95.4,95.59,94.69,95.55,900,850-1099,bullish,fri,tue,150,40,710,95.56,3,2,5,0,0,bearish,730,<850,normal,0,0,0,,,estimated_rule,1997-06,bullish,1800,1600-2199
1997-W27,1997-06-30,1997-07-04,1997,27,95.55,96.05,95.4,95.74,650,<850,bullish,wed,mon,190,310,150,52.31,4,1,5,0,0,bullish,900,850-1099,nfp,1,0,1,,1997-07-04,estimated_rule,1997-07,bullish,4860,>=4800
1997-W28,1997-07-07,1997-07-11,1997,28,95.69,96.33,95.14,96.32,1190,1100-1349,bullish,fri,mon,630,10,550,99.16,2,3,5,0,0,bullish,650,<850,normal,0,0,0,,,estimated_rule,1997-07,bullish,4860,>=4800
1997-W29,1997-07-14,1997-07-18,1997,29,96.49,97.7,96.35,97.35,1350,1350-1699,bullish,thu,mon,860,350,140,74.07,5,0,5,0,0,bullish,1190,1100-1349,cpi,1,1,0,1997-07-16,,estimated_rule,1997-07,bullish,4860,>=4800
1997-W30,1997-07-21,1997-07-25,1997,30,97.2,99.15,97.06,99.13,2090,1700-2199,bullish,fri,mon,1930,20,140,99.04,5,0,5,0,0,bullish,1350,1350-1699,normal,0,0,0,,,estimated_rule,1997-07,bullish,4860,>=4800
1997-W31,1997-07-28,1997-08-01,1997,31,99.24,100.51,99.07,100.42,1440,1350-1699,bullish,fri,thu,1180,90,170,93.75,5,0,5,0,0,bullish,2090,1700-2199,nfp,1,0,1,,1997-08-01,estimated_rule,1997-08,bearish,3830,3600-4799
1997-W32,1997-08-04,1997-08-08,1997,32,100.51,101.79,99.57,99.8,2220,>=2200,bearish,wed,fri,710,1280,230,10.36,3,2,5,0,0,bullish,1440,1350-1699,normal,0,0,0,,,estimated_rule,1997-08,bearish,3830,3600-4799
1997-W33,1997-08-11,1997-08-15,1997,33,99.89,100.85,98.89,99.34,1960,1700-2199,bearish,tue,fri,550,960,450,22.96,3,2,5,0,0,bearish,2220,>=2200,normal,0,0,0,,,estimated_rule,1997-08,bearish,3830,3600-4799
1997-W34,1997-08-18,1997-08-22,1997,34,99.02,100.62,98.56,99.06,2060,1700-2199,bullish,thu,fri,40,1560,460,24.27,3,2,5,0,0,bearish,1960,1700-2199,cpi,1,1,0,1997-08-20,,estimated_rule,1997-08,bearish,3830,3600-4799
1997-W35,1997-08-25,1997-08-29,1997,35,99.1,99.43,97.96,99.0,1470,1350-1699,bearish,tue,thu,100,330,1040,70.75,3,2,5,0,0,bullish,2060,1700-2199,normal,0,0,0,,,estimated_rule,1997-08,bearish,3830,3600-4799
1997-W36,1997-09-01,1997-09-05,1997,36,98.22,100.23,98.13,98.78,2100,1700-2199,bullish,wed,mon,560,1450,90,30.95,3,2,5,0,0,bearish,1470,1350-1699,nfp,1,0,1,,1997-09-05,estimated_rule,1997-09,bearish,3540,2800-3599
1997-W37,1997-09-08,1997-09-12,1997,37,98.88,99.29,97.63,97.73,1660,1350-1699,bearish,tue,fri,1150,410,100,6.02,1,4,5,0,0,bullish,2100,1700-2199,normal,0,0,0,,,estimated_rule,1997-09,bearish,3540,2800-3599
1997-W38,1997-09-15,1997-09-19,1997,38,97.94,98.15,97.03,97.87,1120,1100-1349,bearish,fri,mon,70,210,840,75.0,3,2,5,0,0,bearish,1660,1350-1699,cpi,1,1,0,1997-09-17,,estimated_rule,1997-09,bearish,3540,2800-3599
1997-W39,1997-09-22,1997-09-26,1997,39,98.4,98.72,96.69,97.25,2030,1700-2199,bearish,tue,fri,1150,320,560,27.59,2,3,5,0,0,bearish,1120,1100-1349,normal,0,0,0,,,estimated_rule,1997-09,bearish,3540,2800-3599
1997-W40,1997-09-29,1997-10-03,1997,40,97.31,97.96,96.87,97.15,1090,850-1099,bearish,fri,wed,160,650,280,25.69,1,4,5,0,0,bearish,2030,1700-2199,nfp,1,0,1,,1997-10-03,estimated_rule,1997-10,bearish,3390,2800-3599
1997-W41,1997-10-06,1997-10-10,1997,41,96.93,97.35,96.23,96.66,1120,1100-1349,bearish,mon,thu,270,420,430,38.39,3,2,5,0,0,bearish,1090,850-1099,normal,0,0,0,,,estimated_rule,1997-10,bearish,3390,2800-3599
1997-W42,1997-10-13,1997-10-17,1997,42,96.98,97.63,96.45,97.52,1180,1100-1349,bullish,fri,thu,540,110,530,90.68,2,3,5,0,0,bearish,1120,1100-1349,cpi,1,1,0,1997-10-15,,estimated_rule,1997-10,bearish,3390,2800-3599
1997-W43,1997-10-20,1997-10-24,1997,43,97.56,98.22,97.28,97.73,940,850-1099,bullish,wed,thu,170,490,280,47.87,2,3,5,0,0,bullish,1180,1100-1349,normal,0,0,0,,,estimated_rule,1997-10,bearish,3390,2800-3599
1997-W44,1997-10-27,1997-10-31,1997,44,97.6,97.64,94.83,95.64,2810,>=2200,bearish,mon,tue,1960,40,810,28.83,1,4,5,0,0,bullish,940,850-1099,normal,0,0,0,,,estimated_rule,1997-10,bearish,3390,2800-3599
1997-W45,1997-11-03,1997-11-07,1997,45,95.57,96.17,94.82,95.17,1350,1350-1699,bearish,mon,fri,400,600,350,25.93,2,3,5,0,0,bearish,2810,>=2200,nfp,1,0,1,,1997-11-07,estimated_rule,1997-11,bullish,3260,2800-3599
1997-W46,1997-11-10,1997-11-14,1997,46,95.29,96.39,94.73,96.1,1660,1350-1699,bullish,fri,tue,810,290,560,82.53,4,1,5,0,0,bearish,1350,1350-1699,normal,0,0,0,,,estimated_rule,1997-11,bullish,3260,2800-3599
1997-W47,1997-11-17,1997-11-21,1997,47,96.26,97.05,95.99,96.57,1060,850-1099,bullish,fri,tue,310,480,270,54.72,2,3,5,0,0,bullish,1660,1350-1699,cpi,1,1,0,1997-11-19,,estimated_rule,1997-11,bullish,3260,2800-3599
1997-W48,1997-11-24,1997-11-28,1997,48,96.63,97.99,96.33,97.79,1660,1350-1699,bullish,thu,mon,1160,200,300,87.95,5,0,5,0,0,bullish,1060,850-1099,normal,0,0,0,,,estimated_rule,1997-11,bullish,3260,2800-3599
1997-W49,1997-12-01,1997-12-05,1997,49,97.69,99.03,97.66,98.88,1370,1350-1699,bullish,fri,mon,1190,150,30,89.05,4,1,5,0,0,bullish,1660,1350-1699,nfp,1,0,1,,1997-12-05,estimated_rule,1997-12,bullish,2070,1600-2199
1997-W50,1997-12-08,1997-12-12,1997,50,98.88,99.4,98.05,98.73,1350,1350-1699,bearish,tue,thu,150,520,680,50.37,3,2,5,0,0,bullish,1370,1350-1699,normal,0,0,0,,,estimated_rule,1997-12,bullish,2070,1600-2199
1997-W51,1997-12-15,1997-12-19,1997,51,98.84,99.22,97.7,98.44,1520,1350-1699,bearish,tue,wed,400,380,740,48.68,2,3,5,0,0,bearish,1350,1350-1699,cpi,1,1,0,1997-12-17,,estimated_rule,1997-12,bullish,2070,1600-2199
1997-W52,1997-12-22,1997-12-26,1997,52,98.61,99.01,98.46,98.54,550,<850,bearish,mon,wed,70,400,80,14.55,1,4,5,0,0,bearish,1520,1350-1699,normal,0,0,0,,,estimated_rule,1997-12,bullish,2070,1600-2199
1998-W01,1997-12-29,1998-01-02,1998,1,98.44,100.14,98.39,100.1,1750,1700-2199,bullish,fri,mon,1660,40,50,97.71,5,0,5,0,0,bearish,550,<850,nfp,1,0,1,,1998-01-02,estimated_rule,1998-01,bullish,4010,3600-4799
1998-W02,1998-01-05,1998-01-09,1998,2,99.99,101.68,99.77,100.93,1910,1700-2199,bullish,wed,mon,940,750,220,60.73,3,2,5,0,0,bullish,1750,1700-2199,normal,0,0,0,,,estimated_rule,1998-01,bullish,4010,3600-4799
1998-W03,1998-01-12,1998-01-16,1998,3,101.16,101.17,100.38,100.92,790,<850,bearish,mon,tue,240,10,540,68.35,2,3,5,0,0,bullish,1910,1700-2199,normal,0,0,0,,,estimated_rule,1998-01,bullish,4010,3600-4799
1998-W04,1998-01-19,1998-01-23,1998,4,101.02,101.32,98.26,98.44,3060,>=2200,bearish,tue,fri,2580,300,180,5.88,1,4,5,0,0,bearish,790,<850,cpi,1,1,0,1998-01-21,,estimated_rule,1998-01,bullish,4010,3600-4799
1998-W05,1998-01-26,1998-01-30,1998,5,98.07,100.97,97.67,100.79,3300,>=2200,bullish,fri,mon,2720,180,400,94.55,4,1,5,0,0,bearish,3060,>=2200,normal,0,0,0,,,estimated_rule,1998-01,bullish,4010,3600-4799
1998-W06,1998-02-02,1998-02-06,1998,6,100.78,101.04,98.51,99.51,2530,>=2200,bearish,mon,thu,1270,260,1000,39.53,1,4,5,0,0,bullish,3300,>=2200,nfp,1,0,1,,1998-02-06,estimated_rule,1998-02,bearish,2530,2200-2799
1998-W07,1998-02-09,1998-02-13,1998,7,99.74,100.37,99.39,100.12,980,850-1099,bullish,fri,wed,380,250,350,74.49,3,2,5,0,0,bearish,2530,>=2200,normal,0,0,0,,,estimated_rule,1998-02,bearish,2530,2200-2799
1998-W08,1998-02-16,1998-02-20,1998,8,100.28,100.63,99.85,100.32,780,<850,bullish,tue,fri,40,310,430,60.26,2,3,5,0,0,bullish,980,850-1099,cpi,1,1,0,1998-02-18,,estimated_rule,1998-02,bearish,2530,2200-2799
1998-W09,1998-02-23,1998-02-27,1998,9,100.21,100.65,99.15,99.82,1500,1350-1699,bearish,mon,mon,390,440,670,44.67,1,4,5,0,0,bullish,780,<850,normal,0,0,0,,,estimated_rule,1998-02,bearish,2530,2200-2799
1998-W10,1998-03-02,1998-03-06,1998,10,99.72,100.93,99.09,100.72,1840,1700-2199,bullish,fri,mon,1000,210,630,88.59,3,2,5,0,0,bearish,1500,1350-1699,nfp,1,0,1,,1998-03-06,estimated_rule,1998-03,bullish,2600,2200-2799
1998-W11,1998-03-09,1998-03-13,1998,11,100.67,100.9,99.63,99.87,1270,1100-1349,bearish,wed,fri,800,230,240,18.9,2,3,5,0,0,bullish,1840,1700-2199,normal,0,0,0,,,estimated_rule,1998-03,bullish,2600,2200-2799
1998-W12,1998-03-16,1998-03-20,1998,12,99.71,100.85,99.63,100.57,1220,1100-1349,bullish,fri,mon,860,280,80,77.05,4,1,5,0,0,bearish,1270,1100-1349,cpi,1,1,0,1998-03-18,,estimated_rule,1998-03,bullish,2600,2200-2799
1998-W13,1998-03-23,1998-03-27,1998,13,100.66,100.84,99.74,100.31,1100,1100-1349,bearish,mon,fri,350,180,570,51.82,2,3,5,0,0,bullish,1220,1100-1349,normal,0,0,0,,,estimated_rule,1998-03,bullish,2600,2200-2799
1998-W14,1998-03-30,1998-04-03,1998,14,100.35,102.11,100.27,101.8,1840,1700-2199,bullish,fri,mon,1450,310,80,83.15,4,1,5,0,0,bearish,1100,1100-1349,nfp,1,0,1,,1998-04-03,estimated_rule,1998-04,bearish,3150,2800-3599
1998-W15,1998-04-06,1998-04-10,1998,15,101.75,101.84,99.88,100.35,1960,1700-2199,bearish,mon,thu,1400,90,470,23.98,2,3,5,0,0,bullish,1840,1700-2199,normal,0,0,0,,,estimated_rule,1998-04,bearish,3150,2800-3599
1998-W16,1998-04-13,1998-04-17,1998,16,100.42,100.58,99.23,99.92,1350,1350-1699,bearish,mon,wed,500,160,690,51.11,4,1,5,0,0,bearish,1960,1700-2199,cpi,1,1,0,1998-04-15,,estimated_rule,1998-04,bearish,3150,2800-3599
1998-W17,1998-04-20,1998-04-24,1998,17,100.04,100.2,98.96,99.38,1240,1100-1349,bearish,mon,wed,660,160,420,33.87,2,3,5,0,0,bearish,1350,1350-1699,normal,0,0,0,,,estimated_rule,1998-04,bearish,3150,2800-3599
1998-W18,1998-04-27,1998-05-01,1998,18,99.38,100.01,99.0,99.22,1010,850-1099,bearish,wed,fri,160,630,220,21.78,3,2,5,0,0,bearish,1240,1100-1349,nfp,1,0,1,,1998-05-01,estimated_rule,1998-05,bullish,2090,1600-2199
1998-W19,1998-05-04,1998-05-08,1998,19,99.51,99.71,98.57,99.05,1140,1100-1349,bearish,mon,thu,460,200,480,42.11,2,3,5,0,0,bearish,1010,850-1099,normal,0,0,0,,,estimated_rule,1998-05,bullish,2090,1600-2199
1998-W20,1998-05-11,1998-05-15,1998,20,99.22,100.08,98.84,99.92,1240,1100-1349,bullish,fri,mon,700,160,380,87.1,5,0,5,0,0,bearish,1140,1100-1349,normal,0,0,0,,,estimated_rule,1998-05,bullish,2090,1600-2199
1998-W21,1998-05-18,1998-05-22,1998,21,99.94,100.38,98.83,99.08,1550,1350-1699,bearish,mon,thu,860,440,250,16.13,3,2,5,0,0,bullish,1240,1100-1349,cpi,1,1,0,1998-05-20,,estimated_rule,1998-05,bullish,2090,1600-2199
1998-W22,1998-05-25,1998-05-29,1998,22,99.0,100.66,98.97,100.45,1690,1350-1699,bullish,fri,mon,1450,210,30,87.57,5,0,5,0,0,bearish,1550,1350-1699,normal,0,0,0,,,estimated_rule,1998-05,bullish,2090,1600-2199
1998-W23,1998-06-01,1998-06-05,1998,23,100.34,100.48,99.43,100.14,1050,850-1099,bearish,mon,thu,200,140,710,67.62,1,4,5,0,0,bullish,1690,1350-1699,nfp,1,0,1,,1998-06-05,estimated_rule,1998-06,bullish,3020,2800-3599
1998-W24,1998-06-08,1998-06-12,1998,24,100.26,102.06,100.16,101.89,1900,1700-2199,bullish,fri,mon,1630,170,100,91.05,3,2,5,0,0,bearish,1050,850-1099,normal,0,0,0,,,estimated_rule,1998-06,bullish,3020,2800-3599
1998-W25,1998-06-15,1998-06-19,1998,25,101.86,102.45,99.63,100.12,2820,>=2200,bearish,mon,fri,1740,590,490,17.38,2,3,5,0,0,bullish,1900,1700-2199,cpi,1,1,0,1998-06-17,,estimated_rule,1998-06,bullish,3020,2800-3599
1998-W26,1998-06-22,1998-06-26,1998,26,100.44,101.82,100.24,101.59,1580,1350-1699,bullish,fri,mon,1150,230,200,85.44,4,1,5,0,0,bearish,2820,>=2200,normal,0,0,0,,,estimated_rule,1998-06,bullish,3020,2800-3599
1998-W27,1998-06-29,1998-07-03,1998,27,101.74,102.14,100.85,101.98,1290,1100-1349,bullish,thu,tue,240,160,890,87.6,3,2,5,0,0,bullish,1580,1350-1699,nfp,1,0,1,,1998-07-03,estimated_rule,1998-07,bullish,2480,2200-2799
1998-W28,1998-07-06,1998-07-10,1998,28,101.93,102.67,101.37,102.09,1300,1100-1349,bullish,fri,mon,160,580,560,55.38,3,2,5,0,0,bullish,1290,1100-1349,normal,0,0,0,,,estimated_rule,1998-07,bullish,2480,2200-2799
1998-W29,1998-07-13,1998-07-17,1998,29,102.49,102.54,100.54,100.58,2000,1700-2199,bearish,mon,fri,1910,50,40,2.0,1,4,5,0,0,bullish,1300,1100-1349,cpi,1,1,0,1998-07-15,,estimated_rule,1998-07,bullish,2480,2200-2799
1998-W30,1998-07-20,1998-07-24,1998,30,100.47,101.35,100.24,100.7,1110,1100-1349,bullish,thu,mon,230,650,230,41.44,3,2,5,0,0,bearish,2000,1700-2199,normal,0,0,0,,,estimated_rule,1998-07,bullish,2480,2200-2799
1998-W31,1998-07-27,1998-07-31,1998,31,100.61,101.34,100.19,101.2,1150,1100-1349,bullish,fri,wed,590,140,420,87.83,4,1,5,0,0,bullish,1110,1100-1349,normal,0,0,0,,,estimated_rule,1998-07,bullish,2480,2200-2799
1998-W32,1998-08-03,1998-08-07,1998,32,101.12,101.74,100.62,101.49,1120,1100-1349,bullish,mon,wed,370,250,500,77.68,4,1,5,0,0,bullish,1150,1100-1349,nfp,1,0,1,,1998-08-07,estimated_rule,1998-08,bearish,3180,2800-3599
1998-W33,1998-08-10,1998-08-14,1998,33,101.59,102.58,101.07,102.43,1510,1350-1699,bullish,fri,wed,840,150,520,90.07,3,2,5,0,0,bullish,1120,1100-1349,normal,0,0,0,,,estimated_rule,1998-08,bearish,3180,2800-3599
1998-W34,1998-08-17,1998-08-21,1998,34,102.26,102.88,101.61,102.18,1270,1100-1349,bearish,mon,thu,80,620,570,44.88,2,3,5,0,0,bullish,1510,1350-1699,cpi,1,1,0,1998-08-19,,estimated_rule,1998-08,bearish,3180,2800-3599
1998-W35,1998-08-24,1998-08-28,1998,35,102.33,102.71,100.11,100.13,2600,>=2200,bearish,wed,fri,2200,380,20,0.77,2,3,5,0,0,bearish,1270,1100-1349,normal,0,0,0,,,estimated_rule,1998-08,bearish,3180,2800-3599
1998-W36,1998-08-31,1998-09-04,1998,36,99.93,100.97,97.69,98.2,3280,>=2200,bearish,mon,thu,1730,1040,510,15.55,2,3,5,0,0,bearish,2600,>=2200,nfp,1,0,1,,1998-09-04,estimated_rule,1998-09,bearish,4720,3600-4799
1998-W37,1998-09-07,1998-09-11,1998,37,98.11,99.2,95.44,96.5,3760,>=2200,bearish,wed,fri,1610,1090,1060,28.19,4,1,5,0,0,bearish,3280,>=2200,normal,0,0,0,,,estimated_rule,1998-09,bearish,4720,3600-4799
1998-W38,1998-09-14,1998-09-18,1998,38,96.59,97.27,95.92,96.64,1350,1350-1699,bullish,wed,thu,50,630,670,53.33,2,3,5,0,0,bearish,3760,>=2200,cpi,1,1,0,1998-09-16,,estimated_rule,1998-09,bearish,4720,3600-4799
1998-W39,1998-09-21,1998-09-25,1998,39,96.75,97.25,95.41,96.38,1840,1700-2199,bearish,wed,fri,370,500,970,52.72,2,3,5,0,0,bullish,1350,1350-1699,normal,0,0,0,,,estimated_rule,1998-09,bearish,4720,3600-4799
1998-W40,1998-09-28,1998-10-02,1998,40,96.41,96.68,94.44,95.37,2240,>=2200,bearish,mon,fri,1040,270,930,41.52,1,4,5,0,0,bearish,1840,1700-2199,nfp,1,0,1,,1998-10-02,estimated_rule,1998-10,bearish,5740,>=4800
1998-W41,1998-10-05,1998-10-09,1998,41,95.09,95.41,90.57,93.1,4840,>=2200,bearish,mon,thu,1990,320,2530,52.27,2,3,5,0,0,bearish,2240,>=2200,normal,0,0,0,,,estimated_rule,1998-10,bearish,5740,>=4800
1998-W42,1998-10-12,1998-10-16,1998,42,93.03,93.88,91.65,92.22,2230,>=2200,bearish,mon,fri,810,850,570,25.56,3,2,5,0,0,bearish,4840,>=2200,normal,0,0,0,,,estimated_rule,1998-10,bearish,5740,>=4800
1998-W43,1998-10-19,1998-10-23,1998,43,92.18,93.97,91.92,93.17,2050,1700-2199,bullish,thu,mon,990,800,260,60.98,4,1,5,0,0,bearish,2230,>=2200,cpi,1,1,0,1998-10-21,,estimated_rule,1998-10,bearish,5740,>=4800
1998-W44,1998-10-26,1998-10-30,1998,44,93.57,94.47,93.28,93.73,1190,1100-1349,bullish,mon,thu,160,740,290,37.82,2,3,5,0,0,bullish,2050,1700-2199,normal,0,0,0,,,estimated_rule,1998-10,bearish,5740,>=4800
1998-W45,1998-11-02,1998-11-06,1998,45,93.53,94.85,93.29,94.82,1560,1350-1699,bullish,fri,mon,1290,30,240,98.08,4,1,5,0,0,bullish,1190,1100-1349,nfp,1,0,1,,1998-11-06,estimated_rule,1998-11,bullish,3650,3600-4799
1998-W46,1998-11-09,1998-11-13,1998,46,94.88,96.46,94.79,95.74,1670,1350-1699,bullish,thu,mon,860,720,90,56.89,3,2,5,0,0,bullish,1560,1350-1699,normal,0,0,0,,,estimated_rule,1998-11,bullish,3650,3600-4799
1998-W47,1998-11-16,1998-11-20,1998,47,95.74,95.86,94.52,95.81,1340,1100-1349,bullish,fri,tue,70,50,1220,96.27,4,1,5,0,0,bullish,1670,1350-1699,cpi,1,1,0,1998-11-18,,estimated_rule,1998-11,bullish,3650,3600-4799
1998-W48,1998-11-23,1998-11-27,1998,48,95.87,96.92,95.77,96.83,1150,1100-1349,bullish,fri,mon,960,90,100,92.17,4,1,5,0,0,bullish,1340,1100-1349,normal,0,0,0,,,estimated_rule,1998-11,bullish,3650,3600-4799
1998-W49,1998-11-30,1998-12-04,1998,49,96.82,96.94,94.32,94.91,2620,>=2200,bearish,mon,thu,1910,120,590,22.52,1,4,5,0,0,bullish,1150,1100-1349,nfp,1,0,1,,1998-12-04,estimated_rule,1998-12,bearish,2950,2800-3599
1998-W50,1998-12-07,1998-12-11,1998,50,94.85,95.42,93.43,93.48,1990,1700-2199,bearish,tue,fri,1370,570,50,2.51,1,4,5,0,0,bearish,2620,>=2200,normal,0,0,0,,,estimated_rule,1998-12,bearish,2950,2800-3599
1998-W51,1998-12-14,1998-12-18,1998,51,93.5,94.61,93.19,94.04,1420,1350-1699,bullish,wed,mon,540,570,310,59.86,2,3,5,0,0,bearish,1990,1700-2199,cpi,1,1,0,1998-12-16,,estimated_rule,1998-12,bearish,2950,2800-3599
1998-W52,1998-12-21,1998-12-25,1998,52,93.89,94.91,93.74,94.89,1170,1100-1349,bullish,thu,mon,1000,20,150,98.29,4,1,5,0,0,bullish,1420,1350-1699,normal,0,0,0,,,estimated_rule,1998-12,bearish,2950,2800-3599
1998-W53,1998-12-28,1999-01-01,1998,53,94.84,95.01,94.02,94.17,990,850-1099,bearish,mon,thu,670,170,150,15.15,1,4,5,0,0,bullish,1170,1100-1349,nfp,1,0,1,,1999-01-01,estimated_rule,1999-01,bullish,3190,2800-3599
1999-W01,1999-01-04,1999-01-08,1999,1,93.89,94.85,93.05,94.35,1800,1700-2199,bullish,wed,mon,460,500,840,72.22,3,2,5,0,0,bearish,990,850-1099,normal,0,0,0,,,estimated_rule,1999-01,bullish,3190,2800-3599
1999-W02,1999-01-11,1999-01-15,1999,2,94.45,95.33,93.48,94.72,1850,1700-2199,bullish,tue,wed,270,610,970,67.03,3,2,5,0,0,bullish,1800,1700-2199,normal,0,0,0,,,estimated_rule,1999-01,bullish,3190,2800-3599
1999-W03,1999-01-18,1999-01-22,1999,3,94.16,95.0,93.68,94.66,1320,1100-1349,bullish,tue,mon,500,340,480,74.24,3,2,5,0,0,bullish,1850,1700-2199,cpi,1,1,0,1999-01-20,,estimated_rule,1999-01,bullish,3190,2800-3599
1999-W04,1999-01-25,1999-01-29,1999,4,94.73,96.24,94.5,96.08,1740,1700-2199,bullish,fri,mon,1350,160,230,90.8,5,0,5,0,0,bullish,1320,1100-1349,normal,0,0,0,,,estimated_rule,1999-01,bullish,3190,2800-3599
1999-W05,1999-02-01,1999-02-05,1999,5,95.9,96.48,95.38,96.22,1100,1100-1349,bullish,thu,fri,320,260,520,76.36,3,2,5,0,0,bullish,1740,1700-2199,nfp,1,0,1,,1999-02-05,estimated_rule,1999-02,bullish,4100,3600-4799
1999-W06,1999-02-08,1999-02-12,1999,6,96.18,96.87,95.89,96.31,980,850-1099,bullish,fri,wed,130,560,290,42.86,2,3,5,0,0,bullish,1100,1100-1349,normal,0,0,0,,,estimated_rule,1999-02,bullish,4100,3600-4799
1999-W07,1999-02-15,1999-02-19,1999,7,96.24,98.39,96.21,98.27,2180,1700-2199,bullish,fri,mon,2030,120,30,94.5,4,1,5,0,0,bullish,980,850-1099,cpi,1,1,0,1999-02-17,,estimated_rule,1999-02,bullish,4100,3600-4799
1999-W08,1999-02-22,1999-02-26,1999,8,98.41,99.48,98.14,98.68,1340,1100-1349,bullish,wed,tue,270,800,270,40.3,4,1,5,0,0,bullish,2180,1700-2199,normal,0,0,0,,,estimated_rule,1999-02,bullish,4100,3600-4799
1999-W09,1999-03-01,1999-03-05,1999,9,98.89,100.59,98.64,100.24,1950,1700-2199,bullish,thu,mon,1350,350,250,82.05,3,2,5,0,0,bullish,1340,1100-1349,nfp,1,0,1,,1999-03-05,estimated_rule,1999-03,bullish,2630,2200-2799
1999-W10,1999-03-08,1999-03-12,1999,10,100.3,100.47,98.19,99.15,2280,>=2200,bearish,mon,thu,1150,170,960,42.11,1,4,5,0,0,bullish,1950,1700-2199,normal,0,0,0,,,estimated_rule,1999-03,bullish,2630,2200-2799
1999-W11,1999-03-15,1999-03-19,1999,11,99.17,99.7,98.16,99.05,1540,1350-1699,bearish,tue,thu,120,530,890,57.79,3,2,5,0,0,bearish,2280,>=2200,cpi,1,1,0,1999-03-17,,estimated_rule,1999-03,bullish,2630,2200-2799
1999-W12,1999-03-22,1999-03-26,1999,12,98.94,100.51,98.46,100.19,2050,1700-2199,bullish,fri,wed,1250,320,480,84.39,2,3,5,0,0,bearish,1540,1350-1699,normal,0,0,0,,,estimated_rule,1999-03,bullish,2630,2200-2799
1999-W13,1999-03-29,1999-04-01,1999,13,100.28,100.79,99.6,100.09,1190,1100-1349,bearish,wed,wed,190,510,490,41.18,3,1,4,0,0,bullish,2050,1700-2199,nfp,1,0,1,,1999-04-02,estimated_rule,1999-04,bullish,1930,1600-2199
1999-W14,1999-04-05,1999-04-09,1999,14,100.41,100.85,99.54,100.08,1310,1100-1349,bearish,tue,thu,330,440,540,41.22,3,2,5,0,0,bearish,1190,1100-1349,normal,0,0,0,,,estimated_rule,1999-04,bullish,1930,1600-2199
1999-W15,1999-04-12,1999-04-16,1999,15,99.84,100.78,99.43,100.08,1350,1350-1699,bullish,fri,mon,240,700,410,48.15,2,3,5,0,0,bearish,1310,1100-1349,normal,0,0,0,,,estimated_rule,1999-04,bullish,1930,1600-2199
1999-W16,1999-04-19,1999-04-23,1999,16,100.26,101.36,100.16,100.87,1200,1100-1349,bullish,thu,mon,610,490,100,59.17,4,1,5,0,0,bullish,1350,1350-1699,cpi,1,1,0,1999-04-21,,estimated_rule,1999-04,bullish,1930,1600-2199
1999-W17,1999-04-26,1999-04-30,1999,17,100.82,101.24,100.3,101.0,940,850-1099,bullish,fri,wed,180,240,520,74.47,4,1,5,0,0,bullish,1200,1100-1349,normal,0,0,0,,,estimated_rule,1999-04,bullish,1930,1600-2199
1999-W18,1999-05-03,1999-05-07,1999,18,100.96,101.28,99.35,99.99,1930,1700-2199,bearish,mon,thu,970,320,640,33.16,2,3,5,0,0,bullish,940,850-1099,nfp,1,0,1,,1999-05-07,estimated_rule,1999-05,bullish,3290,2800-3599
1999-W19,1999-05-10,1999-05-14,1999,19,100.13,101.08,99.41,100.93,1670,1350-1699,bullish,thu,mon,800,150,720,91.02,4,1,5,0,0,bearish,1930,1700-2199,normal,0,0,0,,,estimated_rule,1999-05,bullish,3290,2800-3599
1999-W20,1999-05-17,1999-05-21,1999,20,100.85,101.84,100.55,101.64,1290,1100-1349,bullish,fri,tue,790,200,300,84.5,4,1,5,0,0,bullish,1670,1350-1699,cpi,1,1,0,1999-05-19,,estimated_rule,1999-05,bullish,3290,2800-3599
1999-W21,1999-05-24,1999-05-28,1999,21,101.7,102.64,101.0,102.51,1640,1350-1699,bullish,thu,tue,810,130,700,92.07,3,2,5,0,0,bullish,1290,1100-1349,normal,0,0,0,,,estimated_rule,1999-05,bullish,3290,2800-3599
1999-W22,1999-06-01,1999-06-04,1999,22,102.34,103.35,101.95,102.65,1400,1350-1699,bullish,fri,tue,310,700,390,50.0,2,2,4,0,0,bullish,1640,1350-1699,nfp,1,0,1,,1999-06-04,estimated_rule,1999-06,bullish,2610,2200-2799
1999-W23,1999-06-07,1999-06-11,1999,23,102.83,103.28,100.87,101.0,2410,>=2200,bearish,tue,fri,1830,450,130,5.39,1,4,5,0,0,bullish,1400,1350-1699,normal,0,0,0,,,estimated_rule,1999-06,bullish,2610,2200-2799
1999-W24,1999-06-14,1999-06-18,1999,24,101.21,103.03,101.21,102.37,1820,1700-2199,bullish,wed,mon,1160,660,0,63.74,3,2,5,0,0,bearish,2410,>=2200,cpi,1,1,0,1999-06-16,,estimated_rule,1999-06,bullish,2610,2200-2799
1999-W25,1999-06-21,1999-06-25,1999,25,102.47,103.48,101.97,102.28,1510,1350-1699,bearish,wed,fri,190,1010,310,20.53,3,2,5,0,0,bullish,1820,1700-2199,normal,0,0,0,,,estimated_rule,1999-06,bullish,2610,2200-2799
1999-W26,1999-06-28,1999-07-02,1999,26,102.45,103.84,102.19,103.49,1650,1350-1699,bullish,thu,mon,1040,350,260,78.79,3,2,5,0,0,bearish,1510,1350-1699,nfp,1,0,1,,1999-07-02,estimated_rule,1999-07,bearish,5260,>=4800
1999-W27,1999-07-05,1999-07-09,1999,27,103.79,104.58,103.6,104.44,980,850-1099,bullish,thu,tue,650,140,190,85.71,3,2,5,0,0,bullish,1650,1350-1699,normal,0,0,0,,,estimated_rule,1999-07,bearish,5260,>=4800
1999-W28,1999-07-12,1999-07-16,1999,28,104.27,104.88,103.59,104.08,1290,1100-1349,bearish,mon,thu,190,610,490,37.98,2,3,5,0,0,bullish,980,850-1099,normal,0,0,0,,,estimated_rule,1999-07,bearish,5260,>=4800
1999-W29,1999-07-19,1999-07-23,1999,29,104.33,104.54,101.13,101.55,3410,>=2200,bearish,mon,thu,2780,210,420,12.32,0,5,5,0,0,bearish,1290,1100-1349,cpi,1,1,0,1999-07-21,,estimated_rule,1999-07,bearish,5260,>=4800
1999-W30,1999-07-26,1999-07-30,1999,30,101.43,101.6,99.62,99.75,1980,1700-2199,bearish,mon,fri,1680,170,130,6.57,1,4,5,0,0,bearish,3410,>=2200,normal,0,0,0,,,estimated_rule,1999-07,bearish,5260,>=4800
1999-W31,1999-08-02,1999-08-06,1999,31,99.97,100.35,98.88,99.59,1470,1350-1699,bearish,tue,thu,380,380,710,48.3,2,3,5,0,0,bearish,1980,1700-2199,nfp,1,0,1,,1999-08-06,estimated_rule,1999-08,bearish,2580,2200-2799
1999-W32,1999-08-09,1999-08-13,1999,32,99.81,100.77,99.46,100.59,1310,1100-1349,bullish,fri,tue,780,180,350,86.26,3,2,5,0,0,bearish,1470,1350-1699,normal,0,0,0,,,estimated_rule,1999-08,bearish,2580,2200-2799
1999-W33,1999-08-16,1999-08-20,1999,33,100.73,101.1,99.44,99.6,1660,1350-1699,bearish,tue,fri,1130,370,160,9.64,1,4,5,0,0,bullish,1310,1100-1349,cpi,1,1,0,1999-08-18,,estimated_rule,1999-08,bearish,2580,2200-2799
1999-W34,1999-08-23,1999-08-27,1999,34,99.59,101.46,99.45,101.08,2010,1700-2199,bullish,tue,mon,1490,380,140,81.09,2,3,5,0,0,bearish,1660,1350-1699,normal,0,0,0,,,estimated_rule,1999-08,bearish,2580,2200-2799
1999-W35,1999-08-30,1999-09-03,1999,35,100.82,101.19,98.9,99.78,2290,>=2200,bearish,mon,thu,1040,370,880,38.43,2,3,5,0,0,bullish,2010,1700-2199,nfp,1,0,1,,1999-09-03,estimated_rule,1999-09,bearish,3010,2800-3599
1999-W36,1999-09-06,1999-09-10,1999,36,99.84,101.07,99.34,101.02,1730,1700-2199,bullish,fri,thu,1180,50,500,97.11,5,0,5,0,0,bearish,2290,>=2200,normal,0,0,0,,,estimated_rule,1999-09,bearish,3010,2800-3599
1999-W37,1999-09-13,1999-09-17,1999,37,100.98,101.27,99.82,100.36,1450,1350-1699,bearish,mon,thu,620,290,540,37.24,2,3,5,0,0,bullish,1730,1700-2199,cpi,1,1,0,1999-09-15,,estimated_rule,1999-09,bearish,3010,2800-3599
1999-W38,1999-09-20,1999-09-24,1999,38,100.54,100.72,99.09,99.64,1630,1350-1699,bearish,tue,fri,900,180,550,33.74,2,3,5,0,0,bearish,1450,1350-1699,normal,0,0,0,,,estimated_rule,1999-09,bearish,3010,2800-3599
1999-W39,1999-09-27,1999-10-01,1999,39,99.92,100.11,97.77,97.97,2340,>=2200,bearish,mon,fri,1950,190,200,8.55,0,5,5,0,0,bearish,1630,1350-1699,nfp,1,0,1,,1999-10-01,estimated_rule,1999-10,bullish,2980,2800-3599
1999-W40,1999-10-04,1999-10-08,1999,40,98.05,99.09,97.82,99.02,1270,1100-1349,bullish,fri,mon,970,70,230,94.49,2,3,5,0,0,bearish,2340,>=2200,normal,0,0,0,,,estimated_rule,1999-10,bullish,2980,2800-3599
1999-W41,1999-10-11,1999-10-15,1999,41,98.92,98.92,96.94,97.04,1980,1700-2199,bearish,mon,fri,1880,0,100,5.05,2,3,5,0,0,bullish,1270,1100-1349,normal,0,0,0,,,estimated_rule,1999-10,bullish,2980,2800-3599
1999-W42,1999-10-18,1999-10-22,1999,42,97.1,98.59,97.0,98.48,1590,1350-1699,bullish,fri,mon,1380,110,100,93.08,3,2,5,0,0,bearish,1980,1700-2199,cpi,1,1,0,1999-10-20,,estimated_rule,1999-10,bullish,2980,2800-3599
1999-W43,1999-10-25,1999-10-29,1999,43,98.29,99.92,98.11,99.06,1810,1700-2199,bullish,fri,tue,770,860,180,52.49,4,1,5,0,0,bullish,1590,1350-1699,normal,0,0,0,,,estimated_rule,1999-10,bullish,2980,2800-3599
1999-W44,1999-11-01,1999-11-05,1999,44,98.98,100.6,98.72,100.28,1880,1700-2199,bullish,fri,mon,1300,320,260,82.98,3,2,5,0,0,bullish,1810,1700-2199,nfp,1,0,1,,1999-11-05,estimated_rule,1999-11,bullish,3620,3600-4799
1999-W45,1999-11-08,1999-11-12,1999,45,100.02,100.97,99.79,100.75,1180,1100-1349,bullish,fri,wed,730,220,230,81.36,3,2,5,0,0,bullish,1880,1700-2199,normal,0,0,0,,,estimated_rule,1999-11,bullish,3620,3600-4799
1999-W46,1999-11-15,1999-11-19,1999,46,100.78,101.35,99.96,100.89,1390,1350-1699,bullish,fri,wed,110,460,820,66.91,2,3,5,0,0,bullish,1180,1100-1349,cpi,1,1,0,1999-11-17,,estimated_rule,1999-11,bullish,3620,3600-4799
1999-W47,1999-11-22,1999-11-26,1999,47,100.94,102.16,100.47,101.36,1690,1350-1699,bullish,fri,mon,420,800,470,52.66,2,3,5,0,0,bullish,1390,1350-1699,normal,0,0,0,,,estimated_rule,1999-11,bullish,3620,3600-4799
1999-W48,1999-11-29,1999-12-03,1999,48,101.61,102.76,101.37,102.51,1390,1350-1699,bullish,fri,mon,900,250,240,82.01,4,1,5,0,0,bullish,1690,1350-1699,nfp,1,0,1,,1999-12-03,estimated_rule,1999-12,bearish,2270,2200-2799
1999-W49,1999-12-06,1999-12-10,1999,49,102.56,102.66,100.49,101.66,2170,1700-2199,bearish,mon,tue,900,100,1170,53.92,2,3,5,0,0,bullish,1390,1350-1699,normal,0,0,0,,,estimated_rule,1999-12,bearish,2270,2200-2799
1999-W50,1999-12-13,1999-12-17,1999,50,101.58,102.72,100.95,102.18,1770,1700-2199,bullish,wed,fri,600,540,630,69.49,4,1,5,0,0,bearish,2170,1700-2199,cpi,1,1,0,1999-12-15,,estimated_rule,1999-12,bearish,2270,2200-2799
1999-W51,1999-12-20,1999-12-24,1999,51,102.15,102.41,101.24,101.58,1170,1100-1349,bearish,mon,thu,570,260,340,29.06,1,4,5,0,0,bullish,1770,1700-2199,normal,0,0,0,,,estimated_rule,1999-12,bearish,2270,2200-2799
1999-W52,1999-12-27,1999-12-31,1999,52,101.68,102.27,101.42,101.87,850,850-1099,bullish,thu,mon,190,400,260,52.94,3,2,5,0,0,bearish,1170,1100-1349,normal,0,0,0,,,estimated_rule,1999-12,bearish,2270,2200-2799
2000-W01,2000-01-03,2000-01-07,2000,1,101.67,101.83,99.71,100.8,2120,1700-2199,bearish,mon,wed,870,160,1090,51.42,2,3,5,0,0,bullish,850,850-1099,nfp,1,0,1,,2000-01-07,estimated_rule,2000-01,bullish,5570,>=4800
2000-W02,2000-01-10,2000-01-14,2000,2,100.7,101.97,100.24,101.72,1730,1700-2199,bullish,fri,wed,1020,250,460,85.55,4,1,5,0,0,bearish,2120,1700-2199,normal,0,0,0,,,estimated_rule,2000-01,bullish,5570,>=4800
2000-W03,2000-01-17,2000-01-21,2000,3,101.81,102.11,101.12,101.76,990,850-1099,bearish,tue,fri,50,300,640,64.65,4,1,5,0,0,bullish,1730,1700-2199,cpi,1,1,0,2000-01-19,,estimated_rule,2000-01,bullish,5570,>=4800
2000-W04,2000-01-24,2000-01-28,2000,4,102.23,104.74,101.84,104.48,2900,>=2200,bullish,fri,tue,2250,260,390,91.03,4,1,5,0,0,bearish,990,850-1099,normal,0,0,0,,,estimated_rule,2000-01,bullish,5570,>=4800
2000-W05,2000-01-31,2000-02-04,2000,5,104.45,105.36,103.42,104.29,1940,1700-2199,bearish,wed,thu,160,910,870,44.85,2,3,5,0,0,bullish,2900,>=2200,nfp,1,0,1,,2000-02-04,estimated_rule,2000-02,bullish,3940,3600-4799
2000-W06,2000-02-07,2000-02-11,2000,6,104.3,104.91,103.36,104.19,1550,1350-1699,bearish,mon,thu,110,610,830,53.55,2,3,5,0,0,bearish,1940,1700-2199,normal,0,0,0,,,estimated_rule,2000-02,bullish,3940,3600-4799
2000-W07,2000-02-14,2000-02-18,2000,7,104.2,105.08,103.67,104.63,1410,1350-1699,bullish,tue,thu,430,450,530,68.08,2,3,5,0,0,bearish,1550,1350-1699,cpi,1,1,0,2000-02-16,,estimated_rule,2000-02,bullish,3940,3600-4799
2000-W08,2000-02-21,2000-02-25,2000,8,104.39,105.5,102.92,105.26,2580,>=2200,bullish,fri,wed,870,240,1470,90.7,4,1,5,0,0,bullish,1410,1350-1699,normal,0,0,0,,,estimated_rule,2000-02,bullish,3940,3600-4799
2000-W09,2000-02-28,2000-03-03,2000,9,105.28,106.86,104.59,106.0,2270,>=2200,bullish,mon,thu,720,860,690,62.11,3,2,5,0,0,bullish,2580,>=2200,nfp,1,0,1,,2000-03-03,estimated_rule,2000-03,bearish,2130,1600-2199
2000-W10,2000-03-06,2000-03-10,2000,10,106.21,106.61,105.22,105.71,1390,1350-1699,bearish,wed,thu,500,400,490,35.25,1,4,5,0,0,bullish,2270,>=2200,normal,0,0,0,,,estimated_rule,2000-03,bearish,2130,1600-2199
2000-W11,2000-03-13,2000-03-17,2000,11,105.76,105.89,104.84,105.2,1050,850-1099,bearish,tue,mon,560,130,360,34.29,2,3,5,0,0,bearish,1390,1350-1699,cpi,1,1,0,2000-03-15,,estimated_rule,2000-03,bearish,2130,1600-2199
2000-W12,2000-03-20,2000-03-24,2000,12,105.32,106.34,104.65,104.77,1690,1350-1699,bearish,wed,fri,550,1020,120,7.1,1,4,5,0,0,bearish,1050,850-1099,normal,0,0,0,,,estimated_rule,2000-03,bearish,2130,1600-2199
2000-W13,2000-03-27,2000-03-31,2000,13,104.67,106.52,104.48,105.44,2040,1700-2199,bullish,wed,mon,770,1080,190,47.06,3,2,5,0,0,bearish,1690,1350-1699,normal,0,0,0,,,estimated_rule,2000-03,bearish,2130,1600-2199
2000-W14,2000-04-03,2000-04-07,2000,14,105.61,106.18,104.23,105.97,1950,1700-2199,bullish,mon,tue,360,210,1380,89.23,3,2,5,0,0,bullish,2040,1700-2199,nfp,1,0,1,,2000-04-07,estimated_rule,2000-04,bullish,6090,>=4800
2000-W15,2000-04-10,2000-04-14,2000,15,106.08,106.42,105.48,105.75,940,850-1099,bearish,fri,tue,330,340,270,28.72,3,2,5,0,0,bullish,1950,1700-2199,normal,0,0,0,,,estimated_rule,2000-04,bullish,6090,>=4800
2000-W16,2000-04-17,2000-04-20,2000,16,105.3,107.55,104.96,107.45,2590,>=2200,bullish,thu,mon,2150,100,340,96.14,4,0,4,0,0,bearish,940,850-1099,cpi,1,1,0,2000-04-19,,estimated_rule,2000-04,bullish,6090,>=4800
2000-W17,2000-04-24,2000-04-28,2000,17,107.08,110.32,106.78,110.14,3540,>=2200,bullish,fri,mon,3060,180,300,94.92,4,1,5,0,0,bullish,2590,>=2200,normal,0,0,0,,,estimated_rule,2000-04,bullish,6090,>=4800
2000-W18,2000-05-01,2000-05-05,2000,18,109.9,112.23,109.51,111.31,2720,>=2200,bullish,thu,tue,1410,920,390,66.18,3,2,5,0,0,bullish,3540,>=2200,nfp,1,0,1,,2000-05-05,estimated_rule,2000-05,bearish,4680,3600-4799
2000-W19,2000-05-08,2000-05-12,2000,19,111.31,111.86,109.8,109.9,2060,1700-2199,bearish,mon,fri,1410,550,100,4.85,3,2,5,0,0,bullish,2720,>=2200,normal,0,0,0,,,estimated_rule,2000-05,bearish,4680,3600-4799
2000-W20,2000-05-15,2000-05-19,2000,20,109.91,112.86,109.81,111.47,3050,>=2200,bullish,fri,mon,1560,1390,100,54.43,4,1,5,0,0,bearish,2060,1700-2199,cpi,1,1,0,2000-05-17,,estimated_rule,2000-05,bearish,4680,3600-4799
2000-W21,2000-05-22,2000-05-26,2000,21,111.48,111.97,109.0,109.12,2970,>=2200,bearish,thu,fri,2360,490,120,4.04,1,4,5,0,0,bullish,3050,>=2200,normal,0,0,0,,,estimated_rule,2000-05,bearish,4680,3600-4799
2000-W22,2000-05-30,2000-06-02,2000,22,109.03,109.52,107.4,108.12,2120,1700-2199,bearish,wed,fri,910,490,720,33.96,1,3,4,0,0,bearish,2970,>=2200,nfp,1,0,1,,2000-06-02,estimated_rule,2000-06,bearish,3860,3600-4799
2000-W23,2000-06-05,2000-06-09,2000,23,107.81,108.04,105.56,106.99,2480,>=2200,bearish,mon,thu,820,230,1430,57.66,2,3,5,0,0,bearish,2120,1700-2199,normal,0,0,0,,,estimated_rule,2000-06,bearish,3860,3600-4799
2000-W24,2000-06-12,2000-06-16,2000,24,107.06,107.37,105.92,105.96,1450,1350-1699,bearish,mon,fri,1100,310,40,2.76,1,4,5,0,0,bearish,2480,>=2200,normal,0,0,0,,,estimated_rule,2000-06,bearish,3860,3600-4799
2000-W25,2000-06-19,2000-06-23,2000,25,106.0,108.2,105.59,108.01,2610,>=2200,bullish,fri,mon,2010,190,410,92.72,4,1,5,0,0,bearish,1450,1350-1699,cpi,1,1,0,2000-06-21,,estimated_rule,2000-06,bearish,3860,3600-4799
2000-W26,2000-06-26,2000-06-30,2000,26,108.06,108.64,106.37,106.84,2270,>=2200,bearish,mon,fri,1220,580,470,20.7,2,3,5,0,0,bullish,2610,>=2200,normal,0,0,0,,,estimated_rule,2000-06,bearish,3860,3600-4799
2000-W27,2000-07-03,2000-07-07,2000,27,106.82,107.69,106.7,107.65,990,850-1099,bullish,fri,thu,830,40,120,95.96,4,1,5,0,0,bearish,2270,>=2200,nfp,1,0,1,,2000-07-07,estimated_rule,2000-07,bullish,3220,2800-3599
2000-W28,2000-07-10,2000-07-14,2000,28,107.53,108.93,106.78,108.45,2150,1700-2199,bullish,fri,tue,920,480,750,77.67,3,2,5,0,0,bullish,990,850-1099,normal,0,0,0,,,estimated_rule,2000-07,bullish,3220,2800-3599
2000-W29,2000-07-17,2000-07-21,2000,29,108.32,109.92,108.29,108.42,1630,1350-1699,bullish,wed,mon,100,1500,30,7.98,3,2,5,0,0,bullish,2150,1700-2199,cpi,1,1,0,2000-07-19,,estimated_rule,2000-07,bullish,3220,2800-3599
2000-W30,2000-07-24,2000-07-28,2000,30,108.51,109.87,107.83,109.74,2040,1700-2199,bullish,fri,wed,1230,130,680,93.63,3,2,5,0,0,bullish,1630,1350-1699,normal,0,0,0,,,estimated_rule,2000-07,bullish,3220,2800-3599
2000-W31,2000-07-31,2000-08-04,2000,31,109.76,111.65,109.35,110.85,2300,>=2200,bullish,thu,tue,1090,800,410,65.22,3,2,5,0,0,bullish,2040,1700-2199,nfp,1,0,1,,2000-08-04,estimated_rule,2000-08,bullish,3580,2800-3599
2000-W32,2000-08-07,2000-08-11,2000,32,110.85,111.71,110.29,111.21,1420,1350-1699,bullish,wed,fri,360,500,560,64.79,3,2,5,0,0,bullish,2300,>=2200,normal,0,0,0,,,estimated_rule,2000-08,bullish,3580,2800-3599
2000-W33,2000-08-14,2000-08-18,2000,33,111.21,111.59,110.1,111.01,1490,1350-1699,bearish,mon,thu,200,380,910,61.07,1,4,5,0,0,bullish,1420,1350-1699,cpi,1,1,0,2000-08-16,,estimated_rule,2000-08,bullish,3580,2800-3599
2000-W34,2000-08-21,2000-08-25,2000,34,110.93,112.26,110.84,111.35,1420,1350-1699,bullish,wed,fri,420,910,90,35.92,3,2,5,0,0,bearish,1490,1350-1699,normal,0,0,0,,,estimated_rule,2000-08,bullish,3580,2800-3599
2000-W35,2000-08-28,2000-09-01,2000,35,111.26,112.93,111.07,111.42,1860,1700-2199,bullish,thu,mon,160,1510,190,18.82,3,2,5,0,0,bullish,1420,1350-1699,nfp,1,0,1,,2000-09-01,estimated_rule,2000-09,bullish,5500,>=4800
2000-W36,2000-09-05,2000-09-08,2000,36,111.61,114.9,111.5,114.34,3400,>=2200,bullish,fri,tue,2730,560,110,83.53,3,1,4,0,0,bullish,1860,1700-2199,normal,0,0,0,,,estimated_rule,2000-09,bullish,5500,>=4800
2000-W37,2000-09-11,2000-09-15,2000,37,114.81,115.99,114.12,115.94,1870,1700-2199,bullish,fri,mon,1130,50,690,97.33,3,2,5,0,0,bullish,3400,>=2200,normal,0,0,0,,,estimated_rule,2000-09,bullish,5500,>=4800
2000-W38,2000-09-18,2000-09-22,2000,38,116.11,116.75,111.62,113.56,5130,>=2200,bearish,wed,fri,2550,640,1940,37.82,2,3,5,0,0,bullish,1870,1700-2199,cpi,1,1,0,2000-09-20,,estimated_rule,2000-09,bullish,5500,>=4800
2000-W39,2000-09-25,2000-09-29,2000,39,113.42,114.2,112.64,113.25,1560,1350-1699,bearish,mon,wed,170,780,610,39.1,2,3,5,0,0,bearish,5130,>=2200,normal,0,0,0,,,estimated_rule,2000-09,bullish,5500,>=4800
2000-W40,2000-10-02,2000-10-06,2000,40,113.14,115.03,112.95,114.85,2080,1700-2199,bullish,fri,mon,1710,180,190,91.35,5,0,5,0,0,bearish,1560,1350-1699,nfp,1,0,1,,2000-10-06,estimated_rule,2000-10,bullish,6120,>=4800
2000-W41,2000-10-09,2000-10-13,2000,41,114.66,115.96,113.87,115.86,2090,1700-2199,bullish,fri,wed,1200,100,790,95.22,4,1,5,0,0,bullish,2080,1700-2199,normal,0,0,0,,,estimated_rule,2000-10,bullish,6120,>=4800
2000-W42,2000-10-16,2000-10-20,2000,42,115.81,117.87,115.51,117.16,2360,>=2200,bullish,wed,wed,1350,710,300,69.92,3,2,5,0,0,bullish,2090,1700-2199,cpi,1,1,0,2000-10-18,,estimated_rule,2000-10,bullish,6120,>=4800
2000-W43,2000-10-23,2000-10-27,2000,43,117.19,119.07,117.0,117.39,2070,1700-2199,bullish,thu,fri,200,1680,190,18.84,3,2,5,0,0,bullish,2360,>=2200,normal,0,0,0,,,estimated_rule,2000-10,bullish,6120,>=4800
2000-W44,2000-10-30,2000-11-03,2000,44,117.37,117.69,112.75,114.97,4940,>=2200,bearish,tue,thu,2400,320,2220,44.94,1,4,5,0,0,bullish,2070,1700-2199,nfp,1,0,1,,2000-11-03,estimated_rule,2000-11,bearish,5940,>=4800
2000-W45,2000-11-06,2000-11-10,2000,45,114.92,116.62,114.35,115.79,2270,>=2200,bullish,wed,mon,870,830,570,63.44,4,1,5,0,0,bearish,4940,>=2200,normal,0,0,0,,,estimated_rule,2000-11,bearish,5940,>=4800
2000-W46,2000-11-13,2000-11-17,2000,46,115.73,117.35,115.27,117.31,2080,1700-2199,bullish,fri,mon,1580,40,460,98.08,4,1,5,0,0,bullish,2270,>=2200,cpi,1,1,0,2000-11-15,,estimated_rule,2000-11,bearish,5940,>=4800
2000-W47,2000-11-20,2000-11-24,2000,47,117.2,118.69,116.92,118.48,1770,1700-2199,bullish,fri,tue,1280,210,280,88.14,4,1,5,0,0,bullish,2080,1700-2199,normal,0,0,0,,,estimated_rule,2000-11,bearish,5940,>=4800
2000-W48,2000-11-27,2000-12-01,2000,48,118.54,118.61,114.61,114.73,4000,>=2200,bearish,mon,fri,3810,70,120,3.0,0,5,5,0,0,bullish,1770,1700-2199,nfp,1,0,1,,2000-12-01,estimated_rule,2000-12,bearish,5980,>=4800
2000-W49,2000-12-04,2000-12-08,2000,49,114.7,114.94,112.79,114.05,2150,1700-2199,bearish,mon,thu,650,240,1260,58.6,3,2,5,0,0,bearish,4000,>=2200,normal,0,0,0,,,estimated_rule,2000-12,bearish,5980,>=4800
2000-W50,2000-12-11,2000-12-15,2000,50,114.07,115.18,112.48,112.9,2700,>=2200,bearish,wed,fri,1170,1110,420,15.56,2,3,5,0,0,bearish,2150,1700-2199,normal,0,0,0,,,estimated_rule,2000-12,bearish,5980,>=4800
2000-W51,2000-12-18,2000-12-22,2000,51,112.98,113.66,110.47,110.82,3190,>=2200,bearish,tue,fri,2160,680,350,10.97,2,3,5,0,0,bearish,2700,>=2200,cpi,1,1,0,2000-12-20,,estimated_rule,2000-12,bearish,5980,>=4800
2000-W52,2000-12-26,2000-12-29,2000,52,110.46,110.83,109.46,109.56,1370,1350-1699,bearish,thu,fri,900,370,100,7.3,2,2,4,0,0,bearish,3190,>=2200,normal,0,0,0,,,estimated_rule,2000-12,bearish,5980,>=4800
2001-W01,2001-01-02,2001-01-05,2001,1,109.33,110.4,108.09,108.42,2310,>=2200,bearish,thu,wed,910,1070,330,14.29,1,3,4,0,0,bearish,1370,1350-1699,nfp,1,0,1,,2001-01-05,estimated_rule,2001-01,bullish,4560,3600-4799
2001-W02,2001-01-08,2001-01-12,2001,2,108.33,110.1,108.23,109.36,1870,1700-2199,bullish,thu,mon,1030,740,100,60.43,4,1,5,0,0,bearish,2310,>=2200,normal,0,0,0,,,estimated_rule,2001-01,bullish,4560,3600-4799
2001-W03,2001-01-15,2001-01-19,2001,3,109.94,111.1,109.37,110.66,1730,1700-2199,bullish,wed,fri,720,440,570,74.57,3,2,5,0,0,bullish,1870,1700-2199,cpi,1,1,0,2001-01-17,,estimated_rule,2001-01,bullish,4560,3600-4799
2001-W04,2001-01-22,2001-01-26,2001,4,110.53,112.65,109.74,111.46,2910,>=2200,bullish,thu,tue,930,1190,790,59.11,3,2,5,0,0,bullish,1730,1700-2199,normal,0,0,0,,,estimated_rule,2001-01,bullish,4560,3600-4799
2001-W05,2001-01-29,2001-02-02,2001,5,111.53,112.08,109.4,110.32,2680,>=2200,bearish,tue,thu,1210,550,920,34.33,2,3,5,0,0,bullish,2910,>=2200,nfp,1,0,1,,2001-02-02,estimated_rule,2001-02,bullish,4220,3600-4799
2001-W06,2001-02-05,2001-02-09,2001,6,110.2,112.57,109.48,111.52,3090,>=2200,bullish,fri,mon,1320,1050,720,66.02,3,2,5,0,0,bearish,2680,>=2200,normal,0,0,0,,,estimated_rule,2001-02,bullish,4220,3600-4799
2001-W07,2001-02-12,2001-02-16,2001,7,111.65,113.28,111.04,112.26,2240,>=2200,bullish,thu,mon,610,1020,610,54.46,3,2,5,0,0,bullish,3090,>=2200,normal,0,0,0,,,estimated_rule,2001-02,bullish,4220,3600-4799
2001-W08,2001-02-19,2001-02-23,2001,8,112.52,113.62,111.68,112.03,1940,1700-2199,bearish,thu,mon,490,1100,350,18.04,3,2,5,0,0,bullish,2240,>=2200,cpi,1,1,0,2001-02-21,,estimated_rule,2001-02,bullish,4220,3600-4799
2001-W09,2001-02-26,2001-03-02,2001,9,112.17,113.07,110.82,111.17,2250,>=2200,bearish,mon,fri,1000,900,350,15.56,1,4,5,0,0,bearish,1940,1700-2199,nfp,1,0,1,,2001-03-02,estimated_rule,2001-03,bullish,6810,>=4800
2001-W10,2001-03-05,2001-03-09,2001,10,111.13,112.01,110.93,111.44,1080,850-1099,bullish,wed,wed,310,570,200,47.22,3,2,5,0,0,bearish,2250,>=2200,normal,0,0,0,,,estimated_rule,2001-03,bullish,6810,>=4800
2001-W11,2001-03-12,2001-03-16,2001,11,111.47,115.76,111.38,115.32,4380,>=2200,bullish,fri,mon,3850,440,90,89.95,5,0,5,0,0,bullish,1080,850-1099,normal,0,0,0,,,estimated_rule,2001-03,bullish,6810,>=4800
2001-W12,2001-03-19,2001-03-23,2001,12,115.26,116.79,113.79,115.94,3000,>=2200,bullish,thu,wed,680,850,1470,71.67,2,3,5,0,0,bullish,4380,>=2200,cpi,1,1,0,2001-03-21,,estimated_rule,2001-03,bullish,6810,>=4800
2001-W13,2001-03-26,2001-03-30,2001,13,116.05,117.63,114.95,117.37,2680,>=2200,bullish,fri,tue,1320,260,1100,90.3,4,1,5,0,0,bullish,3000,>=2200,normal,0,0,0,,,estimated_rule,2001-03,bullish,6810,>=4800
2001-W14,2001-04-02,2001-04-06,2001,14,117.7,117.82,114.36,114.75,3460,>=2200,bearish,mon,thu,2950,120,390,11.27,1,4,5,0,0,bullish,2680,>=2200,nfp,1,0,1,,2001-04-06,estimated_rule,2001-04,bearish,3960,3600-4799
2001-W15,2001-04-09,2001-04-12,2001,15,114.71,116.66,114.61,115.54,2050,1700-2199,bullish,wed,mon,830,1120,100,45.37,3,1,4,0,0,bearish,3460,>=2200,normal,0,0,0,,,estimated_rule,2001-04,bearish,3960,3600-4799
2001-W16,2001-04-16,2001-04-20,2001,16,116.37,117.56,114.23,114.32,3330,>=2200,bearish,wed,fri,2050,1190,90,2.7,1,4,5,0,0,bullish,2050,1700-2199,cpi,1,1,0,2001-04-18,,estimated_rule,2001-04,bearish,3960,3600-4799
2001-W17,2001-04-23,2001-04-27,2001,17,114.19,115.85,113.86,115.62,1990,1700-2199,bullish,fri,mon,1430,230,330,88.44,3,2,5,0,0,bearish,3330,>=2200,normal,0,0,0,,,estimated_rule,2001-04,bearish,3960,3600-4799
2001-W18,2001-04-30,2001-05-04,2001,18,115.67,116.14,114.27,114.93,1870,1700-2199,bearish,mon,fri,740,470,660,35.29,2,3,5,0,0,bullish,1990,1700-2199,nfp,1,0,1,,2001-05-04,estimated_rule,2001-05,bullish,5020,>=4800
2001-W19,2001-05-07,2001-05-11,2001,19,115.16,117.08,115.09,116.84,1990,1700-2199,bullish,fri,mon,1680,240,70,87.94,5,0,5,0,0,bearish,1870,1700-2199,normal,0,0,0,,,estimated_rule,2001-05,bullish,5020,>=4800
2001-W20,2001-05-14,2001-05-18,2001,20,116.96,117.34,115.74,116.41,1600,1350-1699,bearish,mon,thu,550,380,670,41.88,2,3,5,0,0,bullish,1990,1700-2199,cpi,1,1,0,2001-05-16,,estimated_rule,2001-05,bullish,5020,>=4800
2001-W21,2001-05-21,2001-05-25,2001,21,116.37,118.76,116.14,118.18,2620,>=2200,bullish,thu,mon,1810,580,230,77.86,3,2,5,0,0,bearish,1600,1350-1699,normal,0,0,0,,,estimated_rule,2001-05,bullish,5020,>=4800
2001-W22,2001-05-29,2001-06-01,2001,22,118.04,119.39,117.97,118.89,1420,1350-1699,bullish,fri,wed,850,500,70,64.79,2,2,4,0,0,bullish,2620,>=2200,nfp,1,0,1,,2001-06-01,estimated_rule,2001-06,bullish,2900,2800-3599
2001-W23,2001-06-04,2001-06-08,2001,23,119.14,119.66,118.32,119.21,1340,1100-1349,bullish,fri,wed,70,450,820,66.42,3,2,5,0,0,bullish,1420,1350-1699,normal,0,0,0,,,estimated_rule,2001-06,bullish,2900,2800-3599
2001-W24,2001-06-11,2001-06-15,2001,24,119.35,120.33,117.43,118.29,2900,>=2200,bearish,mon,fri,1060,980,860,29.66,2,3,5,0,0,bullish,1340,1100-1349,normal,0,0,0,,,estimated_rule,2001-06,bullish,2900,2800-3599
2001-W25,2001-06-18,2001-06-22,2001,25,118.2,119.62,118.01,118.91,1610,1350-1699,bullish,wed,mon,710,710,190,55.9,3,2,5,0,0,bearish,2900,>=2200,cpi,1,1,0,2001-06-20,,estimated_rule,2001-06,bullish,2900,2800-3599
2001-W26,2001-06-25,2001-06-29,2001,26,118.76,120.13,117.79,119.43,2340,>=2200,bullish,thu,wed,670,700,970,70.09,2,3,5,0,0,bullish,1610,1350-1699,normal,0,0,0,,,estimated_rule,2001-06,bullish,2900,2800-3599
2001-W27,2001-07-02,2001-07-06,2001,27,119.39,121.02,119.24,119.9,1780,1700-2199,bullish,fri,mon,510,1120,150,37.08,4,1,5,0,0,bullish,2340,>=2200,nfp,1,0,1,,2001-07-06,estimated_rule,2001-07,bearish,4680,3600-4799
2001-W28,2001-07-09,2001-07-13,2001,28,119.93,120.2,118.12,119.33,2080,1700-2199,bearish,mon,wed,600,270,1210,58.17,2,3,5,0,0,bullish,1780,1700-2199,normal,0,0,0,,,estimated_rule,2001-07,bearish,4680,3600-4799
2001-W29,2001-07-16,2001-07-20,2001,29,119.22,119.93,116.65,117.21,3280,>=2200,bearish,tue,fri,2010,710,560,17.07,1,4,5,0,0,bearish,2080,1700-2199,cpi,1,1,0,2001-07-18,,estimated_rule,2001-07,bearish,4680,3600-4799
2001-W30,2001-07-23,2001-07-27,2001,30,117.47,118.1,116.34,116.94,1760,1700-2199,bearish,mon,thu,530,630,600,34.09,3,2,5,0,0,bearish,3280,>=2200,normal,0,0,0,,,estimated_rule,2001-07,bearish,4680,3600-4799
2001-W31,2001-07-30,2001-08-03,2001,31,116.88,117.46,115.8,116.14,1660,1350-1699,bearish,tue,fri,740,580,340,20.48,1,4,5,0,0,bearish,1760,1700-2199,nfp,1,0,1,,2001-08-03,estimated_rule,2001-08,bearish,4840,>=4800
2001-W32,2001-08-06,2001-08-10,2001,32,116.26,117.16,114.99,115.29,2170,1700-2199,bearish,wed,fri,970,900,300,13.82,2,3,5,0,0,bearish,1660,1350-1699,normal,0,0,0,,,estimated_rule,2001-08,bearish,4840,>=4800
2001-W33,2001-08-13,2001-08-17,2001,33,115.27,115.42,112.45,112.99,2970,>=2200,bearish,tue,thu,2280,150,540,18.18,0,5,5,0,0,bearish,2170,1700-2199,cpi,1,1,0,2001-08-15,,estimated_rule,2001-08,bearish,4840,>=4800
2001-W34,2001-08-20,2001-08-24,2001,34,113.08,113.82,112.32,113.33,1500,1350-1699,bullish,fri,wed,250,490,760,67.33,3,2,5,0,0,bearish,2970,>=2200,normal,0,0,0,,,estimated_rule,2001-08,bearish,4840,>=4800
2001-W35,2001-08-27,2001-08-31,2001,35,113.4,114.27,112.54,113.42,1730,1700-2199,bullish,tue,fri,20,850,860,50.87,3,2,5,0,0,bullish,1500,1350-1699,normal,0,0,0,,,estimated_rule,2001-08,bearish,4840,>=4800
2001-W36,2001-09-03,2001-09-07,2001,36,113.48,116.08,113.4,114.05,2680,>=2200,bullish,thu,mon,570,2030,80,24.25,3,2,5,0,0,bullish,1730,1700-2199,nfp,1,0,1,,2001-09-07,estimated_rule,2001-09,bullish,4770,3600-4799
2001-W37,2001-09-10,2001-09-10,2001,37,113.92,114.83,113.78,114.57,1050,850-1099,bullish,mon,mon,650,260,140,75.24,1,0,1,0,0,bullish,2680,>=2200,normal,0,0,0,,,estimated_rule,2001-09,bullish,4770,3600-4799
2001-W38,2001-09-17,2001-09-21,2001,38,111.98,113.44,111.31,113.04,2130,1700-2199,bullish,fri,mon,1060,400,670,81.22,2,3,5,0,0,bullish,1050,850-1099,cpi,1,1,0,2001-09-19,,estimated_rule,2001-09,bullish,4770,3600-4799
2001-W39,2001-09-24,2001-09-28,2001,39,112.81,113.69,112.04,113.48,1650,1350-1699,bullish,fri,tue,670,210,770,87.27,4,1,5,0,0,bullish,2130,1700-2199,normal,0,0,0,,,estimated_rule,2001-09,bullish,4770,3600-4799
2001-W40,2001-10-01,2001-10-05,2001,40,113.69,113.73,112.56,112.91,1170,1100-1349,bearish,mon,wed,780,40,350,29.91,2,3,5,0,0,bullish,1650,1350-1699,nfp,1,0,1,,2001-10-05,estimated_rule,2001-10,bullish,4000,3600-4799
2001-W41,2001-10-08,2001-10-12,2001,41,112.74,114.87,112.27,113.89,2600,>=2200,bullish,thu,mon,1150,980,470,62.31,3,2,5,0,0,bearish,1170,1100-1349,normal,0,0,0,,,estimated_rule,2001-10,bullish,4000,3600-4799
2001-W42,2001-10-15,2001-10-19,2001,42,113.48,115.04,113.4,114.86,1640,1350-1699,bullish,fri,mon,1380,180,80,89.02,4,1,5,0,0,bullish,2600,>=2200,cpi,1,1,0,2001-10-17,,estimated_rule,2001-10,bullish,4000,3600-4799
2001-W43,2001-10-22,2001-10-26,2001,43,114.89,116.27,114.79,115.65,1480,1350-1699,bullish,tue,mon,760,620,100,58.11,3,2,5,0,0,bullish,1640,1350-1699,normal,0,0,0,,,estimated_rule,2001-10,bullish,4000,3600-4799
2001-W44,2001-10-29,2001-11-02,2001,44,115.18,115.61,113.66,114.54,1950,1700-2199,bearish,mon,thu,640,430,880,45.13,3,2,5,0,0,bullish,1480,1350-1699,nfp,1,0,1,,2001-11-02,estimated_rule,2001-11,bullish,3770,3600-4799
2001-W45,2001-11-05,2001-11-09,2001,45,114.88,115.52,114.17,115.09,1350,1350-1699,bullish,fri,wed,210,430,710,68.15,2,3,5,0,0,bearish,1950,1700-2199,normal,0,0,0,,,estimated_rule,2001-11,bullish,3770,3600-4799
2001-W46,2001-11-12,2001-11-16,2001,46,115.13,116.83,114.34,116.41,2490,>=2200,bullish,wed,mon,1280,420,790,83.13,4,1,5,0,0,bullish,1350,1350-1699,normal,0,0,0,,,estimated_rule,2001-11,bullish,3770,3600-4799
2001-W47,2001-11-19,2001-11-23,2001,47,116.66,117.42,116.33,117.33,1090,850-1099,bullish,wed,mon,670,90,330,91.74,3,2,5,0,0,bullish,2490,>=2200,cpi,1,1,0,2001-11-21,,estimated_rule,2001-11,bullish,3770,3600-4799
2001-W48,2001-11-26,2001-11-30,2001,48,117.13,117.43,115.22,116.13,2210,>=2200,bearish,mon,fri,1000,300,910,41.18,0,5,5,0,0,bullish,1090,850-1099,normal,0,0,0,,,estimated_rule,2001-11,bullish,3770,3600-4799
2001-W49,2001-12-03,2001-12-07,2001,49,115.61,116.64,115.48,116.15,1160,1100-1349,bullish,wed,mon,540,490,130,57.76,4,1,5,0,0,bearish,2210,>=2200,nfp,1,0,1,,2001-12-07,estimated_rule,2001-12,bullish,3830,3600-4799
2001-W50,2001-12-10,2001-12-14,2001,50,116.06,116.76,114.83,114.93,1930,1700-2199,bearish,mon,fri,1130,700,100,5.18,2,3,5,0,0,bullish,1160,1100-1349,normal,0,0,0,,,estimated_rule,2001-12,bullish,3830,3600-4799
2001-W51,2001-12-17,2001-12-21,2001,51,115.03,117.06,114.43,116.98,2630,>=2200,bullish,fri,mon,1950,80,600,96.96,2,3,5,0,0,bearish,1930,1700-2199,cpi,1,1,0,2001-12-19,,estimated_rule,2001-12,bullish,3830,3600-4799
2001-W52,2001-12-24,2001-12-28,2001,52,116.65,118.26,116.56,117.26,1700,1700-2199,bullish,mon,mon,610,1000,90,41.18,2,2,4,0,0,bullish,2630,>=2200,normal,0,0,0,,,estimated_rule,2001-12,bullish,3830,3600-4799
2002-W01,2001-12-31,2002-01-04,2002,1,117.26,117.42,115.54,116.33,1880,1700-2199,bearish,mon,thu,930,160,790,42.02,2,2,4,0,0,bullish,1700,1700-2199,nfp,1,0,1,,2002-01-04,estimated_rule,2002-01,bullish,4970,>=4800
2002-W02,2002-01-07,2002-01-11,2002,2,115.98,117.35,115.85,116.64,1500,1350-1699,bullish,wed,mon,660,710,130,52.67,3,2,5,0,0,bearish,1880,1700-2199,normal,0,0,0,,,estimated_rule,2002-01,bullish,4970,>=4800
2002-W03,2002-01-14,2002-01-18,2002,3,116.51,118.11,116.34,117.51,1770,1700-2199,bullish,fri,mon,1000,600,170,66.1,4,1,5,0,0,bullish,1500,1350-1699,cpi,1,1,0,2002-01-16,,estimated_rule,2002-01,bullish,4970,>=4800
2002-W04,2002-01-21,2002-01-25,2002,4,117.6,119.99,117.35,119.85,2640,>=2200,bullish,fri,mon,2250,140,250,94.7,4,1,5,0,0,bullish,1770,1700-2199,normal,0,0,0,,,estimated_rule,2002-01,bullish,4970,>=4800
2002-W05,2002-01-28,2002-02-01,2002,5,119.7,120.51,119.12,119.79,1390,1350-1699,bullish,mon,wed,90,720,580,48.2,3,2,5,0,0,bullish,2640,>=2200,nfp,1,0,1,,2002-02-01,estimated_rule,2002-02,bearish,2310,2200-2799
2002-W06,2002-02-04,2002-02-08,2002,6,119.83,119.93,118.74,118.98,1190,1100-1349,bearish,mon,tue,850,100,240,20.17,2,3,5,0,0,bullish,1390,1350-1699,normal,0,0,0,,,estimated_rule,2002-02,bearish,2310,2200-2799
2002-W07,2002-02-11,2002-02-15,2002,7,119.08,119.37,118.1,118.6,1270,1100-1349,bearish,mon,tue,480,290,500,39.37,1,4,5,0,0,bearish,1190,1100-1349,normal,0,0,0,,,estimated_rule,2002-02,bearish,2310,2200-2799
2002-W08,2002-02-18,2002-02-22,2002,8,118.46,119.37,118.09,118.48,1280,1100-1349,bullish,tue,wed,20,890,370,30.47,3,2,5,0,0,bearish,1270,1100-1349,cpi,1,1,0,2002-02-20,,estimated_rule,2002-02,bearish,2310,2200-2799
2002-W09,2002-02-25,2002-03-01,2002,9,118.58,120.04,118.41,119.4,1630,1350-1699,bullish,tue,mon,820,640,170,60.74,3,2,5,0,0,bullish,1280,1100-1349,nfp,1,0,1,,2002-03-01,estimated_rule,2002-03,bearish,2850,2800-3599
2002-W10,2002-03-04,2002-03-08,2002,10,119.38,119.49,116.76,117.99,2730,>=2200,bearish,mon,thu,1390,110,1230,45.05,1,4,5,0,0,bullish,1630,1350-1699,normal,0,0,0,,,estimated_rule,2002-03,bearish,2850,2800-3599
2002-W11,2002-03-11,2002-03-15,2002,11,117.95,118.43,116.82,117.22,1610,1350-1699,bearish,tue,fri,730,480,400,24.84,1,4,5,0,0,bearish,2730,>=2200,normal,0,0,0,,,estimated_rule,2002-03,bearish,2850,2800-3599
2002-W12,2002-03-18,2002-03-22,2002,12,117.66,118.24,117.05,118.05,1190,1100-1349,bullish,fri,thu,390,190,610,84.03,2,3,5,0,0,bearish,1610,1350-1699,cpi,1,1,0,2002-03-20,,estimated_rule,2002-03,bearish,2850,2800-3599
2002-W13,2002-03-25,2002-03-28,2002,13,118.13,118.8,117.77,118.62,1030,850-1099,bullish,thu,tue,490,180,360,82.52,3,1,4,0,0,bullish,1190,1100-1349,normal,0,0,0,,,estimated_rule,2002-03,bearish,2850,2800-3599
2002-W14,2002-04-01,2002-04-05,2002,14,118.56,118.7,117.12,117.69,1580,1350-1699,bearish,mon,thu,870,140,570,36.08,1,4,5,0,0,bullish,1030,850-1099,nfp,1,0,1,,2002-04-05,estimated_rule,2002-04,bearish,3980,3600-4799
2002-W15,2002-04-08,2002-04-12,2002,15,117.84,118.35,117.18,117.74,1170,1100-1349,bearish,tue,thu,100,510,560,47.86,3,2,5,0,0,bearish,1580,1350-1699,normal,0,0,0,,,estimated_rule,2002-04,bearish,3980,3600-4799
2002-W16,2002-04-15,2002-04-19,2002,16,117.48,117.79,116.19,116.29,1600,1350-1699,bearish,mon,fri,1190,310,100,6.25,1,4,5,0,0,bearish,1170,1100-1349,cpi,1,1,0,2002-04-17,,estimated_rule,2002-04,bearish,3980,3600-4799
2002-W17,2002-04-22,2002-04-26,2002,17,116.55,116.78,115.0,115.04,1780,1700-2199,bearish,tue,fri,1510,230,40,2.25,0,5,5,0,0,bearish,1600,1350-1699,normal,0,0,0,,,estimated_rule,2002-04,bearish,3980,3600-4799
2002-W18,2002-04-29,2002-05-03,2002,18,114.98,115.39,113.5,113.59,1890,1700-2199,bearish,tue,fri,1390,410,90,4.76,2,3,5,0,0,bearish,1780,1700-2199,nfp,1,0,1,,2002-05-03,estimated_rule,2002-05,bearish,4460,3600-4799
2002-W19,2002-05-06,2002-05-10,2002,19,113.85,115.09,113.39,113.95,1700,1700-2199,bullish,wed,tue,100,1140,460,32.94,2,3,5,0,0,bearish,1890,1700-2199,normal,0,0,0,,,estimated_rule,2002-05,bearish,4460,3600-4799
2002-W20,2002-05-13,2002-05-17,2002,20,113.77,115.32,112.91,113.0,2410,>=2200,bearish,wed,fri,770,1550,90,3.73,2,3,5,0,0,bullish,1700,1700-2199,cpi,1,1,0,2002-05-15,,estimated_rule,2002-05,bearish,4460,3600-4799
2002-W21,2002-05-20,2002-05-24,2002,21,113.06,113.38,112.16,112.8,1220,1100-1349,bearish,tue,wed,260,320,640,52.46,1,4,5,0,0,bearish,2410,>=2200,normal,0,0,0,,,estimated_rule,2002-05,bearish,4460,3600-4799
2002-W22,2002-05-27,2002-05-31,2002,22,112.87,113.11,110.88,111.81,2230,>=2200,bearish,mon,thu,1060,240,930,41.7,2,3,5,0,0,bearish,1220,1100-1349,normal,0,0,0,,,estimated_rule,2002-05,bearish,4460,3600-4799
2002-W23,2002-06-03,2002-06-07,2002,23,111.93,112.04,110.56,110.99,1480,1350-1699,bearish,mon,fri,940,110,430,29.05,3,2,5,0,0,bearish,2230,>=2200,nfp,1,0,1,,2002-06-07,estimated_rule,2002-06,bearish,6670,>=4800
2002-W24,2002-06-10,2002-06-14,2002,24,111.39,111.47,110.26,110.76,1210,1100-1349,bearish,mon,fri,630,80,500,41.32,1,4,5,0,0,bearish,1480,1350-1699,normal,0,0,0,,,estimated_rule,2002-06,bearish,6670,>=4800
2002-W25,2002-06-17,2002-06-21,2002,25,110.83,111.13,107.96,108.19,3170,>=2200,bearish,mon,fri,2640,300,230,7.26,1,4,5,0,0,bearish,1210,1100-1349,cpi,1,1,0,2002-06-19,,estimated_rule,2002-06,bearish,6670,>=4800
2002-W26,2002-06-24,2002-06-28,2002,26,108.07,108.53,105.37,106.11,3160,>=2200,bearish,tue,fri,1960,460,740,23.42,2,3,5,0,0,bearish,3170,>=2200,normal,0,0,0,,,estimated_rule,2002-06,bearish,6670,>=4800
2002-W27,2002-07-01,2002-07-05,2002,27,105.76,107.88,105.67,107.67,2210,>=2200,bullish,fri,mon,1910,210,90,90.5,2,3,5,0,0,bearish,3160,>=2200,nfp,1,0,1,,2002-07-05,estimated_rule,2002-07,bullish,4340,3600-4799
2002-W28,2002-07-08,2002-07-12,2002,28,106.46,107.7,105.44,105.89,2260,>=2200,bearish,mon,wed,570,1240,450,19.91,1,4,5,0,0,bullish,2210,>=2200,normal,0,0,0,,,estimated_rule,2002-07,bullish,4340,3600-4799
2002-W29,2002-07-15,2002-07-19,2002,29,105.36,105.89,103.54,104.06,2350,>=2200,bearish,mon,fri,1300,530,520,22.13,2,3,5,0,0,bearish,2260,>=2200,cpi,1,1,0,2002-07-17,,estimated_rule,2002-07,bullish,4340,3600-4799
2002-W30,2002-07-22,2002-07-26,2002,30,104.34,106.82,104.1,106.61,2720,>=2200,bullish,tue,mon,2270,210,240,92.28,3,2,5,0,0,bearish,2350,>=2200,normal,0,0,0,,,estimated_rule,2002-07,bullish,4340,3600-4799
2002-W31,2002-07-29,2002-08-02,2002,31,106.7,107.91,106.28,106.67,1630,1350-1699,bearish,thu,fri,30,1210,390,23.93,2,3,5,0,0,bullish,2720,>=2200,nfp,1,0,1,,2002-08-02,estimated_rule,2002-08,bearish,2820,2800-3599
2002-W32,2002-08-05,2002-08-09,2002,32,107.02,109.0,106.55,108.21,2450,>=2200,bullish,tue,mon,1190,790,470,67.76,3,2,5,0,0,bearish,1630,1350-1699,normal,0,0,0,,,estimated_rule,2002-08,bearish,2820,2800-3599
2002-W33,2002-08-12,2002-08-16,2002,33,107.76,108.3,106.18,106.72,2120,1700-2199,bearish,mon,wed,1040,540,540,25.47,1,4,5,0,0,bullish,2450,>=2200,normal,0,0,0,,,estimated_rule,2002-08,bearish,2820,2800-3599
2002-W34,2002-08-19,2002-08-23,2002,34,106.64,108.48,106.35,107.97,2130,1700-2199,bullish,fri,mon,1330,510,290,76.06,3,2,5,0,0,bearish,2120,1700-2199,cpi,1,1,0,2002-08-21,,estimated_rule,2002-08,bearish,2820,2800-3599
2002-W35,2002-08-26,2002-08-30,2002,35,108.14,108.26,106.27,106.98,1990,1700-2199,bearish,mon,thu,1160,120,710,35.68,2,3,5,0,0,bullish,2130,1700-2199,normal,0,0,0,,,estimated_rule,2002-08,bearish,2820,2800-3599
2002-W36,2002-09-03,2002-09-06,2002,36,106.43,106.84,105.41,106.84,1430,1350-1699,bullish,fri,thu,410,0,1020,100.0,3,1,4,0,0,bearish,1990,1700-2199,nfp,1,0,1,,2002-09-06,estimated_rule,2002-09,bullish,4260,3600-4799
2002-W37,2002-09-09,2002-09-13,2002,37,106.73,108.28,106.58,108.06,1700,1700-2199,bullish,fri,tue,1330,220,150,87.06,4,1,5,0,0,bullish,1430,1350-1699,normal,0,0,0,,,estimated_rule,2002-09,bullish,4260,3600-4799
2002-W38,2002-09-16,2002-09-20,2002,38,108.47,109.67,106.78,107.53,2890,>=2200,bearish,mon,fri,940,1200,750,25.95,1,4,5,0,0,bullish,1700,1700-2199,cpi,1,1,0,2002-09-18,,estimated_rule,2002-09,bullish,4260,3600-4799
2002-W39,2002-09-23,2002-09-27,2002,39,107.52,108.13,107.03,107.53,1100,1100-1349,bullish,mon,wed,10,600,490,45.45,3,2,5,0,0,bearish,2890,>=2200,normal,0,0,0,,,estimated_rule,2002-09,bullish,4260,3600-4799
2002-W40,2002-09-30,2002-10-04,2002,40,107.08,108.07,106.5,107.6,1570,1350-1699,bullish,mon,mon,520,470,580,70.06,3,2,5,0,0,bullish,1100,1100-1349,nfp,1,0,1,,2002-10-04,estimated_rule,2002-10,bearish,2200,2200-2799
2002-W41,2002-10-07,2002-10-11,2002,41,107.76,108.14,106.71,107.25,1430,1350-1699,bearish,tue,thu,510,380,540,37.76,3,2,5,0,0,bullish,1570,1350-1699,normal,0,0,0,,,estimated_rule,2002-10,bearish,2200,2200-2799
2002-W42,2002-10-14,2002-10-18,2002,42,107.05,108.62,106.96,108.52,1660,1350-1699,bullish,fri,mon,1470,100,90,93.98,5,0,5,0,0,bearish,1430,1350-1699,cpi,1,1,0,2002-10-16,,estimated_rule,2002-10,bearish,2200,2200-2799
2002-W43,2002-10-21,2002-10-25,2002,43,108.38,108.74,107.61,107.92,1130,1100-1349,bearish,mon,fri,460,360,310,27.43,2,3,5,0,0,bullish,1660,1350-1699,normal,0,0,0,,,estimated_rule,2002-10,bearish,2200,2200-2799
2002-W44,2002-10-28,2002-11-01,2002,44,108.2,108.33,105.75,106.08,2580,>=2200,bearish,mon,fri,2120,130,330,12.79,0,5,5,0,0,bearish,1130,1100-1349,nfp,1,0,1,,2002-11-01,estimated_rule,2002-11,bearish,2850,2800-3599
2002-W45,2002-11-04,2002-11-08,2002,45,106.09,106.42,104.34,104.5,2080,1700-2199,bearish,mon,fri,1590,330,160,7.69,1,4,5,0,0,bearish,2580,>=2200,normal,0,0,0,,,estimated_rule,2002-11,bearish,2850,2800-3599
2002-W46,2002-11-11,2002-11-15,2002,46,104.57,105.65,104.12,105.04,1530,1350-1699,bullish,fri,mon,470,610,450,60.13,3,2,5,0,0,bearish,2080,1700-2199,normal,0,0,0,,,estimated_rule,2002-11,bearish,2850,2800-3599
2002-W47,2002-11-18,2002-11-22,2002,47,105.14,106.2,104.71,106.12,1490,1350-1699,bullish,fri,tue,980,80,430,94.63,5,0,5,0,0,bullish,1530,1350-1699,cpi,1,1,0,2002-11-20,,estimated_rule,2002-11,bearish,2850,2800-3599
2002-W48,2002-11-25,2002-11-29,2002,48,106.27,106.97,106.1,106.41,870,850-1099,bullish,wed,mon,140,560,170,35.63,2,3,5,0,0,bullish,1490,1350-1699,normal,0,0,0,,,estimated_rule,2002-11,bearish,2850,2800-3599
2002-W49,2002-12-02,2002-12-06,2002,49,106.57,107.31,104.92,105.36,2390,>=2200,bearish,mon,fri,1210,740,440,18.41,2,3,5,0,0,bullish,870,850-1099,nfp,1,0,1,,2002-12-06,estimated_rule,2002-12,bearish,5490,>=4800
2002-W50,2002-12-09,2002-12-13,2002,50,105.16,105.63,103.83,103.98,1800,1700-2199,bearish,wed,fri,1180,470,150,8.33,3,2,5,0,0,bearish,2390,>=2200,normal,0,0,0,,,estimated_rule,2002-12,bearish,5490,>=4800
2002-W51,2002-12-16,2002-12-20,2002,51,103.88,104.28,103.1,103.46,1180,1100-1349,bearish,mon,tue,420,400,360,30.51,2,3,5,0,0,bearish,1800,1700-2199,cpi,1,1,0,2002-12-18,,estimated_rule,2002-12,bearish,5490,>=4800
2002-W52,2002-12-23,2002-12-27,2002,52,103.2,103.98,102.39,102.41,1590,1350-1699,bearish,mon,fri,790,780,20,1.26,1,3,4,0,0,bearish,1180,1100-1349,normal,0,0,0,,,estimated_rule,2002-12,bearish,5490,>=4800
2003-W01,2002-12-30,2003-01-03,2003,1,102.42,103.2,101.82,102.47,1380,1350-1699,bullish,thu,tue,50,730,600,47.1,1,3,4,0,0,bearish,1590,1350-1699,nfp,1,0,1,,2003-01-03,estimated_rule,2003-01,bearish,4440,3600-4799
2003-W02,2003-01-06,2003-01-10,2003,2,102.28,102.97,101.22,101.23,1750,1700-2199,bearish,wed,fri,1050,690,10,0.57,2,3,5,0,0,bullish,1380,1350-1699,normal,0,0,0,,,estimated_rule,2003-01,bearish,4440,3600-4799
2003-W03,2003-01-13,2003-01-17,2003,3,101.42,101.7,100.31,100.55,1390,1350-1699,bearish,wed,fri,870,280,240,17.27,1,4,5,0,0,bearish,1750,1700-2199,cpi,1,1,0,2003-01-13,,estimated_rule,2003-01,bearish,4440,3600-4799
2003-W04,2003-01-21,2003-01-24,2003,4,100.88,100.96,99.13,99.22,1830,1700-2199,bearish,tue,fri,1660,80,90,4.92,1,3,4,0,0,bearish,1390,1350-1699,normal,0,0,0,,,estimated_rule,2003-01,bearish,4440,3600-4799
2003-W05,2003-01-27,2003-01-31,2003,5,99.23,100.19,98.76,99.91,1430,1350-1699,bullish,fri,mon,680,280,470,80.42,3,2,5,0,0,bearish,1830,1700-2199,normal,0,0,0,,,estimated_rule,2003-01,bearish,4440,3600-4799
2003-W06,2003-02-03,2003-02-07,2003,6,100.26,100.44,98.65,99.57,1790,1700-2199,bearish,mon,wed,690,180,920,51.4,1,4,5,0,0,bullish,1430,1350-1699,nfp,1,0,1,,2003-02-07,estimated_rule,2003-02,bearish,2240,2200-2799
2003-W07,2003-02-10,2003-02-14,2003,7,99.64,100.89,99.41,100.04,1480,1350-1699,bullish,tue,thu,400,850,230,42.57,3,2,5,0,0,bearish,1790,1700-2199,cpi,1,1,0,2003-02-11,,estimated_rule,2003-02,bearish,2240,2200-2799
2003-W08,2003-02-18,2003-02-21,2003,8,100.25,100.69,99.38,100.09,1310,1100-1349,bearish,wed,fri,160,440,710,54.2,2,2,4,0,0,bullish,1480,1350-1699,normal,0,0,0,,,estimated_rule,2003-02,bearish,2240,2200-2799
2003-W09,2003-02-24,2003-02-28,2003,9,100.13,100.45,99.24,99.71,1210,1100-1349,bearish,mon,thu,420,320,470,38.84,2,3,5,0,0,bearish,1310,1100-1349,normal,0,0,0,,,estimated_rule,2003-02,bearish,2240,2200-2799
2003-W10,2003-03-03,2003-03-07,2003,10,99.74,99.92,97.57,98.04,2350,>=2200,bearish,mon,fri,1700,180,470,20.0,2,3,5,0,0,bearish,1210,1100-1349,nfp,1,0,1,,2003-03-07,estimated_rule,2003-03,bearish,4580,3600-4799
2003-W11,2003-03-10,2003-03-14,2003,11,97.91,100.41,97.57,99.99,2840,>=2200,bullish,fri,tue,2080,420,340,85.21,4,1,5,0,0,bearish,2350,>=2200,cpi,1,1,0,2003-03-11,,estimated_rule,2003-03,bearish,4580,3600-4799
2003-W12,2003-03-17,2003-03-21,2003,12,99.26,102.15,99.23,101.92,2920,>=2200,bullish,fri,mon,2660,230,30,92.12,5,0,5,0,0,bullish,2840,>=2200,normal,0,0,0,,,estimated_rule,2003-03,bearish,4580,3600-4799
2003-W13,2003-03-24,2003-03-28,2003,13,101.37,101.64,99.79,99.96,1850,1700-2199,bearish,mon,fri,1410,270,170,9.19,1,4,5,0,0,bullish,2920,>=2200,normal,0,0,0,,,estimated_rule,2003-03,bearish,4580,3600-4799
2003-W14,2003-03-31,2003-04-04,2003,14,99.95,100.75,98.7,100.45,2050,1700-2199,bullish,fri,wed,500,300,1250,85.37,4,1,5,0,0,bearish,1850,1700-2199,nfp,1,0,1,,2003-04-04,estimated_rule,2003-04,bearish,4710,3600-4799
2003-W15,2003-04-07,2003-04-11,2003,15,100.86,101.81,99.54,100.18,2270,>=2200,bearish,mon,thu,680,950,640,28.19,2,3,5,0,0,bullish,2050,1700-2199,cpi,1,1,0,2003-04-11,,estimated_rule,2003-04,bearish,4710,3600-4799
2003-W16,2003-04-14,2003-04-17,2003,16,100.28,100.43,98.68,99.3,1750,1700-2199,bearish,mon,thu,980,150,620,35.43,1,3,4,0,0,bearish,2270,>=2200,normal,0,0,0,,,estimated_rule,2003-04,bearish,4710,3600-4799
2003-W17,2003-04-21,2003-04-25,2003,17,99.21,99.86,98.14,98.36,1720,1700-2199,bearish,mon,thu,850,650,220,12.79,3,2,5,0,0,bearish,1750,1700-2199,normal,0,0,0,,,estimated_rule,2003-04,bearish,4710,3600-4799
2003-W18,2003-04-28,2003-05-02,2003,18,98.29,98.98,96.27,96.76,2710,>=2200,bearish,tue,thu,1530,690,490,18.08,2,3,5,0,0,bearish,1720,1700-2199,nfp,1,0,1,,2003-05-02,estimated_rule,2003-05,bearish,5040,>=4800
2003-W19,2003-05-05,2003-05-09,2003,19,96.8,96.84,94.68,94.98,2160,1700-2199,bearish,mon,fri,1820,40,300,13.89,1,4,5,0,0,bearish,2710,>=2200,normal,0,0,0,,,estimated_rule,2003-05,bearish,5040,>=4800
2003-W20,2003-05-12,2003-05-16,2003,20,94.55,95.38,94.06,94.08,1320,1100-1349,bearish,fri,fri,470,830,20,1.52,3,2,5,0,0,bearish,2160,1700-2199,cpi,1,1,0,2003-05-12,,estimated_rule,2003-05,bearish,5040,>=4800
2003-W21,2003-05-19,2003-05-23,2003,21,93.56,94.01,92.89,93.05,1120,1100-1349,bearish,tue,fri,510,450,160,14.29,2,3,5,0,0,bearish,1320,1100-1349,normal,0,0,0,,,estimated_rule,2003-05,bearish,5040,>=4800
2003-W22,2003-05-27,2003-05-30,2003,22,92.65,93.92,92.21,93.27,1710,1700-2199,bullish,thu,tue,620,650,440,61.99,3,1,4,0,0,bearish,1120,1100-1349,normal,0,0,0,,,estimated_rule,2003-05,bearish,5040,>=4800
2003-W23,2003-06-02,2003-06-06,2003,23,93.73,94.05,92.25,93.48,1800,1700-2199,bearish,mon,thu,250,320,1230,68.33,3,2,5,0,0,bullish,1710,1700-2199,nfp,1,0,1,,2003-06-06,estimated_rule,2003-06,bullish,3460,2800-3599
2003-W24,2003-06-09,2003-06-13,2003,24,93.49,93.67,92.2,92.22,1470,1350-1699,bearish,mon,fri,1270,180,20,1.36,1,4,5,0,0,bearish,1800,1700-2199,cpi,1,1,0,2003-06-11,,estimated_rule,2003-06,bullish,3460,2800-3599
2003-W25,2003-06-16,2003-06-20,2003,25,92.18,94.27,91.88,94.04,2390,>=2200,bullish,fri,mon,1860,230,300,90.38,4,1,5,0,0,bearish,1470,1350-1699,normal,0,0,0,,,estimated_rule,2003-06,bullish,3460,2800-3599
2003-W26,2003-06-23,2003-06-27,2003,26,94.06,95.28,93.5,95.15,1780,1700-2199,bullish,fri,wed,1090,130,560,92.7,4,1,5,0,0,bullish,2390,>=2200,normal,0,0,0,,,estimated_rule,2003-06,bullish,3460,2800-3599
2003-W27,2003-06-30,2003-07-04,2003,27,95.08,95.34,93.96,94.55,1380,1350-1699,bearish,mon,tue,530,260,590,42.75,1,4,5,0,0,bullish,1780,1700-2199,nfp,1,0,1,,2003-07-04,estimated_rule,2003-07,bullish,3490,2800-3599
2003-W28,2003-07-07,2003-07-11,2003,28,94.52,96.15,94.49,95.8,1660,1350-1699,bullish,tue,mon,1280,350,30,78.92,3,2,5,0,0,bearish,1380,1350-1699,cpi,1,1,0,2003-07-11,,estimated_rule,2003-07,bullish,3490,2800-3599
2003-W29,2003-07-14,2003-07-18,2003,29,95.99,97.45,95.74,96.86,1710,1700-2199,bullish,wed,tue,870,590,250,65.5,3,2,5,0,0,bullish,1660,1350-1699,normal,0,0,0,,,estimated_rule,2003-07,bullish,3490,2800-3599
2003-W30,2003-07-21,2003-07-25,2003,30,96.71,96.87,94.71,94.96,2160,1700-2199,bearish,mon,fri,1750,160,250,11.57,2,3,5,0,0,bullish,1710,1700-2199,normal,0,0,0,,,estimated_rule,2003-07,bullish,3490,2800-3599
2003-W31,2003-07-28,2003-08-01,2003,31,95.04,97.55,94.79,96.66,2760,>=2200,bullish,fri,tue,1620,890,250,67.75,4,1,5,0,0,bearish,2160,1700-2199,nfp,1,0,1,,2003-08-01,estimated_rule,2003-08,bullish,3930,3600-4799
2003-W32,2003-08-04,2003-08-08,2003,32,96.56,96.65,95.56,96.36,1090,850-1099,bearish,mon,thu,200,90,800,73.39,2,3,5,0,0,bullish,2760,>=2200,normal,0,0,0,,,estimated_rule,2003-08,bullish,3930,3600-4799
2003-W33,2003-08-11,2003-08-15,2003,33,96.33,96.82,95.69,96.65,1130,1100-1349,bullish,wed,mon,320,170,640,84.96,3,2,5,0,0,bearish,1090,850-1099,cpi,1,1,0,2003-08-11,,estimated_rule,2003-08,bullish,3930,3600-4799
2003-W34,2003-08-18,2003-08-22,2003,34,96.56,99.25,96.53,98.83,2720,>=2200,bullish,fri,mon,2270,420,30,84.56,3,2,5,0,0,bullish,1130,1100-1349,normal,0,0,0,,,estimated_rule,2003-08,bullish,3930,3600-4799
2003-W35,2003-08-25,2003-08-29,2003,35,99.01,99.49,97.87,98.1,1620,1350-1699,bearish,tue,fri,910,480,230,14.2,0,5,5,0,0,bullish,2720,>=2200,normal,0,0,0,,,estimated_rule,2003-08,bullish,3930,3600-4799
2003-W36,2003-09-01,2003-09-05,2003,36,97.88,99.37,97.02,97.09,2350,>=2200,bearish,wed,fri,790,1490,70,2.98,2,3,5,0,0,bearish,1620,1350-1699,nfp,1,0,1,,2003-09-05,estimated_rule,2003-09,bearish,7270,>=4800
2003-W37,2003-09-08,2003-09-12,2003,37,97.21,97.51,95.78,96.01,1730,1700-2199,bearish,mon,fri,1200,300,230,13.29,1,4,5,0,0,bearish,2350,>=2200,cpi,1,1,0,2003-09-11,,estimated_rule,2003-09,bearish,7270,>=4800
2003-W38,2003-09-15,2003-09-19,2003,38,96.13,96.9,94.73,94.96,2170,1700-2199,bearish,wed,fri,1170,770,230,10.6,2,3,5,0,0,bearish,1730,1700-2199,normal,0,0,0,,,estimated_rule,2003-09,bearish,7270,>=4800
2003-W39,2003-09-22,2003-09-26,2003,39,93.77,94.39,93.39,93.87,1000,850-1099,bullish,mon,thu,100,520,380,48.0,4,1,5,0,0,bearish,2170,1700-2199,normal,0,0,0,,,estimated_rule,2003-09,bearish,7270,>=4800
2003-W40,2003-09-29,2003-10-03,2003,40,93.85,94.35,92.08,93.23,2270,>=2200,bearish,mon,thu,620,500,1150,50.66,1,4,5,0,0,bullish,1000,850-1099,nfp,1,0,1,,2003-10-03,estimated_rule,2003-10,bullish,2410,2200-2799
2003-W41,2003-10-06,2003-10-10,2003,41,93.14,93.42,91.25,91.52,2170,1700-2199,bearish,mon,fri,1620,280,270,12.44,1,4,5,0,0,bearish,2270,>=2200,normal,0,0,0,,,estimated_rule,2003-10,bullish,2410,2200-2799
2003-W42,2003-10-13,2003-10-17,2003,42,91.93,92.98,91.49,92.29,1490,1350-1699,bullish,fri,mon,360,690,440,53.69,2,3,5,0,0,bearish,2170,1700-2199,cpi,1,1,0,2003-10-13,,estimated_rule,2003-10,bullish,2410,2200-2799
2003-W43,2003-10-20,2003-10-24,2003,43,91.97,92.75,91.01,91.28,1740,1700-2199,bearish,mon,fri,690,780,270,15.52,3,2,5,0,0,bullish,1490,1350-1699,normal,0,0,0,,,estimated_rule,2003-10,bullish,2410,2200-2799
2003-W44,2003-10-27,2003-10-31,2003,44,91.43,92.75,91.34,92.73,1410,1350-1699,bullish,fri,thu,1300,20,90,98.58,4,1,5,0,0,bearish,1740,1700-2199,normal,0,0,0,,,estimated_rule,2003-10,bullish,2410,2200-2799
2003-W45,2003-11-03,2003-11-07,2003,45,92.64,94.13,92.49,93.02,1640,1350-1699,bullish,fri,mon,380,1110,150,32.32,3,2,5,0,0,bullish,1410,1350-1699,nfp,1,0,1,,2003-11-07,estimated_rule,2003-11,bearish,4090,3600-4799
2003-W46,2003-11-10,2003-11-14,2003,46,93.18,93.38,91.2,91.44,2180,1700-2199,bearish,tue,fri,1740,200,240,11.01,0,5,5,0,0,bullish,1640,1350-1699,cpi,1,1,0,2003-11-11,,estimated_rule,2003-11,bearish,4090,3600-4799
2003-W47,2003-11-17,2003-11-21,2003,47,91.07,91.78,90.21,90.6,1570,1350-1699,bearish,mon,wed,470,710,390,24.84,2,3,5,0,0,bearish,2180,1700-2199,normal,0,0,0,,,estimated_rule,2003-11,bearish,4090,3600-4799
2003-W48,2003-11-24,2003-11-28,2003,48,90.62,91.72,90.04,90.21,1680,1350-1699,bearish,tue,fri,410,1100,170,10.12,1,3,4,0,0,bearish,1570,1350-1699,normal,0,0,0,,,estimated_rule,2003-11,bearish,4090,3600-4799
2003-W49,2003-12-01,2003-12-05,2003,49,90.16,90.54,89.06,89.14,1480,1350-1699,bearish,mon,fri,1020,380,80,5.41,2,3,5,0,0,bearish,1680,1350-1699,nfp,1,0,1,,2003-12-05,estimated_rule,2003-12,bearish,4180,3600-4799
2003-W50,2003-12-08,2003-12-12,2003,50,89.09,89.56,88.37,88.49,1190,1100-1349,bearish,thu,tue,600,470,120,10.08,1,4,5,0,0,bearish,1480,1350-1699,cpi,1,1,0,2003-12-11,,estimated_rule,2003-12,bearish,4180,3600-4799
2003-W51,2003-12-15,2003-12-19,2003,51,89.2,89.45,87.77,88.11,1680,1350-1699,bearish,mon,thu,1090,250,340,20.24,1,4,5,0,0,bearish,1190,1100-1349,normal,0,0,0,,,estimated_rule,2003-12,bearish,4180,3600-4799
2003-W52,2003-12-22,2003-12-26,2003,52,88.28,88.3,87.43,87.63,870,850-1099,bearish,mon,fri,650,20,200,22.99,1,3,4,0,0,bearish,1680,1350-1699,normal,0,0,0,,,estimated_rule,2003-12,bearish,4180,3600-4799
2004-W01,2003-12-29,2004-01-02,2004,1,87.68,87.72,86.36,86.92,1360,1350-1699,bearish,mon,wed,760,40,560,41.18,1,3,4,0,0,bearish,870,850-1099,nfp,1,0,1,,2004-01-02,estimated_rule,2004-01,bullish,3270,2800-3599
2004-W02,2004-01-05,2004-01-09,2004,2,86.43,86.69,84.97,85.11,1720,1700-2199,bearish,mon,fri,1320,260,140,8.14,1,4,5,0,0,bearish,1360,1350-1699,normal,0,0,0,,,estimated_rule,2004-01,bullish,3270,2800-3599
2004-W03,2004-01-12,2004-01-16,2004,3,85.12,87.87,84.8,87.73,3070,>=2200,bullish,fri,mon,2610,140,320,95.44,4,1,5,0,0,bearish,1720,1700-2199,cpi,1,1,0,2004-01-12,,estimated_rule,2004-01,bullish,3270,2800-3599
2004-W04,2004-01-19,2004-01-23,2004,4,87.65,88.07,85.48,86.56,2590,>=2200,bearish,mon,fri,1090,420,1080,41.7,2,3,5,0,0,bullish,3070,>=2200,normal,0,0,0,,,estimated_rule,2004-01,bullish,3270,2800-3599
2004-W05,2004-01-26,2004-01-30,2004,5,86.73,87.86,86.16,87.2,1700,1700-2199,bullish,fri,tue,470,660,570,61.18,3,2,5,0,0,bearish,2590,>=2200,normal,0,0,0,,,estimated_rule,2004-01,bullish,3270,2800-3599
2004-W06,2004-02-02,2004-02-06,2004,6,87.14,87.67,85.84,86.02,1830,1700-2199,bearish,mon,fri,1120,530,180,9.84,3,2,5,0,0,bullish,1700,1700-2199,nfp,1,0,1,,2004-02-06,estimated_rule,2004-02,bullish,3460,2800-3599
2004-W07,2004-02-09,2004-02-13,2004,7,86.26,86.37,84.74,85.56,1630,1350-1699,bearish,mon,fri,700,110,820,50.31,2,3,5,0,0,bearish,1830,1700-2199,cpi,1,1,0,2004-02-11,,estimated_rule,2004-02,bullish,3460,2800-3599
2004-W08,2004-02-16,2004-02-20,2004,8,85.53,87.41,84.56,87.24,2850,>=2200,bullish,fri,wed,1710,170,970,94.03,3,2,5,0,0,bearish,1630,1350-1699,normal,0,0,0,,,estimated_rule,2004-02,bullish,3460,2800-3599
2004-W09,2004-02-23,2004-02-27,2004,9,87.2,88.02,85.99,87.31,2030,1700-2199,bullish,fri,tue,110,710,1210,65.02,2,3,5,0,0,bullish,2850,>=2200,normal,0,0,0,,,estimated_rule,2004-02,bullish,3460,2800-3599
2004-W10,2004-03-01,2004-03-05,2004,10,87.1,89.84,87.03,88.18,2810,>=2200,bullish,wed,mon,1080,1660,70,40.93,4,1,5,0,0,bullish,2030,1700-2199,nfp,1,0,1,,2004-03-05,estimated_rule,2004-03,bullish,2810,2800-3599
2004-W11,2004-03-08,2004-03-12,2004,11,88.21,89.42,87.6,89.12,1820,1700-2199,bullish,fri,tue,910,300,610,83.52,3,2,5,0,0,bullish,2810,>=2200,cpi,1,1,0,2004-03-11,,estimated_rule,2004-03,bullish,2810,2800-3599
2004-W12,2004-03-15,2004-03-19,2004,12,89.17,89.29,87.36,88.16,1930,1700-2199,bearish,mon,thu,1010,120,800,41.45,2,3,5,0,0,bullish,1820,1700-2199,normal,0,0,0,,,estimated_rule,2004-03,bullish,2810,2800-3599
2004-W13,2004-03-22,2004-03-26,2004,13,88.2,89.22,87.45,88.89,1770,1700-2199,bullish,thu,mon,690,330,750,81.36,3,2,5,0,0,bearish,1930,1700-2199,normal,0,0,0,,,estimated_rule,2004-03,bullish,2810,2800-3599
2004-W14,2004-03-29,2004-04-02,2004,14,88.85,89.2,87.02,88.51,2180,1700-2199,bearish,mon,thu,340,350,1490,68.35,1,4,5,0,0,bullish,1770,1700-2199,nfp,1,0,1,,2004-04-02,estimated_rule,2004-04,bullish,4540,3600-4799
2004-W15,2004-04-05,2004-04-08,2004,15,88.59,89.58,88.08,89.02,1500,1350-1699,bullish,tue,thu,430,560,510,62.67,2,2,4,0,0,bearish,2180,1700-2199,normal,0,0,0,,,estimated_rule,2004-04,bullish,4540,3600-4799
2004-W16,2004-04-12,2004-04-16,2004,16,88.93,90.66,88.83,89.94,1830,1700-2199,bullish,wed,mon,1010,720,100,60.66,3,2,5,0,0,bullish,1500,1350-1699,cpi,1,1,0,2004-04-12,,estimated_rule,2004-04,bullish,4540,3600-4799
2004-W17,2004-04-19,2004-04-23,2004,17,89.75,91.37,89.39,91.08,1980,1700-2199,bullish,thu,mon,1330,290,360,85.35,4,1,5,0,0,bullish,1830,1700-2199,normal,0,0,0,,,estimated_rule,2004-04,bullish,4540,3600-4799
2004-W18,2004-04-26,2004-04-30,2004,18,91.26,91.56,90.23,90.48,1330,1100-1349,bearish,thu,wed,780,300,250,18.8,1,4,5,0,0,bullish,1980,1700-2199,normal,0,0,0,,,estimated_rule,2004-04,bullish,4540,3600-4799
2004-W19,2004-05-03,2004-05-07,2004,19,90.63,91.27,89.22,91.13,2050,1700-2199,bullish,fri,wed,500,140,1410,93.17,3,2,5,0,0,bearish,1330,1100-1349,nfp,1,0,1,,2004-05-07,estimated_rule,2004-05,bearish,3820,3600-4799
2004-W20,2004-05-10,2004-05-14,2004,20,91.16,92.29,91.05,91.66,1240,1100-1349,bullish,fri,wed,500,630,110,49.19,2,3,5,0,0,bullish,2050,1700-2199,cpi,1,1,0,2004-05-11,,estimated_rule,2004-05,bearish,3820,3600-4799
2004-W21,2004-05-17,2004-05-21,2004,21,91.61,91.73,90.07,90.49,1660,1350-1699,bearish,mon,fri,1120,120,420,25.3,2,3,5,0,0,bullish,1240,1100-1349,normal,0,0,0,,,estimated_rule,2004-05,bearish,3820,3600-4799
2004-W22,2004-05-24,2004-05-28,2004,22,90.52,90.95,88.47,88.95,2480,>=2200,bearish,mon,fri,1570,430,480,19.35,1,4,5,0,0,bearish,1660,1350-1699,normal,0,0,0,,,estimated_rule,2004-05,bearish,3820,3600-4799
2004-W23,2004-06-01,2004-06-04,2004,23,88.64,89.47,88.38,88.54,1090,850-1099,bearish,fri,wed,100,830,160,14.68,3,1,4,0,0,bearish,2480,>=2200,nfp,1,0,1,,2004-06-04,estimated_rule,2004-06,bullish,2380,2200-2799
2004-W24,2004-06-07,2004-06-11,2004,24,88.41,90.19,88.04,90.01,2150,1700-2199,bullish,fri,tue,1600,180,370,91.63,3,2,5,0,0,bearish,1090,850-1099,cpi,1,1,0,2004-06-11,,estimated_rule,2004-06,bullish,2380,2200-2799
2004-W25,2004-06-14,2004-06-18,2004,25,90.21,90.42,89.04,89.08,1380,1350-1699,bearish,mon,fri,1130,210,40,2.9,1,4,5,0,0,bullish,2150,1700-2199,normal,0,0,0,,,estimated_rule,2004-06,bullish,2380,2200-2799
2004-W26,2004-06-21,2004-06-25,2004,26,89.07,89.65,88.62,88.88,1030,850-1099,bearish,thu,thu,190,580,260,25.24,4,1,5,0,0,bearish,1380,1350-1699,normal,0,0,0,,,estimated_rule,2004-06,bullish,2380,2200-2799
2004-W27,2004-06-28,2004-07-02,2004,27,88.99,89.58,87.94,87.97,1640,1350-1699,bearish,wed,fri,1020,590,30,1.83,1,4,5,0,0,bearish,1030,850-1099,nfp,1,0,1,,2004-07-02,estimated_rule,2004-07,bullish,3290,2800-3599
2004-W28,2004-07-05,2004-07-09,2004,28,88.03,88.36,87.28,87.42,1080,850-1099,bearish,tue,fri,610,330,140,12.96,1,4,5,0,0,bearish,1640,1350-1699,normal,0,0,0,,,estimated_rule,2004-07,bullish,3290,2800-3599
2004-W29,2004-07-12,2004-07-16,2004,29,87.27,88.1,87.09,87.14,1010,850-1099,bearish,tue,fri,130,830,50,4.95,3,2,5,0,0,bearish,1080,850-1099,cpi,1,1,0,2004-07-12,,estimated_rule,2004-07,bullish,3290,2800-3599
2004-W30,2004-07-19,2004-07-23,2004,30,87.1,89.32,87.0,89.26,2320,>=2200,bullish,fri,mon,2160,60,100,97.41,5,0,5,0,0,bearish,1010,850-1099,normal,0,0,0,,,estimated_rule,2004-07,bullish,3290,2800-3599
2004-W31,2004-07-26,2004-07-30,2004,31,89.22,90.29,88.76,89.96,1530,1350-1699,bullish,thu,tue,740,330,460,78.43,4,1,5,0,0,bullish,2320,>=2200,normal,0,0,0,,,estimated_rule,2004-07,bullish,3290,2800-3599
2004-W32,2004-08-02,2004-08-06,2004,32,89.71,90.19,88.26,88.36,1930,1700-2199,bearish,wed,fri,1350,480,100,5.18,3,2,5,0,0,bullish,1530,1350-1699,nfp,1,0,1,,2004-08-06,estimated_rule,2004-08,bearish,2530,2200-2799
2004-W33,2004-08-09,2004-08-13,2004,33,88.36,89.29,87.88,87.9,1410,1350-1699,bearish,fri,fri,460,930,20,1.42,3,2,5,0,0,bearish,1930,1700-2199,cpi,1,1,0,2004-08-11,,estimated_rule,2004-08,bearish,2530,2200-2799
2004-W34,2004-08-16,2004-08-20,2004,34,87.87,88.33,87.66,88.12,670,<850,bullish,wed,fri,250,210,210,68.66,4,1,5,0,0,bearish,1410,1350-1699,normal,0,0,0,,,estimated_rule,2004-08,bearish,2530,2200-2799
2004-W35,2004-08-23,2004-08-27,2004,35,88.15,89.83,88.04,89.77,1790,1700-2199,bullish,fri,mon,1620,60,110,96.65,3,2,5,0,0,bullish,670,<850,normal,0,0,0,,,estimated_rule,2004-08,bearish,2530,2200-2799
2004-W36,2004-08-30,2004-09-03,2004,36,89.8,90.07,88.7,89.63,1370,1350-1699,bearish,mon,wed,170,270,930,67.88,2,3,5,0,0,bullish,1790,1700-2199,nfp,1,0,1,,2004-09-03,estimated_rule,2004-09,bearish,2400,2200-2799
2004-W37,2004-09-06,2004-09-10,2004,37,89.6,89.73,88.11,88.39,1620,1350-1699,bearish,wed,fri,1210,130,280,17.28,1,4,5,0,0,bearish,1370,1350-1699,normal,0,0,0,,,estimated_rule,2004-09,bearish,2400,2200-2799
2004-W38,2004-09-13,2004-09-17,2004,38,88.29,89.31,88.23,88.91,1080,850-1099,bullish,wed,tue,620,400,60,62.96,3,2,5,0,0,bearish,1620,1350-1699,cpi,1,1,0,2004-09-13,,estimated_rule,2004-09,bearish,2400,2200-2799
2004-W39,2004-09-20,2004-09-24,2004,39,88.97,89.28,87.86,88.4,1420,1350-1699,bearish,mon,fri,570,310,540,38.03,2,3,5,0,0,bullish,1080,850-1099,normal,0,0,0,,,estimated_rule,2004-09,bearish,2400,2200-2799
2004-W40,2004-09-27,2004-10-01,2004,40,88.28,88.53,87.35,87.63,1180,1100-1349,bearish,mon,thu,650,250,280,23.73,2,3,5,0,0,bearish,1420,1350-1699,nfp,1,0,1,,2004-10-01,estimated_rule,2004-10,bearish,3910,3600-4799
2004-W41,2004-10-04,2004-10-08,2004,41,87.72,88.64,87.35,87.45,1290,1100-1349,bearish,wed,fri,270,920,100,7.75,2,3,5,0,0,bearish,1180,1100-1349,normal,0,0,0,,,estimated_rule,2004-10,bearish,3910,3600-4799
2004-W42,2004-10-11,2004-10-15,2004,42,87.45,88.57,86.91,87.09,1660,1350-1699,bearish,wed,fri,360,1120,180,10.84,2,3,5,0,0,bearish,1290,1100-1349,cpi,1,1,0,2004-10-11,,estimated_rule,2004-10,bearish,3910,3600-4799
2004-W43,2004-10-18,2004-10-22,2004,43,87.09,87.34,85.82,85.87,1520,1350-1699,bearish,tue,fri,1220,250,50,3.29,0,5,5,0,0,bearish,1660,1350-1699,normal,0,0,0,,,estimated_rule,2004-10,bearish,3910,3600-4799
2004-W44,2004-10-25,2004-10-29,2004,44,85.47,85.89,84.73,84.91,1160,1100-1349,bearish,thu,tue,560,420,180,15.52,2,3,5,0,0,bearish,1520,1350-1699,normal,0,0,0,,,estimated_rule,2004-10,bearish,3910,3600-4799
2004-W45,2004-11-01,2004-11-05,2004,45,84.7,85.66,83.97,84.01,1690,1350-1699,bearish,wed,fri,690,960,40,2.37,2,3,5,0,0,bearish,1160,1100-1349,nfp,1,0,1,,2004-11-05,estimated_rule,2004-11,bearish,4130,3600-4799
2004-W46,2004-11-08,2004-11-12,2004,46,83.88,84.67,83.65,83.69,1020,850-1099,bearish,wed,fri,190,790,40,3.92,3,2,5,0,0,bearish,1690,1350-1699,cpi,1,1,0,2004-11-11,,estimated_rule,2004-11,bearish,4130,3600-4799
2004-W47,2004-11-15,2004-11-19,2004,47,83.69,84.1,83.01,83.31,1090,850-1099,bearish,mon,fri,380,410,300,27.52,2,3,5,0,0,bearish,1020,850-1099,normal,0,0,0,,,estimated_rule,2004-11,bearish,4130,3600-4799
2004-W48,2004-11-22,2004-11-26,2004,48,83.27,83.54,81.53,81.78,2010,1700-2199,bearish,tue,fri,1490,270,250,12.44,1,4,5,0,0,bearish,1090,850-1099,normal,0,0,0,,,estimated_rule,2004-11,bearish,4130,3600-4799
2004-W49,2004-11-29,2004-12-03,2004,49,81.93,82.22,80.94,80.98,1280,1100-1349,bearish,tue,fri,950,290,40,3.13,2,3,5,0,0,bearish,2010,1700-2199,nfp,1,0,1,,2004-12-03,estimated_rule,2004-12,bearish,2790,2200-2799
2004-W50,2004-12-06,2004-12-10,2004,50,80.96,83.18,80.91,82.55,2270,>=2200,bullish,fri,mon,1590,630,50,72.25,4,1,5,0,0,bearish,1280,1100-1349,normal,0,0,0,,,estimated_rule,2004-12,bearish,2790,2200-2799
2004-W51,2004-12-13,2004-12-17,2004,51,82.67,82.74,81.38,82.16,1360,1350-1699,bearish,mon,thu,510,70,780,57.35,2,3,5,0,0,bullish,2270,>=2200,cpi,1,1,0,2004-12-13,,estimated_rule,2004-12,bearish,2790,2200-2799
2004-W52,2004-12-20,2004-12-24,2004,52,82.04,82.13,81.14,81.22,990,850-1099,bearish,mon,fri,820,90,80,8.08,2,3,5,0,0,bearish,1360,1350-1699,normal,0,0,0,,,estimated_rule,2004-12,bearish,2790,2200-2799
2004-W53,2004-12-27,2004-12-31,2004,53,81.28,81.37,80.39,80.85,980,850-1099,bearish,mon,fri,430,90,460,46.94,3,2,5,0,0,bearish,990,850-1099,normal,0,0,0,,,estimated_rule,2004-12,bearish,2790,2200-2799
2005-W01,2005-01-03,2005-01-07,2005,1,81.05,83.79,80.77,83.61,3020,>=2200,bullish,fri,mon,2560,180,280,94.04,5,0,5,0,0,bearish,980,850-1099,nfp,1,0,1,,2005-01-07,estimated_rule,2005-01,bullish,3310,2800-3599
2005-W02,2005-01-10,2005-01-14,2005,2,83.49,83.61,82.0,83.06,1610,1350-1699,bearish,mon,wed,430,120,1060,65.84,2,3,5,0,0,bullish,3020,>=2200,cpi,1,1,0,2005-01-11,,estimated_rule,2005-01,bullish,3310,2800-3599
2005-W03,2005-01-17,2005-01-21,2005,3,82.93,84.0,82.83,83.26,1170,1100-1349,bullish,fri,mon,330,740,100,36.75,3,2,5,0,0,bearish,1610,1350-1699,normal,0,0,0,,,estimated_rule,2005-01,bullish,3310,2800-3599
2005-W04,2005-01-24,2005-01-28,2005,4,83.15,84.08,83.01,83.48,1070,850-1099,bullish,tue,mon,330,600,140,43.93,4,1,5,0,0,bullish,1170,1100-1349,normal,0,0,0,,,estimated_rule,2005-01,bullish,3310,2800-3599
2005-W05,2005-01-31,2005-02-04,2005,5,83.6,84.43,83.24,84.39,1190,1100-1349,bullish,fri,wed,790,40,360,96.64,4,1,5,0,0,bullish,1070,850-1099,nfp,1,0,1,,2005-02-04,estimated_rule,2005-02,bearish,3140,2800-3599
2005-W06,2005-02-07,2005-02-11,2005,6,84.53,85.44,84.36,84.57,1080,850-1099,bullish,thu,thu,40,870,170,19.44,1,4,5,0,0,bullish,1190,1100-1349,cpi,1,1,0,2005-02-11,,estimated_rule,2005-02,bearish,3140,2800-3599
2005-W07,2005-02-14,2005-02-18,2005,7,84.46,84.53,83.36,83.49,1170,1100-1349,bearish,mon,thu,970,70,130,11.11,2,3,5,0,0,bullish,1080,850-1099,normal,0,0,0,,,estimated_rule,2005-02,bearish,3140,2800-3599
2005-W08,2005-02-21,2005-02-25,2005,8,83.54,83.7,82.4,82.66,1300,1100-1349,bearish,mon,tue,880,160,260,20.0,2,3,5,0,0,bearish,1170,1100-1349,normal,0,0,0,,,estimated_rule,2005-02,bearish,3140,2800-3599
2005-W09,2005-02-28,2005-03-04,2005,9,82.57,83.41,82.3,82.54,1110,1100-1349,bearish,fri,mon,30,840,240,21.62,3,2,5,0,0,bearish,1300,1100-1349,nfp,1,0,1,,2005-03-04,estimated_rule,2005-03,bullish,3460,2800-3599
2005-W10,2005-03-07,2005-03-11,2005,10,82.54,82.94,81.28,81.42,1660,1350-1699,bearish,mon,fri,1120,400,140,8.43,1,4,5,0,0,bearish,1110,1100-1349,cpi,1,1,0,2005-03-11,,estimated_rule,2005-03,bullish,3460,2800-3599
2005-W11,2005-03-14,2005-03-18,2005,11,81.32,82.4,81.31,82.13,1090,850-1099,bullish,fri,mon,810,270,10,75.23,4,1,5,0,0,bearish,1660,1350-1699,normal,0,0,0,,,estimated_rule,2005-03,bullish,3460,2800-3599
2005-W12,2005-03-21,2005-03-24,2005,12,82.11,84.16,82.06,84.13,2100,1700-2199,bullish,thu,mon,2020,30,50,98.57,4,0,4,0,0,bullish,1090,850-1099,normal,0,0,0,,,estimated_rule,2005-03,bullish,3460,2800-3599
2005-W13,2005-03-28,2005-04-01,2005,13,84.3,84.74,83.56,84.43,1180,1100-1349,bullish,mon,fri,130,310,740,73.73,3,2,5,0,0,bullish,2100,1700-2199,nfp,1,0,1,,2005-04-01,estimated_rule,2005-04,bullish,1960,1600-2199
2005-W14,2005-04-04,2005-04-08,2005,14,84.5,85.12,84.32,84.47,800,<850,bearish,tue,thu,30,620,150,18.75,2,3,5,0,0,bullish,1180,1100-1349,normal,0,0,0,,,estimated_rule,2005-04,bullish,1960,1600-2199
2005-W15,2005-04-11,2005-04-15,2005,15,84.49,85.32,83.95,84.56,1370,1350-1699,bullish,thu,tue,70,760,540,44.53,2,3,5,0,0,bearish,800,<850,cpi,1,1,0,2005-04-11,,estimated_rule,2005-04,bullish,1960,1600-2199
2005-W16,2005-04-18,2005-04-22,2005,16,84.5,84.73,83.36,83.5,1370,1350-1699,bearish,mon,fri,1000,230,140,10.22,1,4,5,0,0,bullish,1370,1350-1699,normal,0,0,0,,,estimated_rule,2005-04,bullish,1960,1600-2199
2005-W17,2005-04-25,2005-04-29,2005,17,83.51,84.48,83.37,84.43,1110,1100-1349,bullish,fri,mon,920,50,140,95.5,5,0,5,0,0,bearish,1370,1350-1699,normal,0,0,0,,,estimated_rule,2005-04,bullish,1960,1600-2199
2005-W18,2005-05-02,2005-05-06,2005,18,84.46,84.69,83.75,84.61,940,850-1099,bullish,tue,thu,150,80,710,91.49,2,3,5,0,0,bullish,1110,1100-1349,nfp,1,0,1,,2005-05-06,estimated_rule,2005-05,bullish,4050,3600-4799
2005-W19,2005-05-09,2005-05-13,2005,19,84.66,86.13,84.22,86.1,1910,1700-2199,bullish,fri,wed,1440,30,440,98.43,3,2,5,0,0,bullish,940,850-1099,cpi,1,1,0,2005-05-11,,estimated_rule,2005-05,bullish,4050,3600-4799
2005-W20,2005-05-16,2005-05-20,2005,20,86.22,86.74,85.77,86.63,970,850-1099,bullish,fri,wed,410,110,450,88.66,3,2,5,0,0,bullish,1910,1700-2199,normal,0,0,0,,,estimated_rule,2005-05,bullish,4050,3600-4799
2005-W21,2005-05-23,2005-05-27,2005,21,86.65,86.93,86.1,86.42,830,<850,bearish,thu,tue,230,280,320,38.55,1,4,5,0,0,bullish,970,850-1099,normal,0,0,0,,,estimated_rule,2005-05,bullish,4050,3600-4799
2005-W22,2005-05-31,2005-06-03,2005,22,86.9,88.35,86.86,88.04,1490,1350-1699,bullish,thu,tue,1140,310,40,79.19,3,1,4,0,0,bearish,830,<850,nfp,1,0,1,,2005-06-03,estimated_rule,2005-06,bullish,2330,2200-2799
2005-W23,2005-06-06,2005-06-10,2005,23,88.0,88.75,87.15,88.69,1600,1350-1699,bullish,fri,wed,690,60,850,96.25,3,2,5,0,0,bullish,1490,1350-1699,normal,0,0,0,,,estimated_rule,2005-06,bullish,2330,2200-2799
2005-W24,2005-06-13,2005-06-17,2005,24,88.72,89.36,87.68,87.73,1680,1350-1699,bearish,wed,fri,990,640,50,2.98,3,2,5,0,0,bullish,1600,1350-1699,cpi,1,1,0,2005-06-13,,estimated_rule,2005-06,bullish,2330,2200-2799
2005-W25,2005-06-20,2005-06-24,2005,25,88.17,89.35,87.92,88.78,1430,1350-1699,bullish,fri,mon,610,570,250,60.14,3,2,5,0,0,bearish,1680,1350-1699,normal,0,0,0,,,estimated_rule,2005-06,bullish,2330,2200-2799
2005-W26,2005-06-27,2005-07-01,2005,26,88.72,90.23,88.32,90.13,1910,1700-2199,bullish,fri,mon,1410,100,400,94.76,4,1,5,0,0,bullish,1430,1350-1699,nfp,1,0,1,,2005-07-01,estimated_rule,2005-07,bullish,2490,2200-2799
2005-W27,2005-07-04,2005-07-08,2005,27,90.28,90.77,89.76,90.25,1010,850-1099,bearish,fri,thu,30,490,490,48.51,2,3,5,0,0,bullish,1910,1700-2199,normal,0,0,0,,,estimated_rule,2005-07,bullish,2490,2200-2799
2005-W28,2005-07-11,2005-07-15,2005,28,90.18,90.24,88.28,89.72,1960,1700-2199,bearish,mon,tue,460,60,1440,73.47,3,2,5,0,0,bearish,1010,850-1099,cpi,1,1,0,2005-07-11,,estimated_rule,2005-07,bullish,2490,2200-2799
2005-W29,2005-07-18,2005-07-22,2005,29,89.78,90.36,88.44,89.64,1920,1700-2199,bearish,tue,thu,140,580,1200,62.5,2,3,5,0,0,bearish,1960,1700-2199,normal,0,0,0,,,estimated_rule,2005-07,bullish,2490,2200-2799
2005-W30,2005-07-25,2005-07-29,2005,30,89.75,90.45,89.15,89.35,1300,1100-1349,bearish,wed,fri,400,700,200,15.38,1,4,5,0,0,bearish,1920,1700-2199,normal,0,0,0,,,estimated_rule,2005-07,bullish,2490,2200-2799
2005-W31,2005-08-01,2005-08-05,2005,31,89.41,89.44,87.61,88.06,1830,1700-2199,bearish,mon,thu,1350,30,450,24.59,1,4,5,0,0,bearish,1300,1100-1349,nfp,1,0,1,,2005-08-05,estimated_rule,2005-08,bearish,2680,2200-2799
2005-W32,2005-08-08,2005-08-12,2005,32,88.18,88.29,86.76,86.98,1530,1350-1699,bearish,mon,fri,1200,110,220,14.38,1,4,5,0,0,bearish,1830,1700-2199,cpi,1,1,0,2005-08-11,,estimated_rule,2005-08,bearish,2680,2200-2799
2005-W33,2005-08-15,2005-08-19,2005,33,86.89,88.9,86.83,88.58,2070,1700-2199,bullish,fri,mon,1690,320,60,84.54,5,0,5,0,0,bearish,1530,1350-1699,normal,0,0,0,,,estimated_rule,2005-08,bearish,2680,2200-2799
2005-W34,2005-08-22,2005-08-26,2005,34,88.59,88.66,87.43,87.86,1230,1100-1349,bearish,mon,fri,730,70,430,34.96,1,4,5,0,0,bullish,2070,1700-2199,normal,0,0,0,,,estimated_rule,2005-08,bearish,2680,2200-2799
2005-W35,2005-08-29,2005-09-02,2005,35,87.74,88.68,86.02,86.3,2660,>=2200,bearish,tue,fri,1440,940,280,10.53,2,3,5,0,0,bearish,1230,1100-1349,nfp,1,0,1,,2005-09-02,estimated_rule,2005-09,bullish,3800,3600-4799
2005-W36,2005-09-06,2005-09-09,2005,36,86.64,87.2,86.24,86.89,960,850-1099,bullish,fri,tue,250,310,400,67.71,2,2,4,0,0,bearish,2660,>=2200,normal,0,0,0,,,estimated_rule,2005-09,bullish,3800,3600-4799
2005-W37,2005-09-12,2005-09-16,2005,37,86.84,88.3,86.75,88.05,1550,1350-1699,bullish,fri,mon,1210,250,90,83.87,4,1,5,0,0,bullish,960,850-1099,cpi,1,1,0,2005-09-12,,estimated_rule,2005-09,bullish,3800,3600-4799
2005-W38,2005-09-19,2005-09-23,2005,38,88.52,89.21,87.75,89.21,1460,1350-1699,bullish,fri,thu,690,0,770,100.0,3,2,5,0,0,bullish,1550,1350-1699,normal,0,0,0,,,estimated_rule,2005-09,bullish,3800,3600-4799
2005-W39,2005-09-26,2005-09-30,2005,39,89.38,89.82,89.03,89.52,790,<850,bullish,tue,fri,140,300,350,62.02,2,3,5,0,0,bullish,1460,1350-1699,normal,0,0,0,,,estimated_rule,2005-09,bullish,3800,3600-4799
2005-W40,2005-10-03,2005-10-07,2005,40,89.51,90.24,88.53,89.17,1710,1700-2199,bearish,tue,thu,340,730,640,37.43,2,3,5,0,0,bullish,790,<850,nfp,1,0,1,,2005-10-07,estimated_rule,2005-10,bullish,2210,2200-2799
2005-W41,2005-10-10,2005-10-14,2005,41,89.05,90.43,88.93,89.35,1500,1350-1699,bullish,thu,mon,300,1080,120,28.0,3,2,5,0,0,bearish,1710,1700-2199,cpi,1,1,0,2005-10-11,,estimated_rule,2005-10,bullish,2210,2200-2799
2005-W42,2005-10-17,2005-10-21,2005,42,89.52,90.74,89.16,90.31,1580,1350-1699,bullish,wed,mon,790,430,360,72.78,3,2,5,0,0,bullish,1500,1350-1699,normal,0,0,0,,,estimated_rule,2005-10,bullish,2210,2200-2799
2005-W43,2005-10-24,2005-10-28,2005,43,90.32,90.43,88.82,89.59,1610,1350-1699,bearish,mon,thu,730,110,770,47.83,2,3,5,0,0,bullish,1580,1350-1699,normal,0,0,0,,,estimated_rule,2005-10,bullish,2210,2200-2799
2005-W44,2005-10-31,2005-11-04,2005,44,89.61,91.37,89.4,91.26,1970,1700-2199,bullish,fri,mon,1650,110,210,94.42,3,2,5,0,0,bearish,1610,1350-1699,nfp,1,0,1,,2005-11-04,estimated_rule,2005-11,bullish,3010,2800-3599
2005-W45,2005-11-07,2005-11-11,2005,45,91.39,92.13,91.17,91.98,960,850-1099,bullish,fri,mon,590,150,220,84.38,2,3,5,0,0,bullish,1970,1700-2199,cpi,1,1,0,2005-11-11,,estimated_rule,2005-11,bullish,3010,2800-3599
2005-W46,2005-11-14,2005-11-18,2005,46,91.76,92.63,91.5,91.93,1130,1100-1349,bullish,wed,mon,170,700,260,38.05,2,3,5,0,0,bullish,960,850-1099,normal,0,0,0,,,estimated_rule,2005-11,bullish,3010,2800-3599
2005-W47,2005-11-21,2005-11-25,2005,47,91.87,92.33,91.15,92.04,1180,1100-1349,bullish,tue,wed,170,290,720,75.42,3,1,4,0,0,bullish,1130,1100-1349,normal,0,0,0,,,estimated_rule,2005-11,bullish,3010,2800-3599
2005-W48,2005-11-28,2005-12-02,2005,48,92.05,92.32,90.8,91.95,1520,1350-1699,bearish,fri,mon,100,270,1150,75.66,3,2,5,0,0,bullish,1180,1100-1349,nfp,1,0,1,,2005-12-02,estimated_rule,2005-12,bearish,2800,2800-3599
2005-W49,2005-12-05,2005-12-09,2005,49,92.0,92.19,91.03,91.25,1160,1100-1349,bearish,mon,thu,750,190,220,18.97,1,4,5,0,0,bearish,1520,1350-1699,normal,0,0,0,,,estimated_rule,2005-12,bearish,2800,2800-3599
2005-W50,2005-12-12,2005-12-16,2005,50,91.43,91.51,89.52,89.7,1990,1700-2199,bearish,mon,wed,1730,80,180,9.05,2,3,5,0,0,bearish,1160,1100-1349,cpi,1,1,0,2005-12-12,,estimated_rule,2005-12,bearish,2800,2800-3599
2005-W51,2005-12-19,2005-12-23,2005,51,89.6,91.23,89.58,90.84,1650,1350-1699,bullish,wed,mon,1240,390,20,76.36,4,1,5,0,0,bearish,1990,1700-2199,normal,0,0,0,,,estimated_rule,2005-12,bearish,2800,2800-3599
2005-W52,2005-12-27,2005-12-30,2005,52,90.9,91.47,90.52,91.17,950,850-1099,bullish,fri,wed,270,300,380,68.42,3,1,4,0,0,bullish,1650,1350-1699,normal,0,0,0,,,estimated_rule,2005-12,bearish,2800,2800-3599
2006-W01,2006-01-03,2006-01-06,2006,1,90.75,90.94,88.8,88.85,2140,1700-2199,bearish,tue,fri,1900,190,50,2.34,1,3,4,0,0,bullish,950,850-1099,nfp,1,0,1,,2006-01-06,estimated_rule,2006-01,bearish,3110,2800-3599
2006-W02,2006-01-09,2006-01-13,2006,2,88.96,89.67,88.73,88.89,940,850-1099,bearish,thu,thu,70,710,160,17.02,2,3,5,0,0,bearish,2140,1700-2199,cpi,1,1,0,2006-01-11,,estimated_rule,2006-01,bearish,3110,2800-3599
2006-W03,2006-01-17,2006-01-20,2006,3,89.11,89.65,88.93,88.95,720,<850,bearish,fri,tue,160,540,20,2.78,3,1,4,0,0,bearish,940,850-1099,normal,0,0,0,,,estimated_rule,2006-01,bearish,3110,2800-3599
2006-W04,2006-01-23,2006-01-27,2006,4,88.79,89.4,87.83,89.32,1570,1350-1699,bullish,fri,tue,530,80,960,94.9,4,1,5,0,0,bearish,720,<850,normal,0,0,0,,,estimated_rule,2006-01,bearish,3110,2800-3599
2006-W05,2006-01-30,2006-02-03,2006,5,89.27,90.23,88.69,89.89,1540,1350-1699,bullish,fri,tue,620,340,580,77.92,3,2,5,0,0,bullish,1570,1350-1699,nfp,1,0,1,,2006-02-03,estimated_rule,2006-02,bullish,2180,1600-2199
2006-W06,2006-02-06,2006-02-10,2006,6,89.86,90.57,89.7,90.55,870,850-1099,bullish,fri,fri,690,20,160,97.7,3,2,5,0,0,bullish,1540,1350-1699,normal,0,0,0,,,estimated_rule,2006-02,bullish,2180,1600-2199
2006-W07,2006-02-13,2006-02-17,2006,7,90.55,91.02,90.17,90.64,850,850-1099,bullish,thu,wed,90,380,380,55.29,3,2,5,0,0,bullish,870,850-1099,cpi,1,1,0,2006-02-13,,estimated_rule,2006-02,bullish,2180,1600-2199
2006-W08,2006-02-21,2006-02-24,2006,8,90.45,90.89,90.09,90.61,800,<850,bullish,wed,thu,160,280,360,65.0,3,1,4,0,0,bullish,850,850-1099,normal,0,0,0,,,estimated_rule,2006-02,bullish,2180,1600-2199
2006-W09,2006-02-27,2006-03-03,2006,9,90.86,90.89,89.5,89.66,1390,1350-1699,bearish,mon,fri,1200,30,160,11.51,2,3,5,0,0,bullish,800,<850,nfp,1,0,1,,2006-03-03,estimated_rule,2006-03,bearish,2310,2200-2799
2006-W10,2006-03-06,2006-03-10,2006,10,89.36,91.16,89.28,90.85,1880,1700-2199,bullish,fri,mon,1490,310,80,83.51,4,1,5,0,0,bearish,1390,1350-1699,normal,0,0,0,,,estimated_rule,2006-03,bearish,2310,2200-2799
2006-W11,2006-03-13,2006-03-17,2006,11,90.83,90.87,88.85,88.92,2020,1700-2199,bearish,mon,fri,1910,40,70,3.47,0,5,5,0,0,bullish,1880,1700-2199,cpi,1,1,0,2006-03-13,,estimated_rule,2006-03,bearish,2310,2200-2799
2006-W12,2006-03-20,2006-03-24,2006,12,89.07,90.62,88.95,90.07,1670,1350-1699,bullish,fri,mon,1000,550,120,67.07,4,1,5,0,0,bearish,2020,1700-2199,normal,0,0,0,,,estimated_rule,2006-03,bearish,2310,2200-2799
2006-W13,2006-03-27,2006-03-31,2006,13,90.05,90.45,89.28,89.73,1170,1100-1349,bearish,wed,fri,320,400,450,38.46,4,1,5,0,0,bullish,1670,1350-1699,normal,0,0,0,,,estimated_rule,2006-03,bearish,2310,2200-2799
2006-W14,2006-04-03,2006-04-07,2006,14,89.74,90.4,88.44,89.63,1960,1700-2199,bearish,mon,thu,110,660,1190,60.71,2,3,5,0,0,bearish,1170,1100-1349,nfp,1,0,1,,2006-04-07,estimated_rule,2006-04,bearish,4400,3600-4799
2006-W15,2006-04-10,2006-04-13,2006,15,89.6,89.86,89.21,89.62,650,<850,bullish,thu,wed,20,240,390,63.08,3,1,4,0,0,bearish,1960,1700-2199,cpi,1,1,0,2006-04-11,,estimated_rule,2006-04,bearish,4400,3600-4799
2006-W16,2006-04-17,2006-04-21,2006,16,88.76,89.16,87.73,88.05,1430,1350-1699,bearish,mon,wed,710,400,320,22.38,1,4,5,0,0,bullish,650,<850,normal,0,0,0,,,estimated_rule,2006-04,bearish,4400,3600-4799
2006-W17,2006-04-24,2006-04-28,2006,17,87.73,87.92,86.0,86.11,1920,1700-2199,bearish,mon,fri,1620,190,110,5.73,0,5,5,0,0,bearish,1430,1350-1699,normal,0,0,0,,,estimated_rule,2006-04,bearish,4400,3600-4799
2006-W18,2006-05-01,2006-05-05,2006,18,85.93,86.36,85.0,85.12,1360,1350-1699,bearish,tue,fri,810,430,120,8.82,1,4,5,0,0,bearish,1920,1700-2199,nfp,1,0,1,,2006-05-05,estimated_rule,2006-05,bearish,2760,2200-2799
2006-W19,2006-05-08,2006-05-12,2006,19,85.09,85.49,83.61,83.96,1880,1700-2199,bearish,tue,fri,1130,400,350,18.62,1,4,5,0,0,bearish,1360,1350-1699,cpi,1,1,0,2006-05-11,,estimated_rule,2006-05,bearish,2760,2200-2799
2006-W20,2006-05-15,2006-05-19,2006,20,83.61,85.35,83.6,84.88,1750,1700-2199,bullish,fri,mon,1270,470,10,73.14,3,2,5,0,0,bearish,1880,1700-2199,normal,0,0,0,,,estimated_rule,2006-05,bearish,2760,2200-2799
2006-W21,2006-05-22,2006-05-26,2006,21,84.91,85.47,84.27,85.26,1200,1100-1349,bullish,mon,mon,350,210,640,82.5,2,3,5,0,0,bullish,1750,1700-2199,normal,0,0,0,,,estimated_rule,2006-05,bearish,2760,2200-2799
2006-W22,2006-05-30,2006-06-02,2006,22,85.07,85.27,83.91,84.05,1360,1350-1699,bearish,thu,fri,1020,200,140,10.29,2,2,4,0,0,bullish,1200,1100-1349,nfp,1,0,1,,2006-06-02,estimated_rule,2006-06,bullish,3330,2800-3599
2006-W23,2006-06-05,2006-06-09,2006,23,84.06,86.06,83.72,85.72,2340,>=2200,bullish,fri,mon,1660,340,340,85.47,4,1,5,0,0,bearish,1360,1350-1699,normal,0,0,0,,,estimated_rule,2006-06,bullish,3330,2800-3599
2006-W24,2006-06-12,2006-06-16,2006,24,85.89,86.5,85.66,85.92,840,<850,bullish,tue,fri,30,580,230,30.95,2,3,5,0,0,bullish,2340,>=2200,cpi,1,1,0,2006-06-12,,estimated_rule,2006-06,bullish,3330,2800-3599
2006-W25,2006-06-19,2006-06-23,2006,25,86.01,87.05,85.63,86.82,1420,1350-1699,bullish,fri,wed,810,230,380,83.8,3,2,5,0,0,bullish,840,<850,normal,0,0,0,,,estimated_rule,2006-06,bullish,3330,2800-3599
2006-W26,2006-06-26,2006-06-30,2006,26,86.86,86.89,85.14,85.22,1750,1700-2199,bearish,mon,fri,1640,30,80,4.57,2,3,5,0,0,bullish,1420,1350-1699,normal,0,0,0,,,estimated_rule,2006-06,bullish,3330,2800-3599
2006-W27,2006-07-03,2006-07-07,2006,27,85.2,85.76,84.77,84.98,990,850-1099,bearish,wed,fri,220,560,210,21.21,1,3,4,0,0,bearish,1750,1700-2199,nfp,1,0,1,,2006-07-07,estimated_rule,2006-07,bullish,2560,2200-2799
2006-W28,2006-07-10,2006-07-14,2006,28,85.03,86.28,84.97,86.09,1310,1100-1349,bullish,fri,mon,1060,190,60,85.5,3,2,5,0,0,bearish,990,850-1099,cpi,1,1,0,2006-07-11,,estimated_rule,2006-07,bullish,2560,2200-2799
2006-W29,2006-07-17,2006-07-21,2006,29,86.17,87.33,85.85,85.93,1480,1350-1699,bearish,wed,fri,240,1160,80,5.41,2,3,5,0,0,bullish,1310,1100-1349,normal,0,0,0,,,estimated_rule,2006-07,bullish,2560,2200-2799
2006-W30,2006-07-24,2006-07-28,2006,30,85.86,86.77,85.32,85.44,1450,1350-1699,bearish,tue,fri,420,910,120,8.28,2,3,5,0,0,bearish,1480,1350-1699,normal,0,0,0,,,estimated_rule,2006-07,bullish,2560,2200-2799
2006-W31,2006-07-31,2006-08-04,2006,31,85.39,85.63,84.39,84.57,1240,1100-1349,bearish,tue,fri,820,240,180,14.52,1,4,5,0,0,bearish,1450,1350-1699,nfp,1,0,1,,2006-08-04,estimated_rule,2006-08,bearish,1360,<1600
2006-W32,2006-08-07,2006-08-11,2006,32,84.53,85.58,84.42,85.52,1160,1100-1349,bullish,fri,thu,990,60,110,94.83,3,2,5,0,0,bearish,1240,1100-1349,cpi,1,1,0,2006-08-11,,estimated_rule,2006-08,bearish,1360,<1600
2006-W33,2006-08-14,2006-08-18,2006,33,85.49,85.75,84.61,85.09,1140,1100-1349,bearish,tue,thu,400,260,480,42.1,3,2,5,0,0,bullish,1160,1100-1349,normal,0,0,0,,,estimated_rule,2006-08,bearish,1360,<1600
2006-W34,2006-08-21,2006-08-25,2006,34,85.02,85.55,84.42,85.38,1130,1100-1349,bullish,fri,mon,360,170,600,84.96,4,1,5,0,0,bearish,1140,1100-1349,normal,0,0,0,,,estimated_rule,2006-08,bearish,1360,<1600
2006-W35,2006-08-28,2006-09-01,2006,35,85.39,85.46,84.72,84.94,740,<850,bearish,mon,thu,450,70,220,29.73,2,3,5,0,0,bullish,1130,1100-1349,nfp,1,0,1,,2006-09-01,estimated_rule,2006-09,bullish,1490,<1600
2006-W36,2006-09-05,2006-09-08,2006,36,84.87,86.06,84.73,85.95,1330,1100-1349,bullish,fri,tue,1080,110,140,91.73,4,0,4,0,0,bearish,740,<850,normal,0,0,0,,,estimated_rule,2006-09,bullish,1490,<1600
2006-W37,2006-09-11,2006-09-15,2006,37,85.97,86.17,85.46,85.99,710,<850,bullish,fri,thu,20,180,510,74.65,3,2,5,0,0,bullish,1330,1100-1349,cpi,1,1,0,2006-09-11,,estimated_rule,2006-09,bullish,1490,<1600
2006-W38,2006-09-18,2006-09-22,2006,38,86.06,86.14,84.91,85.2,1230,1100-1349,bearish,mon,fri,860,80,290,23.58,1,4,5,0,0,bullish,710,<850,normal,0,0,0,,,estimated_rule,2006-09,bullish,1490,<1600
2006-W39,2006-09-25,2006-09-29,2006,39,85.18,86.22,84.97,85.97,1250,1100-1349,bullish,fri,mon,790,250,210,80.0,4,1,5,0,0,bearish,1230,1100-1349,normal,0,0,0,,,estimated_rule,2006-09,bullish,1490,<1600
2006-W40,2006-10-02,2006-10-06,2006,40,86.01,86.65,85.47,86.44,1180,1100-1349,bullish,fri,tue,430,210,540,82.2,4,1,5,0,0,bullish,1250,1100-1349,nfp,1,0,1,,2006-10-06,estimated_rule,2006-10,bearish,2090,1600-2199
2006-W41,2006-10-09,2006-10-13,2006,41,86.53,87.3,86.44,87.12,860,850-1099,bullish,fri,mon,590,180,90,79.07,3,2,5,0,0,bullish,1180,1100-1349,cpi,1,1,0,2006-10-11,,estimated_rule,2006-10,bearish,2090,1600-2199
2006-W42,2006-10-16,2006-10-20,2006,42,87.17,87.2,86.14,86.27,1060,850-1099,bearish,mon,fri,900,30,130,12.26,1,4,5,0,0,bullish,860,850-1099,normal,0,0,0,,,estimated_rule,2006-10,bearish,2090,1600-2199
2006-W43,2006-10-23,2006-10-27,2006,43,86.3,86.92,85.43,85.56,1490,1350-1699,bearish,tue,fri,740,620,130,8.72,1,4,5,0,0,bearish,1060,850-1099,normal,0,0,0,,,estimated_rule,2006-10,bearish,2090,1600-2199
2006-W44,2006-10-30,2006-11-03,2006,44,85.57,85.91,85.15,85.71,760,<850,bullish,fri,wed,140,200,420,73.68,3,2,5,0,0,bearish,1490,1350-1699,nfp,1,0,1,,2006-11-03,estimated_rule,2006-11,bearish,3140,2800-3599
2006-W45,2006-11-06,2006-11-10,2006,45,85.7,85.93,84.7,85.05,1230,1100-1349,bearish,mon,fri,650,230,350,28.46,2,3,5,0,0,bullish,760,<850,normal,0,0,0,,,estimated_rule,2006-11,bearish,3140,2800-3599
2006-W46,2006-11-13,2006-11-17,2006,46,85.02,85.7,84.84,85.37,860,850-1099,bullish,fri,mon,350,330,180,61.63,3,2,5,0,0,bearish,1230,1100-1349,cpi,1,1,0,2006-11-13,,estimated_rule,2006-11,bearish,3140,2800-3599
2006-W47,2006-11-20,2006-11-24,2006,47,85.34,85.48,83.56,83.71,1920,1700-2199,bearish,tue,fri,1630,140,150,7.81,1,4,5,0,0,bullish,860,850-1099,normal,0,0,0,,,estimated_rule,2006-11,bearish,3140,2800-3599
2006-W48,2006-11-27,2006-12-01,2006,48,83.35,83.78,82.36,82.48,1420,1350-1699,bearish,mon,fri,870,430,120,8.45,2,3,5,0,0,bearish,1920,1700-2199,nfp,1,0,1,,2006-12-01,estimated_rule,2006-12,bullish,1980,1600-2199
2006-W49,2006-12-04,2006-12-08,2006,49,82.36,83.34,82.24,83.33,1100,1100-1349,bullish,fri,tue,970,10,120,99.09,4,1,5,0,0,bearish,1420,1350-1699,normal,0,0,0,,,estimated_rule,2006-12,bullish,1980,1600-2199
2006-W50,2006-12-11,2006-12-15,2006,50,83.34,84.14,82.88,84.06,1260,1100-1349,bullish,fri,tue,720,80,460,93.65,3,2,5,0,0,bullish,1100,1100-1349,cpi,1,1,0,2006-12-11,,estimated_rule,2006-12,bullish,1980,1600-2199
2006-W51,2006-12-18,2006-12-22,2006,51,84.03,84.22,83.21,83.94,1010,850-1099,bearish,mon,wed,90,190,730,72.28,3,2,5,0,0,bullish,1260,1100-1349,normal,0,0,0,,,estimated_rule,2006-12,bullish,1980,1600-2199
2006-W52,2006-12-26,2006-12-29,2006,52,83.84,84.13,83.53,83.72,600,<850,bearish,tue,thu,120,290,190,31.67,1,3,4,0,0,bearish,1010,850-1099,normal,0,0,0,,,estimated_rule,2006-12,bullish,1980,1600-2199
2007-W01,2007-01-02,2007-01-05,2007,1,83.46,84.81,83.15,84.63,1660,1350-1699,bullish,fri,tue,1170,180,310,89.16,3,1,4,0,0,bearish,600,<850,nfp,1,0,1,,2007-01-05,estimated_rule,2007-01,bullish,2280,2200-2799
2007-W02,2007-01-08,2007-01-12,2007,2,84.64,85.4,84.43,85.03,970,850-1099,bullish,fri,tue,390,370,210,61.86,3,2,5,0,0,bullish,1660,1350-1699,cpi,1,1,0,2007-01-11,,estimated_rule,2007-01,bullish,2280,2200-2799
2007-W03,2007-01-16,2007-01-19,2007,3,84.94,85.26,84.64,84.86,620,<850,bearish,thu,tue,80,320,220,35.48,1,3,4,0,0,bullish,970,850-1099,normal,0,0,0,,,estimated_rule,2007-01,bullish,2280,2200-2799
2007-W04,2007-01-22,2007-01-26,2007,4,84.9,85.43,84.49,85.28,940,850-1099,bullish,fri,tue,380,150,410,84.04,4,1,5,0,0,bearish,620,<850,normal,0,0,0,,,estimated_rule,2007-01,bullish,2280,2200-2799
2007-W05,2007-01-29,2007-02-02,2007,5,85.15,85.38,84.4,84.96,980,850-1099,bearish,mon,thu,190,230,560,57.14,1,4,5,0,0,bullish,940,850-1099,nfp,1,0,1,,2007-02-02,estimated_rule,2007-02,bearish,1810,1600-2199
2007-W06,2007-02-05,2007-02-09,2007,6,84.98,85.2,84.65,84.87,550,<850,bearish,mon,wed,110,220,220,40.0,4,1,5,0,0,bearish,980,850-1099,normal,0,0,0,,,estimated_rule,2007-02,bearish,1810,1600-2199
2007-W07,2007-02-12,2007-02-16,2007,7,84.83,85.21,83.94,84.09,1270,1100-1349,bearish,mon,thu,740,380,150,11.81,1,4,5,0,0,bearish,550,<850,cpi,1,1,0,2007-02-12,,estimated_rule,2007-02,bearish,1810,1600-2199
2007-W08,2007-02-20,2007-02-23,2007,8,84.1,84.53,83.89,84.07,640,<850,bearish,thu,tue,30,430,180,28.13,3,1,4,0,0,bearish,1270,1100-1349,normal,0,0,0,,,estimated_rule,2007-02,bearish,1810,1600-2199
2007-W09,2007-02-26,2007-03-02,2007,9,83.97,84.09,83.4,83.74,690,<850,bearish,mon,tue,230,120,340,49.28,2,3,5,7000,1400,bearish,640,<850,nfp,1,0,1,,2007-03-02,estimated_rule,2007-03,bearish,1740,1600-2199
2007-W10,2007-03-05,2007-03-09,2007,10,83.73,84.38,83.61,84.24,770,<850,bullish,fri,mon,510,140,120,81.82,3,2,5,47200,9440,bearish,690,<850,normal,0,0,0,,,estimated_rule,2007-03,bearish,1740,1600-2199
2007-W11,2007-03-12,2007-03-16,2007,11,84.23,84.28,83.03,83.23,1250,1100-1349,bearish,mon,fri,1000,50,200,16.0,0,5,5,7300,1460,bullish,770,<850,cpi,1,1,0,2007-03-12,,estimated_rule,2007-03,bearish,1740,1600-2199
2007-W12,2007-03-19,2007-03-23,2007,12,83.17,83.5,82.65,83.28,850,850-1099,bullish,tue,thu,110,220,520,74.12,3,2,5,25400,5080,bearish,1250,1100-1349,normal,0,0,0,,,estimated_rule,2007-03,bearish,1740,1600-2199
2007-W13,2007-03-26,2007-03-30,2007,13,83.39,83.46,82.64,82.93,820,<850,bearish,mon,fri,460,70,290,35.37,2,3,5,7000,1400,bullish,850,850-1099,normal,0,0,0,,,estimated_rule,2007-03,bearish,1740,1600-2199
2007-W14,2007-04-02,2007-04-05,2007,14,82.91,83.21,82.59,82.68,620,<850,bearish,tue,thu,230,300,90,14.52,1,3,4,10900,2725,bearish,820,<850,nfp,1,0,1,,2007-04-06,estimated_rule,2007-04,bearish,1940,1600-2199
2007-W15,2007-04-09,2007-04-13,2007,15,83.0,83.18,81.97,82.13,1210,1100-1349,bearish,mon,fri,870,180,160,13.22,1,4,5,242400,48480,bearish,620,<850,cpi,1,1,0,2007-04-11,,estimated_rule,2007-04,bearish,1940,1600-2199
2007-W16,2007-04-16,2007-04-20,2007,16,82.03,82.19,81.51,81.64,680,<850,bearish,tue,thu,390,160,130,19.12,3,2,5,115500,23100,bearish,1210,1100-1349,normal,0,0,0,,,estimated_rule,2007-04,bearish,1940,1600-2199
2007-W17,2007-04-23,2007-04-27,2007,17,81.63,81.93,81.27,81.53,660,<850,bearish,mon,fri,100,300,260,39.39,2,3,5,175800,35160,bearish,680,<850,normal,0,0,0,,,estimated_rule,2007-04,bearish,1940,1600-2199
2007-W18,2007-04-30,2007-05-04,2007,18,81.52,82.04,81.25,81.74,790,<850,bullish,fri,tue,220,300,270,62.02,3,2,5,134000,26800,bearish,660,<850,nfp,1,0,1,,2007-05-04,estimated_rule,2007-05,bullish,1350,<1600
2007-W19,2007-05-07,2007-05-11,2007,19,81.61,82.38,81.54,82.12,840,<850,bullish,thu,mon,510,260,70,69.05,4,1,5,248300,49660,bullish,790,<850,cpi,1,1,0,2007-05-11,,estimated_rule,2007-05,bullish,1350,<1600
2007-W20,2007-05-14,2007-05-18,2007,20,82.1,82.4,81.66,82.2,740,<850,bullish,thu,tue,100,200,440,72.97,2,3,5,78000,15600,bullish,840,<850,normal,0,0,0,,,estimated_rule,2007-05,bullish,1350,<1600
2007-W21,2007-05-21,2007-05-25,2007,21,82.13,82.6,82.08,82.33,520,<850,bullish,wed,mon,200,270,50,48.08,3,2,5,50900,10180,bullish,740,<850,normal,0,0,0,,,estimated_rule,2007-05,bullish,1350,<1600
2007-W22,2007-05-29,2007-06-01,2007,22,82.35,82.59,82.05,82.32,540,<850,bearish,fri,tue,30,240,270,50.0,2,2,4,47100,11775,bullish,520,<850,nfp,1,0,1,,2007-06-01,estimated_rule,2007-06,bearish,1570,<1600
2007-W23,2007-06-04,2007-06-08,2007,23,82.34,82.92,81.7,82.69,1220,1100-1349,bullish,fri,tue,350,230,640,81.15,3,2,5,182900,36580,bearish,540,<850,normal,0,0,0,,,estimated_rule,2007-06,bearish,1570,<1600
2007-W24,2007-06-11,2007-06-15,2007,24,82.71,83.27,82.62,82.85,650,<850,bullish,wed,tue,140,420,90,35.38,4,1,5,241200,48240,bullish,1220,1100-1349,cpi,1,1,0,2007-06-11,,estimated_rule,2007-06,bearish,1570,<1600
2007-W25,2007-06-18,2007-06-22,2007,25,82.84,82.86,82.32,82.34,540,<850,bearish,mon,fri,500,20,20,3.7,1,4,5,111800,22360,bullish,650,<850,normal,0,0,0,,,estimated_rule,2007-06,bearish,1570,<1600
2007-W26,2007-06-25,2007-06-29,2007,26,82.34,82.48,81.9,81.92,580,<850,bearish,wed,fri,420,140,20,3.45,1,4,5,39100,7820,bearish,540,<850,normal,0,0,0,,,estimated_rule,2007-06,bearish,1570,<1600
2007-W27,2007-07-02,2007-07-06,2007,27,81.87,81.95,81.24,81.46,710,<850,bearish,mon,thu,410,80,220,30.99,2,2,4,34900,8725,bearish,580,<850,nfp,1,0,1,,2007-07-06,estimated_rule,2007-07,bearish,1930,1600-2199
2007-W28,2007-07-09,2007-07-13,2007,28,81.46,81.59,80.44,80.58,1150,1100-1349,bearish,tue,fri,880,130,140,12.17,1,4,5,92200,18440,bearish,710,<850,cpi,1,1,0,2007-07-11,,estimated_rule,2007-07,bearish,1930,1600-2199
2007-W29,2007-07-16,2007-07-20,2007,29,80.53,80.67,80.12,80.29,550,<850,bearish,mon,fri,240,140,170,30.91,2,3,5,17400,3480,bearish,1150,1100-1349,normal,0,0,0,,,estimated_rule,2007-07,bearish,1930,1600-2199
2007-W30,2007-07-23,2007-07-27,2007,30,80.13,81.01,80.02,80.95,990,850-1099,bullish,fri,tue,820,60,110,93.94,3,2,5,70500,14100,bearish,550,<850,normal,0,0,0,,,estimated_rule,2007-07,bearish,1930,1600-2199
2007-W31,2007-07-30,2007-08-03,2007,31,80.97,81.09,80.16,80.18,930,850-1099,bearish,mon,fri,790,120,20,2.15,1,4,5,44000,8800,bullish,990,850-1099,nfp,1,0,1,,2007-08-03,estimated_rule,2007-08,bearish,2170,1600-2199
2007-W32,2007-08-06,2007-08-10,2007,32,80.11,80.92,79.96,80.68,960,850-1099,bullish,thu,mon,570,240,150,75.0,3,2,5,68000,13600,bearish,930,850-1099,normal,0,0,0,,,estimated_rule,2007-08,bearish,2170,1600-2199
2007-W33,2007-08-13,2007-08-17,2007,33,80.73,82.13,80.62,81.43,1510,1350-1699,bullish,thu,mon,700,700,110,53.64,3,2,5,138900,27780,bullish,960,850-1099,cpi,1,1,0,2007-08-13,,estimated_rule,2007-08,bearish,2170,1600-2199
2007-W34,2007-08-20,2007-08-24,2007,34,81.32,81.57,80.61,80.67,960,850-1099,bearish,wed,fri,650,250,60,6.25,2,3,5,94500,18900,bullish,1510,1350-1699,normal,0,0,0,,,estimated_rule,2007-08,bearish,2170,1600-2199
2007-W35,2007-08-27,2007-08-31,2007,35,80.7,81.05,80.44,80.79,610,<850,bullish,wed,fri,90,260,260,57.38,3,2,5,56800,11360,bearish,960,850-1099,normal,0,0,0,,,estimated_rule,2007-08,bearish,2170,1600-2199
2007-W36,2007-09-04,2007-09-07,2007,36,80.81,81.14,79.84,79.96,1300,1100-1349,bearish,tue,fri,850,330,120,9.23,1,3,4,49200,12300,bullish,610,<850,nfp,1,0,1,,2007-09-07,estimated_rule,2007-09,bearish,3470,2800-3599
2007-W37,2007-09-10,2007-09-14,2007,37,79.91,80.0,79.3,79.62,700,<850,bearish,mon,thu,290,90,320,45.71,2,3,5,66200,13240,bearish,1300,1100-1349,cpi,1,1,0,2007-09-11,,estimated_rule,2007-09,bearish,3470,2800-3599
2007-W38,2007-09-17,2007-09-21,2007,38,79.66,79.85,78.4,78.6,1450,1350-1699,bearish,tue,fri,1060,190,200,13.79,3,2,5,102600,20520,bearish,700,<850,normal,0,0,0,,,estimated_rule,2007-09,bearish,3470,2800-3599
2007-W39,2007-09-24,2007-09-28,2007,39,78.39,78.69,77.67,77.72,1020,850-1099,bearish,tue,fri,670,300,50,4.9,2,3,5,252800,50560,bearish,1450,1350-1699,normal,0,0,0,,,estimated_rule,2007-09,bearish,3470,2800-3599
2007-W40,2007-10-01,2007-10-05,2007,40,77.79,78.82,77.66,78.31,1160,1100-1349,bullish,fri,mon,520,510,130,56.03,3,2,5,238700,47740,bearish,1020,850-1099,nfp,1,0,1,,2007-10-05,estimated_rule,2007-10,bearish,2430,2200-2799
2007-W41,2007-10-08,2007-10-12,2007,41,78.32,78.89,77.96,78.22,930,850-1099,bearish,tue,thu,100,570,260,27.96,2,3,5,295900,59180,bullish,1160,1100-1349,cpi,1,1,0,2007-10-11,,estimated_rule,2007-10,bearish,2430,2200-2799
2007-W42,2007-10-15,2007-10-19,2007,42,78.21,78.34,77.4,77.41,940,850-1099,bearish,tue,fri,800,130,10,1.06,1,4,5,431800,86360,bearish,930,850-1099,normal,0,0,0,,,estimated_rule,2007-10,bearish,2430,2200-2799
2007-W43,2007-10-22,2007-10-26,2007,43,77.28,78.2,76.98,77.03,1220,1100-1349,bearish,mon,fri,250,920,50,4.1,2,3,5,260100,52020,bearish,940,850-1099,normal,0,0,0,,,estimated_rule,2007-10,bearish,2430,2200-2799
2007-W44,2007-10-29,2007-11-02,2007,44,76.87,77.09,76.22,76.34,870,850-1099,bearish,mon,fri,530,220,120,13.79,0,5,5,501800,100360,bearish,1220,1100-1349,nfp,1,0,1,,2007-11-02,estimated_rule,2007-11,bearish,2390,2200-2799
2007-W45,2007-11-05,2007-11-09,2007,45,76.39,76.5,74.98,75.4,1520,1350-1699,bearish,mon,fri,990,110,420,27.63,2,3,5,526300,105260,bearish,870,850-1099,normal,0,0,0,,,estimated_rule,2007-11,bearish,2390,2200-2799
2007-W46,2007-11-12,2007-11-16,2007,46,75.52,76.15,75.38,75.83,770,<850,bullish,tue,mon,310,320,140,58.44,4,1,5,660700,132140,bearish,1520,1350-1699,cpi,1,1,0,2007-11-12,,estimated_rule,2007-11,bearish,2390,2200-2799
2007-W47,2007-11-19,2007-11-23,2007,47,75.78,75.96,74.48,75.05,1480,1350-1699,bearish,mon,fri,730,180,570,38.51,3,1,4,936900,234225,bullish,770,<850,normal,0,0,0,,,estimated_rule,2007-11,bearish,2390,2200-2799
2007-W48,2007-11-26,2007-11-30,2007,48,75.11,76.18,74.75,76.15,1430,1350-1699,bullish,fri,tue,1040,30,360,97.9,3,2,5,663400,132680,bearish,1480,1350-1699,normal,0,0,0,,,estimated_rule,2007-11,bearish,2390,2200-2799
2007-W49,2007-12-03,2007-12-07,2007,49,75.93,76.82,75.6,76.29,1220,1100-1349,bullish,thu,tue,360,530,330,56.56,2,3,5,1869300,373860,bullish,1430,1350-1699,nfp,1,0,1,,2007-12-07,estimated_rule,2007-12,bullish,2250,2200-2799
2007-W50,2007-12-10,2007-12-14,2007,50,76.29,77.49,75.92,77.44,1570,1350-1699,bullish,fri,tue,1150,50,370,96.82,4,1,5,1273600,254720,bullish,1220,1100-1349,cpi,1,1,0,2007-12-11,,estimated_rule,2007-12,bullish,2250,2200-2799
2007-W51,2007-12-17,2007-12-21,2007,51,77.37,77.85,77.27,77.72,580,<850,bullish,thu,mon,350,130,100,77.59,5,0,5,813200,162640,bullish,1570,1350-1699,normal,0,0,0,,,estimated_rule,2007-12,bullish,2250,2200-2799
2007-W52,2007-12-24,2007-12-28,2007,52,77.63,77.7,76.11,76.22,1590,1350-1699,bearish,mon,fri,1410,70,110,6.92,0,4,4,569600,142400,bullish,580,<850,normal,0,0,0,,,estimated_rule,2007-12,bullish,2250,2200-2799
2008-W01,2007-12-31,2008-01-04,2008,1,75.98,76.75,75.43,75.79,1320,1100-1349,bearish,mon,fri,190,770,360,27.27,1,3,4,1374900,343725,bearish,1590,1350-1699,nfp,1,0,1,,2008-01-04,estimated_rule,2008-01,bearish,2380,2200-2799
2008-W02,2008-01-07,2008-01-11,2008,2,76.05,76.52,75.79,75.98,730,<850,bearish,thu,fri,70,470,190,26.03,4,1,5,664300,132860,bearish,1320,1100-1349,cpi,1,1,0,2008-01-11,,estimated_rule,2008-01,bearish,2380,2200-2799
2008-W03,2008-01-14,2008-01-18,2008,3,75.61,76.52,75.2,76.38,1320,1100-1349,bullish,thu,tue,770,140,410,89.39,4,1,5,793500,158700,bearish,730,<850,normal,0,0,0,,,estimated_rule,2008-01,bearish,2380,2200-2799
2008-W04,2008-01-22,2008-01-25,2008,4,77.11,77.35,75.62,75.97,1730,1700-2199,bearish,tue,thu,1140,240,350,20.23,2,2,4,623800,155950,bullish,1320,1100-1349,normal,0,0,0,,,estimated_rule,2008-01,bearish,2380,2200-2799
2008-W05,2008-01-28,2008-02-01,2008,5,75.94,76.02,74.85,75.45,1170,1100-1349,bearish,mon,fri,490,80,600,51.28,2,3,5,1319800,263960,bearish,1730,1700-2199,nfp,1,0,1,,2008-02-01,estimated_rule,2008-02,bearish,3480,2800-3599
2008-W06,2008-02-04,2008-02-08,2008,6,75.44,77.04,75.28,76.67,1760,1700-2199,bullish,thu,mon,1230,370,160,78.98,3,2,5,1123000,224600,bearish,1170,1100-1349,normal,0,0,0,,,estimated_rule,2008-02,bearish,3480,2800-3599
2008-W07,2008-02-11,2008-02-15,2008,7,76.45,76.71,75.85,76.1,860,850-1099,bearish,mon,fri,350,260,250,29.07,3,2,5,655800,131160,bullish,1760,1700-2199,cpi,1,1,0,2008-02-11,,estimated_rule,2008-02,bearish,3480,2800-3599
2008-W08,2008-02-19,2008-02-22,2008,8,76.02,76.53,75.36,75.52,1170,1100-1349,bearish,wed,fri,500,510,160,13.67,1,3,4,587500,146875,bearish,860,850-1099,normal,0,0,0,,,estimated_rule,2008-02,bearish,3480,2800-3599
2008-W09,2008-02-25,2008-02-29,2008,9,75.53,75.68,73.56,73.71,2120,1700-2199,bearish,mon,fri,1820,150,150,7.08,1,4,5,800600,160120,bearish,1170,1100-1349,normal,0,0,0,,,estimated_rule,2008-02,bearish,3480,2800-3599
2008-W10,2008-03-03,2008-03-07,2008,10,73.75,73.95,72.46,73.03,1490,1350-1699,bearish,wed,fri,720,200,570,38.26,1,4,5,480700,96140,bearish,2120,1700-2199,nfp,1,0,1,,2008-03-07,estimated_rule,2008-03,bearish,3250,2800-3599
2008-W11,2008-03-10,2008-03-14,2008,11,72.99,73.4,71.58,71.66,1820,1700-2199,bearish,tue,fri,1330,410,80,4.4,2,3,5,655600,131120,bearish,1490,1350-1699,cpi,1,1,0,2008-03-11,,estimated_rule,2008-03,bearish,3250,2800-3599
2008-W12,2008-03-17,2008-03-20,2008,12,71.63,72.92,70.7,72.75,2220,>=2200,bullish,thu,mon,1120,170,930,92.34,3,1,4,1642200,410550,bearish,1820,1700-2199,normal,0,0,0,,,estimated_rule,2008-03,bearish,3250,2800-3599
2008-W13,2008-03-24,2008-03-28,2008,13,72.78,73.19,71.33,71.68,1860,1700-2199,bearish,mon,wed,1100,410,350,18.82,3,2,5,1070600,214120,bullish,2220,>=2200,normal,0,0,0,,,estimated_rule,2008-03,bearish,3250,2800-3599
2008-W14,2008-03-31,2008-04-04,2008,14,71.61,72.84,71.35,72.02,1490,1350-1699,bullish,thu,mon,410,820,260,44.97,2,3,5,3831300,766260,bearish,1860,1700-2199,nfp,1,0,1,,2008-04-04,estimated_rule,2008-04,bullish,1920,1600-2199
2008-W15,2008-04-07,2008-04-11,2008,15,71.98,72.43,71.42,71.81,1010,850-1099,bearish,mon,thu,170,450,390,38.61,3,2,5,1121800,224360,bullish,1490,1350-1699,cpi,1,1,0,2008-04-11,,estimated_rule,2008-04,bullish,1920,1600-2199
2008-W16,2008-04-14,2008-04-18,2008,16,72.36,72.41,71.28,72.01,1130,1100-1349,bearish,fri,wed,350,50,730,64.6,3,2,5,1629900,325980,bearish,1010,850-1099,normal,0,0,0,,,estimated_rule,2008-04,bullish,1920,1600-2199
2008-W17,2008-04-21,2008-04-25,2008,17,71.98,73.03,71.19,72.79,1840,1700-2199,bullish,fri,tue,810,240,790,86.96,3,2,5,3019900,603980,bearish,1130,1100-1349,normal,0,0,0,,,estimated_rule,2008-04,bullish,1920,1600-2199
2008-W18,2008-04-28,2008-05-02,2008,18,72.73,73.7,72.44,73.5,1260,1100-1349,bullish,fri,mon,770,200,290,84.13,4,1,5,12102500,2420500,bullish,1840,1700-2199,nfp,1,0,1,,2008-05-02,estimated_rule,2008-05,bullish,2070,1600-2199
2008-W19,2008-05-05,2008-05-09,2008,19,73.46,73.89,72.73,73.05,1160,1100-1349,bearish,thu,tue,410,430,320,27.59,1,4,5,5034100,1006820,bullish,1260,1100-1349,normal,0,0,0,,,estimated_rule,2008-05,bullish,2070,1600-2199
2008-W20,2008-05-12,2008-05-16,2008,20,73.06,73.62,72.69,72.84,930,850-1099,bearish,wed,fri,220,560,150,16.13,3,2,5,3429000,685800,bearish,1160,1100-1349,cpi,1,1,0,2008-05-12,,estimated_rule,2008-05,bullish,2070,1600-2199
2008-W21,2008-05-19,2008-05-23,2008,21,72.81,73.17,71.82,71.89,1350,1350-1699,bearish,mon,thu,920,360,70,5.19,2,3,5,2686900,537380,bearish,930,850-1099,normal,0,0,0,,,estimated_rule,2008-05,bullish,2070,1600-2199
2008-W22,2008-05-27,2008-05-30,2008,22,71.99,73.22,71.84,72.88,1380,1350-1699,bullish,fri,tue,890,340,150,75.36,3,1,4,2214300,553575,bearish,1350,1350-1699,normal,0,0,0,,,estimated_rule,2008-05,bullish,2070,1600-2199
2008-W23,2008-06-02,2008-06-06,2008,23,72.87,73.87,72.34,72.39,1530,1350-1699,bearish,thu,fri,480,1000,50,3.27,3,2,5,3599800,719960,bullish,1380,1350-1699,nfp,1,0,1,,2008-06-06,estimated_rule,2008-06,bearish,2270,2200-2799
2008-W24,2008-06-09,2008-06-13,2008,24,72.29,74.31,72.13,74.15,2180,1700-2199,bullish,fri,mon,1860,160,160,92.66,4,1,5,3662600,732520,bearish,1530,1350-1699,cpi,1,1,0,2008-06-11,,estimated_rule,2008-06,bearish,2270,2200-2799
2008-W25,2008-06-16,2008-06-20,2008,25,74.01,74.18,72.93,73.03,1250,1100-1349,bearish,mon,fri,980,170,100,8.0,1,4,5,1886600,377320,bullish,2180,1700-2199,normal,0,0,0,,,estimated_rule,2008-06,bearish,2270,2200-2799
2008-W26,2008-06-23,2008-06-27,2008,26,73.07,73.65,72.27,72.36,1380,1350-1699,bearish,mon,fri,710,580,90,6.52,1,4,5,2841100,568220,bearish,1250,1100-1349,normal,0,0,0,,,estimated_rule,2008-06,bearish,2270,2200-2799
2008-W27,2008-06-30,2008-07-03,2008,27,72.33,72.8,72.0,72.74,800,<850,bullish,thu,thu,410,60,330,92.5,2,2,4,1146500,286625,bearish,1380,1350-1699,nfp,1,0,1,,2008-07-04,estimated_rule,2008-07,bullish,2230,2200-2799
2008-W28,2008-07-07,2008-07-11,2008,28,72.69,73.16,71.79,72.1,1370,1350-1699,bearish,mon,fri,590,470,310,22.63,1,4,5,2119600,423920,bullish,800,<850,cpi,1,1,0,2008-07-11,,estimated_rule,2008-07,bullish,2230,2200-2799
2008-W29,2008-07-14,2008-07-18,2008,29,71.86,72.4,71.31,72.19,1090,850-1099,bullish,thu,tue,330,210,550,80.73,4,1,5,3071800,614360,bearish,1370,1350-1699,normal,0,0,0,,,estimated_rule,2008-07,bullish,2230,2200-2799
2008-W30,2008-07-21,2008-07-25,2008,30,72.19,73.02,71.74,72.86,1280,1100-1349,bullish,thu,tue,670,160,450,87.5,4,1,5,1041300,208260,bullish,1090,850-1099,normal,0,0,0,,,estimated_rule,2008-07,bullish,2230,2200-2799
2008-W31,2008-07-28,2008-08-01,2008,31,72.82,73.54,72.61,73.42,930,850-1099,bullish,wed,mon,600,120,210,87.1,3,2,5,1695700,339140,bullish,1280,1100-1349,nfp,1,0,1,,2008-08-01,estimated_rule,2008-08,bullish,4420,3600-4799
2008-W32,2008-08-04,2008-08-08,2008,32,73.37,75.9,73.2,75.85,2700,>=2200,bullish,fri,mon,2480,50,170,98.15,5,0,5,6658500,1331700,bullish,930,850-1099,normal,0,0,0,,,estimated_rule,2008-08,bullish,4420,3600-4799
2008-W33,2008-08-11,2008-08-15,2008,33,75.82,77.27,75.49,77.18,1780,1700-2199,bullish,fri,mon,1360,90,330,94.94,4,1,5,7439500,1487900,bullish,2700,>=2200,cpi,1,1,0,2008-08-11,,estimated_rule,2008-08,bullish,4420,3600-4799
2008-W34,2008-08-18,2008-08-22,2008,34,77.14,77.41,76.02,76.81,1390,1350-1699,bearish,tue,thu,330,270,790,56.83,2,3,5,4269700,853940,bullish,1780,1700-2199,normal,0,0,0,,,estimated_rule,2008-08,bullish,4420,3600-4799
2008-W35,2008-08-25,2008-08-29,2008,35,76.79,77.62,76.55,77.38,1070,850-1099,bullish,tue,mon,590,240,240,77.57,4,1,5,4534800,906960,bearish,1390,1350-1699,normal,0,0,0,,,estimated_rule,2008-08,bullish,4420,3600-4799
2008-W36,2008-09-02,2008-09-05,2008,36,77.75,79.08,77.65,78.93,1430,1350-1699,bullish,thu,tue,1180,150,100,89.51,3,1,4,11483100,2870775,bullish,1070,850-1099,nfp,1,0,1,,2008-09-05,estimated_rule,2008-09,bullish,4490,3600-4799
2008-W37,2008-09-08,2008-09-12,2008,37,78.72,80.38,78.2,78.97,2180,1700-2199,bullish,thu,mon,250,1410,520,35.32,3,2,5,11519700,2303940,bullish,1430,1350-1699,cpi,1,1,0,2008-09-11,,estimated_rule,2008-09,bullish,4490,3600-4799
2008-W38,2008-09-15,2008-09-19,2008,38,78.42,79.37,77.26,77.68,2110,1700-2199,bearish,tue,thu,740,950,420,19.91,2,3,5,11597700,2319540,bullish,2180,1700-2199,normal,0,0,0,,,estimated_rule,2008-09,bullish,4490,3600-4799
2008-W39,2008-09-22,2008-09-26,2008,39,77.58,77.8,75.89,76.95,1910,1700-2199,bearish,mon,mon,630,220,1060,55.5,3,2,5,10797500,2159500,bearish,2110,1700-2199,normal,0,0,0,,,estimated_rule,2008-09,bullish,4490,3600-4799
2008-W40,2008-09-29,2008-10-03,2008,40,76.91,80.93,76.9,80.31,4030,>=2200,bullish,fri,mon,3400,620,10,84.62,4,1,5,4856400,971280,bearish,1910,1700-2199,nfp,1,0,1,,2008-10-03,estimated_rule,2008-10,bullish,8930,>=4800
2008-W41,2008-10-06,2008-10-10,2008,41,81.09,83.19,80.4,83.0,2790,>=2200,bullish,fri,wed,1910,190,690,93.19,3,2,5,6277200,1255440,bullish,4030,>=2200,normal,0,0,0,,,estimated_rule,2008-10,bullish,8930,>=4800
2008-W42,2008-10-13,2008-10-17,2008,42,81.58,82.84,80.75,82.41,2090,1700-2199,bullish,thu,tue,830,430,830,79.43,5,0,5,4528200,905640,bullish,2790,>=2200,cpi,1,1,0,2008-10-13,,estimated_rule,2008-10,bullish,8930,>=4800
2008-W43,2008-10-20,2008-10-24,2008,43,82.5,86.96,81.96,86.44,5000,>=2200,bullish,fri,mon,3940,520,540,89.6,4,1,5,4797400,959480,bullish,2090,1700-2199,normal,0,0,0,,,estimated_rule,2008-10,bullish,8930,>=4800
2008-W44,2008-10-27,2008-10-31,2008,44,86.32,87.88,83.1,85.63,4780,>=2200,bearish,tue,thu,690,1560,2530,52.93,2,3,5,6281200,1256240,bullish,5000,>=2200,normal,0,0,0,,,estimated_rule,2008-10,bullish,8930,>=4800
2008-W45,2008-11-03,2008-11-07,2008,45,85.81,86.9,83.9,85.91,3000,>=2200,bullish,tue,wed,100,990,1910,67.0,3,2,5,3507600,701520,bearish,4780,>=2200,nfp,1,0,1,,2008-11-07,estimated_rule,2008-11,bullish,4560,3600-4799
2008-W46,2008-11-10,2008-11-14,2008,46,85.68,88.15,85.06,86.36,3090,>=2200,bullish,thu,mon,680,1790,620,42.07,4,1,5,3151800,630360,bullish,3000,>=2200,cpi,1,1,0,2008-11-11,,estimated_rule,2008-11,bullish,4560,3600-4799
2008-W47,2008-11-17,2008-11-21,2008,47,87.57,88.46,86.14,88.19,2320,>=2200,bullish,fri,wed,620,270,1430,88.36,3,2,5,3729000,745800,bullish,3090,>=2200,normal,0,0,0,,,estimated_rule,2008-11,bullish,4560,3600-4799
2008-W48,2008-11-24,2008-11-28,2008,48,87.61,87.71,84.71,86.52,3000,>=2200,bearish,mon,tue,1090,100,1810,60.33,2,2,4,3785400,946350,bullish,2320,>=2200,normal,0,0,0,,,estimated_rule,2008-11,bullish,4560,3600-4799
2008-W49,2008-12-01,2008-12-05,2008,49,86.43,87.7,86.1,87.12,1600,1350-1699,bullish,thu,thu,690,580,330,63.75,3,2,5,2853500,570700,bearish,3000,>=2200,nfp,1,0,1,,2008-12-05,estimated_rule,2008-12,bearish,10010,>=4800
2008-W50,2008-12-08,2008-12-12,2008,50,86.87,86.91,83.21,83.64,3700,>=2200,bearish,mon,fri,3230,40,430,11.62,1,4,5,5002200,1000440,bullish,1600,1350-1699,cpi,1,1,0,2008-12-11,,estimated_rule,2008-12,bearish,10010,>=4800
2008-W51,2008-12-15,2008-12-19,2008,51,83.71,83.73,77.69,81.3,6040,>=2200,bearish,mon,thu,2410,20,3610,59.77,2,3,5,7503600,1500720,bearish,3700,>=2200,normal,0,0,0,,,estimated_rule,2008-12,bearish,10010,>=4800
2008-W52,2008-12-22,2008-12-26,2008,52,81.04,81.49,80.35,80.89,1140,1100-1349,bearish,tue,mon,150,450,540,47.37,2,2,4,1704400,426100,bearish,6040,>=2200,normal,0,0,0,,,estimated_rule,2008-12,bearish,10010,>=4800
2009-W01,2008-12-29,2009-01-02,2009,1,80.88,81.92,79.63,81.84,2290,>=2200,bullish,fri,mon,960,80,1250,96.51,2,2,4,1497100,374275,bearish,1140,1100-1349,nfp,1,0,1,,2009-01-02,estimated_rule,2009-01,bullish,5900,>=4800
2009-W02,2009-01-05,2009-01-09,2009,2,81.56,84.02,81.18,82.66,2840,>=2200,bullish,tue,thu,1100,1360,380,52.11,3,2,5,3576000,715200,bullish,2290,>=2200,normal,0,0,0,,,estimated_rule,2009-01,bullish,5900,>=4800
2009-W03,2009-01-12,2009-01-16,2009,3,82.47,85.14,82.46,84.21,2680,>=2200,bullish,thu,mon,1740,930,10,65.3,4,1,5,3968700,793740,bullish,2840,>=2200,cpi,1,1,0,2009-01-12,,estimated_rule,2009-01,bullish,5900,>=4800
2009-W04,2009-01-20,2009-01-23,2009,4,85.07,86.81,84.97,85.61,1840,1700-2199,bullish,fri,tue,540,1200,100,34.78,3,1,4,2692800,673200,bullish,2680,>=2200,normal,0,0,0,,,estimated_rule,2009-01,bullish,5900,>=4800
2009-W05,2009-01-26,2009-01-30,2009,5,85.51,86.28,83.57,86.0,2710,>=2200,bullish,mon,wed,490,280,1940,89.67,4,1,5,2477000,495400,bullish,1840,1700-2199,normal,0,0,0,,,estimated_rule,2009-01,bullish,5900,>=4800
2009-W06,2009-02-02,2009-02-06,2009,6,86.06,86.55,84.75,85.35,1800,1700-2199,bearish,mon,wed,710,490,600,33.33,3,2,5,2636800,527360,bullish,2710,>=2200,nfp,1,0,1,,2009-02-06,estimated_rule,2009-02,bullish,4030,3600-4799
2009-W07,2009-02-09,2009-02-13,2009,7,85.16,86.73,84.46,86.04,2270,>=2200,bullish,thu,mon,880,690,700,69.6,3,2,5,2435800,487160,bearish,1800,1700-2199,cpi,1,1,0,2009-02-11,,estimated_rule,2009-02,bullish,4030,3600-4799
2009-W08,2009-02-17,2009-02-20,2009,8,86.56,88.25,86.23,86.49,2020,1700-2199,bearish,wed,fri,70,1690,260,12.87,2,2,4,2117900,529475,bullish,2270,>=2200,normal,0,0,0,,,estimated_rule,2009-02,bullish,4030,3600-4799
2009-W09,2009-02-23,2009-02-27,2009,9,86.85,88.49,85.63,88.01,2860,>=2200,bullish,fri,mon,1160,480,1220,83.22,3,2,5,2995100,599020,bearish,2020,1700-2199,normal,0,0,0,,,estimated_rule,2009-02,bullish,4030,3600-4799
2009-W10,2009-03-02,2009-03-06,2009,10,88.58,89.62,87.88,88.51,1740,1700-2199,bearish,wed,fri,70,1040,630,36.21,2,3,5,2969700,593940,bullish,2860,>=2200,nfp,1,0,1,,2009-03-06,estimated_rule,2009-03,bearish,6990,>=4800
2009-W11,2009-03-09,2009-03-13,2009,11,88.59,89.46,87.18,87.43,2280,>=2200,bearish,mon,fri,1160,870,250,10.96,1,4,5,3897700,779540,bearish,1740,1700-2199,cpi,1,1,0,2009-03-11,,estimated_rule,2009-03,bearish,6990,>=4800
2009-W12,2009-03-16,2009-03-20,2009,12,87.29,87.77,82.63,83.84,5140,>=2200,bearish,mon,thu,3450,480,1210,23.54,1,4,5,4387300,877460,bearish,2280,>=2200,normal,0,0,0,,,estimated_rule,2009-03,bearish,6990,>=4800
2009-W13,2009-03-23,2009-03-27,2009,13,83.5,85.35,82.89,85.11,2460,>=2200,bullish,fri,mon,1610,240,610,90.24,3,2,5,2102000,420400,bearish,5140,>=2200,normal,0,0,0,,,estimated_rule,2009-03,bearish,6990,>=4800
2009-W14,2009-03-30,2009-04-03,2009,14,85.39,86.13,84.05,84.17,2080,1700-2199,bearish,mon,thu,1220,740,120,5.77,1,4,5,2547900,509580,bullish,2460,>=2200,nfp,1,0,1,,2009-04-03,estimated_rule,2009-04,bearish,3140,2800-3599
2009-W15,2009-04-06,2009-04-09,2009,15,84.01,85.9,83.73,85.79,2170,1700-2199,bullish,thu,mon,1780,110,280,94.93,4,0,4,1645700,411425,bearish,2080,1700-2199,normal,0,0,0,,,estimated_rule,2009-04,bearish,3140,2800-3599
2009-W16,2009-04-13,2009-04-17,2009,16,85.55,86.03,84.45,85.98,1580,1350-1699,bullish,fri,mon,430,50,1100,96.84,4,1,5,1434300,286860,bullish,2170,1700-2199,cpi,1,1,0,2009-04-13,,estimated_rule,2009-04,bearish,3140,2800-3599
2009-W17,2009-04-20,2009-04-24,2009,17,85.81,86.87,84.46,84.71,2410,>=2200,bearish,mon,fri,1100,1060,250,10.37,1,4,5,1215900,243180,bullish,1580,1350-1699,normal,0,0,0,,,estimated_rule,2009-04,bearish,3140,2800-3599
2009-W18,2009-04-27,2009-05-01,2009,18,84.74,86.01,83.89,84.55,2120,1700-2199,bearish,tue,thu,190,1270,660,31.13,1,4,5,1359000,271800,bearish,2410,>=2200,nfp,1,0,1,,2009-05-01,estimated_rule,2009-05,bearish,5690,>=4800
2009-W19,2009-05-04,2009-05-08,2009,19,84.6,84.87,82.39,82.53,2480,>=2200,bearish,mon,fri,2070,270,140,5.65,1,4,5,2136800,427360,bearish,2120,1700-2199,normal,0,0,0,,,estimated_rule,2009-05,bearish,5690,>=4800
2009-W20,2009-05-11,2009-05-15,2009,20,82.42,83.1,81.87,83.02,1230,1100-1349,bullish,fri,wed,600,80,550,93.5,3,2,5,1640900,328180,bearish,2480,>=2200,cpi,1,1,0,2009-05-11,,estimated_rule,2009-05,bearish,5690,>=4800
2009-W21,2009-05-18,2009-05-22,2009,21,82.97,83.22,79.81,79.96,3410,>=2200,bearish,mon,fri,3010,250,150,4.4,0,5,5,2836200,567240,bullish,1230,1100-1349,normal,0,0,0,,,estimated_rule,2009-05,bearish,5690,>=4800
2009-W22,2009-05-26,2009-05-29,2009,22,80.03,81.13,79.18,80.43,1950,1700-2199,bullish,thu,fri,400,700,850,64.1,2,2,4,1966600,491650,bearish,3410,>=2200,normal,0,0,0,,,estimated_rule,2009-05,bearish,5690,>=4800
2009-W23,2009-06-01,2009-06-05,2009,23,79.2,80.82,78.33,80.67,2490,>=2200,bullish,fri,tue,1470,150,870,93.98,2,3,5,4786100,957220,bullish,1950,1700-2199,nfp,1,0,1,,2009-06-05,estimated_rule,2009-06,bullish,3140,2800-3599
2009-W24,2009-06-08,2009-06-12,2009,24,80.72,81.47,79.19,80.14,2280,>=2200,bearish,mon,thu,580,750,950,41.67,3,2,5,3534100,706820,bullish,2490,>=2200,cpi,1,1,0,2009-06-11,,estimated_rule,2009-06,bullish,3140,2800-3599
2009-W25,2009-06-15,2009-06-19,2009,25,80.11,81.37,79.97,80.26,1400,1350-1699,bullish,mon,fri,150,1110,140,20.71,2,3,5,3667500,733500,bearish,2280,>=2200,normal,0,0,0,,,estimated_rule,2009-06,bullish,3140,2800-3599
2009-W26,2009-06-22,2009-06-26,2009,26,80.28,80.94,79.56,79.88,1380,1350-1699,bearish,tue,wed,400,660,320,23.19,2,3,5,2944400,588880,bullish,1400,1350-1699,normal,0,0,0,,,estimated_rule,2009-06,bullish,3140,2800-3599
2009-W27,2009-06-29,2009-07-02,2009,27,79.89,80.61,79.35,80.15,1260,1100-1349,bullish,thu,wed,260,460,540,63.49,2,2,4,1793900,448475,bearish,1380,1350-1699,nfp,1,0,1,,2009-07-03,estimated_rule,2009-07,bearish,2670,2200-2799
2009-W28,2009-07-06,2009-07-10,2009,28,80.47,80.89,79.69,80.23,1200,1100-1349,bearish,mon,thu,240,420,540,45.0,3,2,5,2200800,440160,bullish,1260,1100-1349,normal,0,0,0,,,estimated_rule,2009-07,bearish,2670,2200-2799
2009-W29,2009-07-13,2009-07-17,2009,29,80.24,80.5,79.13,79.35,1370,1350-1699,bearish,mon,thu,890,260,220,16.06,2,3,5,2265000,453000,bearish,1200,1100-1349,cpi,1,1,0,2009-07-13,,estimated_rule,2009-07,bearish,2670,2200-2799
2009-W30,2009-07-20,2009-07-24,2009,30,79.48,79.53,78.42,78.75,1110,1100-1349,bearish,mon,thu,730,50,330,29.73,2,3,5,2672700,534540,bearish,1370,1350-1699,normal,0,0,0,,,estimated_rule,2009-07,bearish,2670,2200-2799
2009-W31,2009-07-27,2009-07-31,2009,31,78.75,79.66,78.22,78.35,1440,1350-1699,bearish,wed,fri,400,910,130,9.03,2,3,5,3525400,705080,bearish,1110,1100-1349,normal,0,0,0,,,estimated_rule,2009-07,bearish,2670,2200-2799
2009-W32,2009-08-03,2009-08-07,2009,32,78.19,79.07,77.43,78.97,1640,1350-1699,bullish,fri,wed,780,100,760,93.9,3,2,5,5313500,1062700,bearish,1440,1350-1699,nfp,1,0,1,,2009-08-07,estimated_rule,2009-08,bearish,2080,1600-2199
2009-W33,2009-08-10,2009-08-14,2009,33,78.88,79.39,78.23,78.89,1160,1100-1349,bullish,mon,fri,10,500,650,56.9,2,3,5,7031400,1406280,bullish,1640,1350-1699,cpi,1,1,0,2009-08-11,,estimated_rule,2009-08,bearish,2080,1600-2199
2009-W34,2009-08-17,2009-08-21,2009,34,78.79,79.51,77.75,78.04,1760,1700-2199,bearish,mon,fri,750,720,290,16.48,1,4,5,6866000,1373200,bullish,1160,1100-1349,normal,0,0,0,,,estimated_rule,2009-08,bearish,2080,1600-2199
2009-W35,2009-08-24,2009-08-28,2009,35,78.03,78.83,77.85,78.37,980,850-1099,bullish,wed,thu,340,460,180,53.06,3,2,5,5116300,1023260,bearish,1760,1700-2199,normal,0,0,0,,,estimated_rule,2009-08,bearish,2080,1600-2199
2009-W36,2009-08-31,2009-09-04,2009,36,78.38,78.94,77.94,78.14,1000,850-1099,bearish,tue,tue,240,560,200,20.0,2,3,5,7265300,1453060,bullish,980,850-1099,nfp,1,0,1,,2009-09-04,estimated_rule,2009-09,bearish,3110,2800-3599
2009-W37,2009-09-08,2009-09-11,2009,37,78.0,78.03,76.46,76.61,1570,1350-1699,bearish,tue,fri,1390,30,150,9.55,0,4,4,6929000,1732250,bearish,1000,850-1099,cpi,1,1,0,2009-09-11,,estimated_rule,2009-09,bearish,3110,2800-3599
2009-W38,2009-09-14,2009-09-18,2009,38,76.64,77.09,76.01,76.43,1080,850-1099,bearish,mon,thu,210,450,420,38.89,2,3,5,8676800,1735360,bearish,1570,1350-1699,normal,0,0,0,,,estimated_rule,2009-09,bearish,3110,2800-3599
2009-W39,2009-09-21,2009-09-25,2009,39,76.51,77.11,75.83,76.81,1280,1100-1349,bullish,mon,wed,300,300,680,76.56,3,2,5,14227500,2845500,bearish,1080,850-1099,normal,0,0,0,,,estimated_rule,2009-09,bearish,3110,2800-3599
2009-W40,2009-09-28,2009-10-02,2009,40,76.63,77.47,76.49,77.0,980,850-1099,bullish,fri,wed,370,470,140,52.04,3,2,5,8196500,1639300,bullish,1280,1100-1349,nfp,1,0,1,,2009-10-02,estimated_rule,2009-10,bearish,2530,2200-2799
2009-W41,2009-10-05,2009-10-09,2009,41,76.91,76.99,75.77,76.43,1220,1100-1349,bearish,mon,thu,480,80,660,54.1,2,3,5,11838100,2367620,bullish,980,850-1099,normal,0,0,0,,,estimated_rule,2009-10,bearish,2530,2200-2799
2009-W42,2009-10-12,2009-10-16,2009,42,76.29,76.67,75.21,75.6,1460,1350-1699,bearish,mon,thu,690,380,390,26.71,2,3,5,13059900,2611980,bearish,1220,1100-1349,cpi,1,1,0,2009-10-12,,estimated_rule,2009-10,bearish,2530,2200-2799
2009-W43,2009-10-19,2009-10-23,2009,43,75.57,75.91,74.94,75.47,970,850-1099,bearish,mon,wed,100,340,530,54.64,3,2,5,15323100,3064620,bearish,1460,1350-1699,normal,0,0,0,,,estimated_rule,2009-10,bearish,2530,2200-2799
2009-W44,2009-10-26,2009-10-30,2009,44,75.42,76.58,75.2,76.3,1380,1350-1699,bullish,thu,mon,880,280,220,79.71,4,1,5,29774100,5954820,bearish,970,850-1099,normal,0,0,0,,,estimated_rule,2009-10,bearish,2530,2200-2799
2009-W45,2009-11-02,2009-11-06,2009,45,76.39,76.82,75.5,75.82,1320,1100-1349,bearish,tue,fri,570,430,320,24.24,2,3,5,41578400,8315680,bullish,1380,1350-1699,nfp,1,0,1,,2009-11-06,estimated_rule,2009-11,bearish,2590,2200-2799
2009-W46,2009-11-09,2009-11-13,2009,46,75.68,75.77,74.77,75.33,1000,850-1099,bearish,thu,wed,350,90,560,56.0,3,2,5,29530800,5906160,bearish,1320,1100-1349,cpi,1,1,0,2009-11-11,,estimated_rule,2009-11,bearish,2590,2200-2799
2009-W47,2009-11-16,2009-11-20,2009,47,75.07,75.88,74.68,75.66,1200,1100-1349,bullish,fri,mon,590,220,390,81.67,3,2,5,22296600,4459320,bearish,1000,850-1099,normal,0,0,0,,,estimated_rule,2009-11,bearish,2590,2200-2799
2009-W48,2009-11-23,2009-11-27,2009,48,75.57,75.57,74.23,75.0,1340,1100-1349,bearish,mon,wed,570,0,770,57.46,1,3,4,19637000,4909250,bullish,1200,1100-1349,normal,0,0,0,,,estimated_rule,2009-11,bearish,2590,2200-2799
2009-W49,2009-11-30,2009-12-04,2009,49,74.86,75.94,74.27,75.91,1670,1350-1699,bullish,fri,tue,1050,30,590,98.2,4,1,5,26511400,5302280,bearish,1340,1100-1349,nfp,1,0,1,,2009-12-04,estimated_rule,2009-12,bullish,4180,3600-4799
2009-W50,2009-12-07,2009-12-11,2009,50,75.65,76.73,75.45,76.57,1280,1100-1349,bullish,fri,mon,920,160,200,87.5,4,1,5,36064300,7212860,bullish,1670,1350-1699,cpi,1,1,0,2009-12-11,,estimated_rule,2009-12,bullish,4180,3600-4799
2009-W51,2009-12-14,2009-12-18,2009,51,76.57,78.14,76.25,77.82,1890,1700-2199,bullish,fri,mon,1250,320,320,83.07,4,1,5,49940200,9988040,bullish,1280,1100-1349,normal,0,0,0,,,estimated_rule,2009-12,bullish,4180,3600-4799
2009-W52,2009-12-21,2009-12-24,2009,52,77.78,78.45,77.5,77.84,950,850-1099,bullish,tue,thu,60,610,280,35.79,2,2,4,19877700,4969425,bullish,1890,1700-2199,normal,0,0,0,,,estimated_rule,2009-12,bullish,4180,3600-4799
2009-W53,2009-12-28,2009-12-31,2009,53,77.74,78.22,77.33,77.86,890,850-1099,bullish,wed,tue,120,360,410,59.55,2,2,4,12861600,3215400,bullish,950,850-1099,nfp,1,0,1,,2010-01-01,estimated_rule,2009-12,bullish,4180,3600-4799
2010-W01,2010-01-04,2010-01-08,2010,1,77.93,78.19,77.09,77.47,1100,1100-1349,bearish,mon,tue,460,260,380,34.55,2,3,5,30177900,6035580,bullish,890,850-1099,normal,0,0,0,,,estimated_rule,2010-01,bullish,2900,2800-3599
2010-W02,2010-01-11,2010-01-15,2010,2,77.21,77.41,76.6,77.32,810,<850,bullish,fri,wed,110,90,610,88.89,1,4,5,34036700,6807340,bearish,1100,1100-1349,cpi,1,1,0,2010-01-11,,estimated_rule,2010-01,bullish,2900,2800-3599
2010-W03,2010-01-19,2010-01-22,2010,3,76.98,78.81,76.94,78.28,1870,1700-2199,bullish,thu,tue,1300,530,40,71.66,3,1,4,23638800,5909700,bullish,810,<850,normal,0,0,0,,,estimated_rule,2010-01,bullish,2900,2800-3599
2010-W04,2010-01-25,2010-01-29,2010,4,78.22,79.5,78.03,79.46,1470,1350-1699,bullish,fri,mon,1240,40,190,97.28,4,1,5,34502200,6900440,bullish,1870,1700-2199,normal,0,0,0,,,estimated_rule,2010-01,bullish,2900,2800-3599
2010-W05,2010-02-01,2010-02-05,2010,5,79.43,80.68,78.68,80.44,2000,1700-2199,bullish,fri,wed,1010,240,750,88.0,3,2,5,44617500,8923500,bullish,1470,1350-1699,nfp,1,0,1,,2010-02-05,estimated_rule,2010-02,bullish,2660,2200-2799
2010-W06,2010-02-08,2010-02-12,2010,6,80.42,80.75,79.56,80.32,1190,1100-1349,bearish,fri,tue,100,330,760,63.87,3,2,5,39333000,7866600,bullish,2000,1700-2199,cpi,1,1,0,2010-02-11,,estimated_rule,2010-02,bullish,2660,2200-2799
2010-W07,2010-02-16,2010-02-19,2010,7,80.39,81.34,79.56,80.64,1780,1700-2199,bullish,fri,wed,250,700,830,60.67,1,3,4,20197500,5049375,bearish,1190,1100-1349,normal,0,0,0,,,estimated_rule,2010-02,bullish,2660,2200-2799
2010-W08,2010-02-22,2010-02-26,2010,8,80.48,81.13,80.09,80.36,1040,850-1099,bearish,thu,tue,120,650,270,25.96,3,2,5,22333900,4466780,bullish,1780,1700-2199,normal,0,0,0,,,estimated_rule,2010-02,bullish,2660,2200-2799
2010-W09,2010-03-01,2010-03-05,2010,9,80.33,81.29,79.82,80.43,1470,1350-1699,bullish,tue,wed,100,860,510,41.5,2,3,5,24876800,4975360,bearish,1040,850-1099,nfp,1,0,1,,2010-03-05,estimated_rule,2010-03,bullish,2730,2200-2799
2010-W10,2010-03-08,2010-03-12,2010,10,80.4,80.86,79.69,79.83,1170,1100-1349,bearish,tue,fri,570,460,140,11.97,2,3,5,18396000,3679200,bullish,1470,1350-1699,cpi,1,1,0,2010-03-11,,estimated_rule,2010-03,bullish,2730,2200-2799
2010-W11,2010-03-15,2010-03-19,2010,11,79.83,80.89,79.51,80.72,1380,1350-1699,bullish,fri,wed,890,170,320,87.68,3,2,5,25101800,5020360,bearish,1170,1100-1349,normal,0,0,0,,,estimated_rule,2010-03,bullish,2730,2200-2799
2010-W12,2010-03-22,2010-03-26,2010,12,80.85,82.24,80.52,81.68,1720,1700-2199,bullish,thu,mon,830,560,330,67.44,3,2,5,26244800,5248960,bullish,1380,1350-1699,normal,0,0,0,,,estimated_rule,2010-03,bullish,2730,2200-2799
2010-W13,2010-03-29,2010-04-01,2010,13,81.45,81.7,80.68,80.78,1020,850-1099,bearish,wed,thu,670,250,100,9.8,1,3,4,16829400,4207350,bullish,1720,1700-2199,nfp,1,0,1,,2010-04-02,estimated_rule,2010-04,bullish,2680,2200-2799
2010-W14,2010-04-05,2010-04-09,2010,14,81.15,81.91,80.87,81.09,1040,850-1099,bearish,thu,fri,60,760,220,21.15,2,3,5,22914600,4582920,bearish,1020,850-1099,normal,0,0,0,,,estimated_rule,2010-04,bullish,2680,2200-2799
2010-W15,2010-04-12,2010-04-16,2010,15,80.36,80.91,80.03,80.82,880,850-1099,bullish,fri,wed,460,90,330,89.77,3,2,5,25596000,5119200,bearish,1040,850-1099,cpi,1,1,0,2010-04-12,,estimated_rule,2010-04,bullish,2680,2200-2799
2010-W16,2010-04-19,2010-04-23,2010,16,80.9,82.1,80.76,81.35,1340,1100-1349,bullish,fri,tue,450,750,140,44.03,4,1,5,11266500,2253300,bullish,880,850-1099,normal,0,0,0,,,estimated_rule,2010-04,bullish,2680,2200-2799
2010-W17,2010-04-26,2010-04-30,2010,17,81.47,82.71,81.17,81.87,1540,1350-1699,bullish,wed,mon,400,840,300,45.45,3,2,5,15036600,3007320,bullish,1340,1100-1349,normal,0,0,0,,,estimated_rule,2010-04,bullish,2680,2200-2799
2010-W18,2010-05-03,2010-05-07,2010,18,81.8,85.27,81.78,84.45,3490,>=2200,bullish,thu,mon,2650,820,20,76.5,4,1,5,48260000,9652000,bullish,1540,1350-1699,nfp,1,0,1,,2010-05-07,estimated_rule,2010-05,bullish,5680,>=4800
2010-W19,2010-05-10,2010-05-14,2010,19,83.91,86.29,82.91,86.1,3380,>=2200,bullish,fri,mon,2190,190,1000,94.38,5,0,5,23688400,4737680,bullish,3490,>=2200,cpi,1,1,0,2010-05-11,,estimated_rule,2010-05,bullish,5680,>=4800
2010-W20,2010-05-17,2010-05-21,2010,20,86.21,87.46,85.13,85.37,2330,>=2200,bearish,wed,fri,840,1250,240,10.3,2,3,5,33506700,6701340,bullish,3380,>=2200,normal,0,0,0,,,estimated_rule,2010-05,bullish,5680,>=4800
2010-W21,2010-05-24,2010-05-28,2010,21,85.66,87.45,85.6,86.48,1850,1700-2199,bullish,tue,mon,820,970,60,47.57,4,1,5,18356200,3671240,bearish,2330,>=2200,normal,0,0,0,,,estimated_rule,2010-05,bullish,5680,>=4800
2010-W22,2010-06-01,2010-06-04,2010,22,86.58,88.34,86.16,88.23,2180,1700-2199,bullish,fri,tue,1650,110,420,94.95,4,0,4,14624500,3656125,bullish,1850,1700-2199,nfp,1,0,1,,2010-06-04,estimated_rule,2010-06,bearish,3620,3600-4799
2010-W23,2010-06-07,2010-06-11,2010,23,88.45,88.71,86.94,87.51,1770,1700-2199,bearish,mon,fri,940,260,570,32.2,1,4,5,14581500,2916300,bullish,2180,1700-2199,cpi,1,1,0,2010-06-11,,estimated_rule,2010-06,bearish,3620,3600-4799
2010-W24,2010-06-14,2010-06-18,2010,24,86.96,87.02,85.45,85.7,1570,1350-1699,bearish,mon,fri,1260,60,250,15.92,1,4,5,15534800,3106960,bearish,1770,1700-2199,normal,0,0,0,,,estimated_rule,2010-06,bearish,3620,3600-4799
2010-W25,2010-06-21,2010-06-25,2010,25,85.4,86.42,85.09,85.31,1330,1100-1349,bearish,wed,mon,90,1020,220,16.54,2,3,5,12030000,2406000,bearish,1570,1350-1699,normal,0,0,0,,,estimated_rule,2010-06,bearish,3620,3600-4799
2010-W26,2010-06-28,2010-07-02,2010,26,85.34,86.3,84.13,84.43,2170,1700-2199,bearish,tue,fri,910,960,300,13.82,2,3,5,16145400,3229080,bearish,1330,1100-1349,nfp,1,0,1,,2010-07-02,estimated_rule,2010-07,bearish,4800,>=4800
2010-W27,2010-07-06,2010-07-09,2010,27,84.59,84.83,83.62,83.95,1210,1100-1349,bearish,tue,fri,640,240,330,27.27,1,3,4,12450300,3112575,bearish,2170,1700-2199,normal,0,0,0,,,estimated_rule,2010-07,bearish,4800,>=4800
2010-W28,2010-07-12,2010-07-16,2010,28,83.95,84.56,82.09,82.49,2470,>=2200,bearish,tue,fri,1460,610,400,16.19,2,3,5,17344300,3468860,bearish,1210,1100-1349,cpi,1,1,0,2010-07-12,,estimated_rule,2010-07,bearish,4800,>=4800
2010-W29,2010-07-19,2010-07-23,2010,29,82.69,83.45,82.18,82.46,1270,1100-1349,bearish,wed,tue,230,760,280,22.05,2,3,5,12723400,2544680,bearish,2470,>=2200,normal,0,0,0,,,estimated_rule,2010-07,bearish,4800,>=4800
2010-W30,2010-07-26,2010-07-30,2010,30,82.62,82.63,81.46,81.54,1170,1100-1349,bearish,mon,fri,1080,10,80,6.84,2,3,5,9633800,1926760,bearish,1270,1100-1349,normal,0,0,0,,,estimated_rule,2010-07,bearish,4800,>=4800
2010-W31,2010-08-02,2010-08-06,2010,31,81.52,81.56,80.09,80.41,1470,1350-1699,bearish,mon,fri,1110,40,320,21.77,1,4,5,18084200,3616840,bearish,1170,1100-1349,nfp,1,0,1,,2010-08-06,estimated_rule,2010-08,bullish,3470,2800-3599
2010-W32,2010-08-09,2010-08-13,2010,32,80.35,82.96,80.27,82.95,2690,>=2200,bullish,fri,mon,2600,10,80,99.63,5,0,5,19796200,3959240,bearish,1470,1350-1699,cpi,1,1,0,2010-08-11,,estimated_rule,2010-08,bullish,3470,2800-3599
2010-W33,2010-08-16,2010-08-20,2010,33,82.84,83.3,81.91,83.06,1390,1350-1699,bullish,fri,wed,220,240,930,82.73,2,3,5,11091100,2218220,bullish,2690,>=2200,normal,0,0,0,,,estimated_rule,2010-08,bullish,3470,2800-3599
2010-W34,2010-08-23,2010-08-27,2010,34,83.02,83.56,82.62,82.92,940,850-1099,bearish,tue,thu,100,540,300,31.91,1,4,5,17275600,3455120,bullish,1390,1350-1699,normal,0,0,0,,,estimated_rule,2010-08,bullish,3470,2800-3599
2010-W35,2010-08-30,2010-09-03,2010,35,82.81,83.34,81.99,83.1,1350,1350-1699,bullish,tue,fri,290,240,820,82.22,3,2,5,11744400,2348880,bearish,940,850-1099,nfp,1,0,1,,2010-09-03,estimated_rule,2010-09,bearish,4810,>=4800
2010-W36,2010-09-07,2010-09-10,2010,36,82.12,82.99,82.12,82.7,870,850-1099,bullish,fri,tue,580,290,0,66.67,2,2,4,5442900,1360725,bullish,1350,1350-1699,normal,0,0,0,,,estimated_rule,2010-09,bearish,4810,>=4800
2010-W37,2010-09-13,2010-09-17,2010,37,82.68,82.69,80.86,81.4,1830,1700-2199,bearish,mon,fri,1280,10,540,29.51,2,3,5,10914800,2182960,bullish,870,850-1099,cpi,1,1,0,2010-09-13,,estimated_rule,2010-09,bearish,4810,>=4800
2010-W38,2010-09-20,2010-09-24,2010,38,81.41,81.5,79.25,79.39,2250,>=2200,bearish,mon,fri,2020,90,140,6.22,1,4,5,17271800,3454360,bearish,1830,1700-2199,normal,0,0,0,,,estimated_rule,2010-09,bearish,4810,>=4800
2010-W39,2010-09-27,2010-10-01,2010,39,79.33,79.82,78.03,78.09,1790,1700-2199,bearish,tue,fri,1240,490,60,3.35,1,4,5,19753000,3950600,bearish,2250,>=2200,nfp,1,0,1,,2010-10-01,estimated_rule,2010-10,bearish,2690,2200-2799
2010-W40,2010-10-04,2010-10-08,2010,40,78.13,78.69,76.91,77.32,1780,1700-2199,bearish,tue,thu,810,560,410,23.03,1,4,5,17944300,3588860,bearish,1790,1700-2199,normal,0,0,0,,,estimated_rule,2010-10,bearish,2690,2200-2799
2010-W41,2010-10-11,2010-10-15,2010,41,77.06,77.93,76.14,77.04,1790,1700-2199,bearish,tue,fri,20,870,900,50.28,2,3,5,22574200,4514840,bearish,1780,1700-2199,cpi,1,1,0,2010-10-11,,estimated_rule,2010-10,bearish,2690,2200-2799
2010-W42,2010-10-18,2010-10-22,2010,42,77.03,78.36,76.84,77.47,1520,1350-1699,bullish,wed,thu,440,890,190,41.45,2,3,5,37093700,7418740,bearish,1790,1700-2199,normal,0,0,0,,,estimated_rule,2010-10,bearish,2690,2200-2799
2010-W43,2010-10-25,2010-10-29,2010,43,77.41,78.27,76.71,77.27,1560,1350-1699,bearish,wed,mon,140,860,560,35.9,2,3,5,36226000,7245200,bullish,1520,1350-1699,normal,0,0,0,,,estimated_rule,2010-10,bearish,2690,2200-2799
2010-W44,2010-11-01,2010-11-05,2010,44,76.95,77.42,75.63,76.55,1790,1700-2199,bearish,mon,thu,400,470,920,51.4,2,3,5,40231100,8046220,bearish,1560,1350-1699,nfp,1,0,1,,2010-11-05,estimated_rule,2010-11,bullish,5810,>=4800
2010-W45,2010-11-08,2010-11-12,2010,45,76.42,78.48,76.38,78.08,2100,1700-2199,bullish,fri,mon,1660,400,40,80.95,3,2,5,26598000,5319600,bearish,1790,1700-2199,cpi,1,1,0,2010-11-11,,estimated_rule,2010-11,bullish,5810,>=4800
2010-W46,2010-11-15,2010-11-19,2010,46,78.12,79.46,77.88,78.5,1580,1350-1699,bullish,tue,mon,380,960,240,39.24,2,3,5,21820400,4364080,bullish,2100,1700-2199,normal,0,0,0,,,estimated_rule,2010-11,bullish,5810,>=4800
2010-W47,2010-11-22,2010-11-26,2010,47,78.21,80.52,77.97,80.36,2550,>=2200,bullish,fri,mon,2150,160,240,93.73,4,0,4,19326700,4831675,bullish,1580,1350-1699,normal,0,0,0,,,estimated_rule,2010-11,bullish,5810,>=4800
2010-W48,2010-11-29,2010-12-03,2010,48,80.61,81.44,79.06,79.38,2380,>=2200,bearish,tue,fri,1230,830,320,13.45,2,3,5,36738000,7347600,bullish,2550,>=2200,nfp,1,0,1,,2010-12-03,estimated_rule,2010-12,bearish,2580,2200-2799
2010-W49,2010-12-06,2010-12-10,2010,49,79.2,80.4,79.17,80.07,1230,1100-1349,bullish,wed,mon,870,330,30,73.17,4,1,5,16047500,3209500,bearish,2380,>=2200,normal,0,0,0,,,estimated_rule,2010-12,bearish,2580,2200-2799
2010-W50,2010-12-13,2010-12-17,2010,50,80.23,80.63,78.83,80.37,1800,1700-2199,bullish,fri,tue,140,260,1400,85.56,3,2,5,28787300,5757460,bullish,1230,1100-1349,cpi,1,1,0,2010-12-13,,estimated_rule,2010-12,bearish,2580,2200-2799
2010-W51,2010-12-20,2010-12-23,2010,51,80.46,80.83,80.24,80.5,590,<850,bullish,thu,tue,40,330,220,44.07,3,1,4,15206900,3801725,bullish,1800,1700-2199,normal,0,0,0,,,estimated_rule,2010-12,bearish,2580,2200-2799
2010-W52,2010-12-27,2010-12-31,2010,52,80.66,80.66,78.78,79.03,1880,1700-2199,bearish,mon,fri,1630,0,250,13.3,1,4,5,10578200,2115640,bullish,590,<850,normal,0,0,0,,,estimated_rule,2010-12,bearish,2580,2200-2799
2011-W01,2011-01-03,2011-01-07,2011,1,79.06,81.14,78.89,81.01,2250,>=2200,bullish,fri,tue,1950,130,170,94.22,5,0,5,17757300,3551460,bearish,1880,1700-2199,nfp,1,0,1,,2011-01-07,estimated_rule,2011-01,bearish,3770,3600-4799
2011-W02,2011-01-10,2011-01-14,2011,2,81.16,81.31,78.81,79.16,2500,>=2200,bearish,mon,fri,2000,150,350,14.0,0,5,5,19562100,3912420,bullish,2250,>=2200,cpi,1,1,0,2011-01-11,,estimated_rule,2011-01,bearish,3770,3600-4799
2011-W03,2011-01-18,2011-01-21,2011,3,79.4,79.5,78.1,78.21,1400,1350-1699,bearish,tue,fri,1190,100,110,7.86,1,3,4,11702000,2925500,bearish,2500,>=2200,normal,0,0,0,,,estimated_rule,2011-01,bearish,3770,3600-4799
2011-W04,2011-01-24,2011-01-28,2011,4,78.14,78.51,77.59,78.13,920,850-1099,bearish,mon,thu,10,370,540,58.7,1,4,5,14274800,2854960,bearish,1400,1350-1699,normal,0,0,0,,,estimated_rule,2011-01,bearish,3770,3600-4799
2011-W05,2011-01-31,2011-02-04,2011,5,78.31,78.32,76.88,78.04,1440,1350-1699,bearish,mon,wed,270,10,1160,80.56,3,2,5,15484800,3096960,bearish,920,850-1099,nfp,1,0,1,,2011-02-04,estimated_rule,2011-02,bearish,2110,1600-2199
2011-W06,2011-02-07,2011-02-11,2011,6,78.07,78.7,77.5,78.46,1200,1100-1349,bullish,fri,wed,390,240,570,80.0,2,3,5,11999200,2399840,bearish,1440,1350-1699,cpi,1,1,0,2011-02-11,,estimated_rule,2011-02,bearish,2110,1600-2199
2011-W07,2011-02-14,2011-02-18,2011,7,78.55,78.87,77.53,77.66,1340,1100-1349,bearish,mon,fri,890,320,130,9.7,1,4,5,9150400,1830080,bullish,1200,1100-1349,normal,0,0,0,,,estimated_rule,2011-02,bearish,2110,1600-2199
2011-W08,2011-02-22,2011-02-25,2011,8,77.69,78.32,76.95,77.28,1370,1350-1699,bearish,tue,fri,410,630,330,24.09,2,2,4,8759000,2189750,bearish,1340,1100-1349,normal,0,0,0,,,estimated_rule,2011-02,bearish,2110,1600-2199
2011-W09,2011-02-28,2011-03-04,2011,9,77.3,77.39,76.28,76.4,1110,1100-1349,bearish,mon,fri,900,90,120,10.81,1,4,5,17136900,3427380,bearish,1370,1350-1699,nfp,1,0,1,,2011-03-04,estimated_rule,2011-03,bearish,2130,1600-2199
2011-W10,2011-03-07,2011-03-11,2011,10,76.38,77.38,76.12,76.78,1260,1100-1349,bullish,fri,mon,400,600,260,52.38,3,2,5,14220100,2844020,bearish,1110,1100-1349,cpi,1,1,0,2011-03-11,,estimated_rule,2011-03,bearish,2130,1600-2199
2011-W11,2011-03-14,2011-03-18,2011,11,76.48,77.04,75.54,75.72,1500,1350-1699,bearish,tue,fri,760,560,180,12.0,1,4,5,18348700,3669740,bullish,1260,1100-1349,normal,0,0,0,,,estimated_rule,2011-03,bearish,2130,1600-2199
2011-W12,2011-03-21,2011-03-25,2011,12,75.59,76.28,75.25,76.22,1030,850-1099,bullish,fri,tue,630,60,340,94.17,2,3,5,15043300,3008660,bearish,1500,1350-1699,normal,0,0,0,,,estimated_rule,2011-03,bearish,2130,1600-2199
2011-W13,2011-03-28,2011-04-01,2011,13,76.39,76.61,75.66,75.83,950,850-1099,bearish,fri,thu,560,220,170,17.89,1,4,5,8935800,1787160,bullish,1030,850-1099,nfp,1,0,1,,2011-04-01,estimated_rule,2011-04,bearish,3780,3600-4799
2011-W14,2011-04-04,2011-04-08,2011,14,75.89,76.15,74.84,75.07,1310,1100-1349,bearish,tue,fri,820,260,230,17.56,3,2,5,9938900,1987780,bearish,950,850-1099,normal,0,0,0,,,estimated_rule,2011-04,bearish,3780,3600-4799
2011-W15,2011-04-11,2011-04-15,2011,15,74.97,75.2,74.62,74.83,580,<850,bearish,tue,thu,140,230,210,36.21,3,2,5,13255800,2651160,bearish,1310,1100-1349,cpi,1,1,0,2011-04-11,,estimated_rule,2011-04,bearish,3780,3600-4799
2011-W16,2011-04-18,2011-04-21,2011,16,74.9,75.81,73.74,74.0,2070,1700-2199,bearish,mon,thu,900,910,260,12.56,1,3,4,12149300,3037325,bearish,580,<850,normal,0,0,0,,,estimated_rule,2011-04,bearish,3780,3600-4799
2011-W17,2011-04-25,2011-04-29,2011,17,74.1,74.34,72.83,72.93,1510,1350-1699,bearish,tue,fri,1170,240,100,6.62,0,5,5,26795300,5359060,bearish,2070,1700-2199,normal,0,0,0,,,estimated_rule,2011-04,bearish,3780,3600-4799
2011-W18,2011-05-02,2011-05-06,2011,18,73.06,74.93,72.7,74.84,2230,>=2200,bullish,fri,wed,1780,90,360,95.96,3,2,5,57827900,11565580,bearish,1510,1350-1699,nfp,1,0,1,,2011-05-06,estimated_rule,2011-05,bullish,3670,3600-4799
2011-W19,2011-05-09,2011-05-13,2011,19,74.81,75.95,74.4,75.76,1550,1350-1699,bullish,fri,wed,950,190,410,87.74,2,3,5,37169300,7433860,bullish,2230,>=2200,cpi,1,1,0,2011-05-11,,estimated_rule,2011-05,bullish,3670,3600-4799
2011-W20,2011-05-16,2011-05-20,2011,20,75.89,76.0,74.96,75.43,1040,850-1099,bearish,mon,fri,460,110,470,45.19,2,3,5,27615800,5523160,bullish,1550,1350-1699,normal,0,0,0,,,estimated_rule,2011-05,bullish,3670,3600-4799
2011-W21,2011-05-23,2011-05-27,2011,21,75.84,76.37,74.75,74.95,1620,1350-1699,bearish,mon,fri,890,530,200,12.35,1,4,5,23308000,4661600,bearish,1040,850-1099,normal,0,0,0,,,estimated_rule,2011-05,bullish,3670,3600-4799
2011-W22,2011-05-31,2011-06-03,2011,22,74.73,74.94,73.7,73.78,1240,1100-1349,bearish,wed,fri,950,210,80,6.45,1,3,4,23588600,5897150,bearish,1620,1350-1699,nfp,1,0,1,,2011-06-03,estimated_rule,2011-06,bearish,2510,2200-2799
2011-W23,2011-06-06,2011-06-10,2011,23,73.65,74.92,73.51,74.79,1410,1350-1699,bullish,fri,tue,1140,130,140,90.78,4,1,5,28596700,5719340,bearish,1240,1100-1349,normal,0,0,0,,,estimated_rule,2011-06,bearish,2510,2200-2799
2011-W24,2011-06-13,2011-06-17,2011,24,74.9,76.02,74.23,74.99,1790,1700-2199,bullish,thu,tue,90,1030,670,42.46,2,3,5,26123600,5224720,bullish,1410,1350-1699,cpi,1,1,0,2011-06-13,,estimated_rule,2011-06,bearish,2510,2200-2799
2011-W25,2011-06-20,2011-06-24,2011,25,75.11,75.79,74.5,75.67,1290,1100-1349,bullish,thu,wed,560,120,610,90.7,3,2,5,23294400,4658880,bullish,1790,1700-2199,normal,0,0,0,,,estimated_rule,2011-06,bearish,2510,2200-2799
2011-W26,2011-06-27,2011-07-01,2011,26,75.67,75.99,74.2,74.35,1790,1700-2199,bearish,mon,fri,1320,320,150,8.38,0,5,5,19472900,3894580,bullish,1290,1100-1349,nfp,1,0,1,,2011-07-01,estimated_rule,2011-07,bearish,3300,2800-3599
2011-W27,2011-07-05,2011-07-08,2011,27,74.24,75.42,74.21,75.18,1210,1100-1349,bullish,fri,tue,940,240,30,80.17,3,1,4,13459500,3364875,bearish,1790,1700-2199,normal,0,0,0,,,estimated_rule,2011-07,bearish,3300,2800-3599
2011-W28,2011-07-11,2011-07-15,2011,28,75.33,76.72,74.65,75.13,2070,1700-2199,bearish,tue,thu,200,1390,480,23.19,2,3,5,24632900,4926580,bullish,1210,1100-1349,cpi,1,1,0,2011-07-11,,estimated_rule,2011-07,bearish,3300,2800-3599
2011-W29,2011-07-18,2011-07-22,2011,29,75.24,75.75,73.89,74.2,1860,1700-2199,bearish,mon,thu,1040,510,310,16.67,2,3,5,24808300,4961660,bearish,2070,1700-2199,normal,0,0,0,,,estimated_rule,2011-07,bearish,3300,2800-3599
2011-W30,2011-07-25,2011-07-29,2011,30,74.12,74.51,73.42,73.9,1090,850-1099,bearish,fri,wed,220,390,480,44.04,2,3,5,17919300,3583860,bearish,1860,1700-2199,normal,0,0,0,,,estimated_rule,2011-07,bearish,3300,2800-3599
2011-W31,2011-08-01,2011-08-05,2011,31,73.92,75.42,73.58,74.6,1840,1700-2199,bullish,fri,mon,680,820,340,55.43,3,2,5,31192300,6238460,bearish,1090,850-1099,nfp,1,0,1,,2011-08-05,estimated_rule,2011-08,bullish,1970,1600-2199
2011-W32,2011-08-08,2011-08-12,2011,32,74.47,75.06,73.82,74.61,1240,1100-1349,bullish,thu,wed,140,450,650,63.71,2,3,5,24162300,4832460,bullish,1840,1700-2199,cpi,1,1,0,2011-08-11,,estimated_rule,2011-08,bullish,1970,1600-2199
2011-W33,2011-08-15,2011-08-19,2011,33,74.52,74.61,73.45,73.99,1160,1100-1349,bearish,mon,wed,530,90,540,46.55,2,3,5,16026300,3205260,bullish,1240,1100-1349,normal,0,0,0,,,estimated_rule,2011-08,bullish,1970,1600-2199
2011-W34,2011-08-22,2011-08-26,2011,34,74.12,74.46,73.57,73.81,890,850-1099,bearish,fri,tue,310,340,240,26.97,2,3,5,14525300,2905060,bearish,1160,1100-1349,normal,0,0,0,,,estimated_rule,2011-08,bullish,1970,1600-2199
2011-W35,2011-08-29,2011-09-02,2011,35,73.74,74.76,73.52,74.75,1240,1100-1349,bullish,fri,mon,1010,10,220,99.19,4,1,5,9769900,1953980,bearish,890,850-1099,nfp,1,0,1,,2011-09-02,estimated_rule,2011-09,bullish,4720,3600-4799
2011-W36,2011-09-06,2011-09-09,2011,36,75.26,77.27,74.67,77.19,2600,>=2200,bullish,fri,tue,1930,80,590,96.92,3,1,4,28858900,7214725,bullish,1240,1100-1349,normal,0,0,0,,,estimated_rule,2011-09,bullish,4720,3600-4799
2011-W37,2011-09-12,2011-09-16,2011,37,77.37,77.78,76.06,76.58,1720,1700-2199,bearish,mon,thu,790,410,520,30.23,2,3,5,46051900,9210380,bullish,2600,>=2200,cpi,1,1,0,2011-09-12,,estimated_rule,2011-09,bullish,4720,3600-4799
2011-W38,2011-09-19,2011-09-23,2011,38,77.44,78.79,76.79,78.3,2000,1700-2199,bullish,thu,wed,860,490,650,75.5,2,3,5,41016200,8203240,bearish,1720,1700-2199,normal,0,0,0,,,estimated_rule,2011-09,bullish,4720,3600-4799
2011-W39,2011-09-26,2011-09-30,2011,39,78.08,78.86,77.3,78.55,1560,1350-1699,bullish,mon,wed,470,310,780,80.13,3,2,5,36001500,7200300,bullish,2000,1700-2199,normal,0,0,0,,,estimated_rule,2011-09,bullish,4720,3600-4799
2011-W40,2011-10-03,2011-10-07,2011,40,78.93,79.83,78.06,78.72,1770,1700-2199,bearish,wed,fri,210,900,660,37.29,3,2,5,42016200,8403240,bullish,1560,1350-1699,nfp,1,0,1,,2011-10-07,estimated_rule,2011-10,bearish,5110,>=4800
2011-W41,2011-10-10,2011-10-14,2011,41,78.74,78.77,76.5,76.62,2270,>=2200,bearish,mon,fri,2120,30,120,5.29,0,5,5,27403200,5480640,bearish,1770,1700-2199,cpi,1,1,0,2011-10-11,,estimated_rule,2011-10,bearish,5110,>=4800
2011-W42,2011-10-17,2011-10-21,2011,42,76.58,77.55,76.24,76.3,1310,1100-1349,bearish,tue,fri,280,970,60,4.58,1,4,5,40836600,8167320,bearish,2270,>=2200,normal,0,0,0,,,estimated_rule,2011-10,bearish,5110,>=4800
2011-W43,2011-10-24,2011-10-28,2011,43,76.47,76.66,74.72,75.09,1940,1700-2199,bearish,wed,thu,1380,190,370,19.07,2,3,5,39052400,7810480,bearish,1310,1100-1349,normal,0,0,0,,,estimated_rule,2011-10,bearish,5110,>=4800
2011-W44,2011-10-31,2011-11-04,2011,44,75.09,77.67,74.98,76.91,2690,>=2200,bullish,tue,mon,1820,760,110,71.75,3,2,5,28212700,5642540,bearish,1940,1700-2199,nfp,1,0,1,,2011-11-04,estimated_rule,2011-11,bullish,4720,3600-4799
2011-W45,2011-11-07,2011-11-11,2011,45,76.92,78.17,76.51,76.94,1660,1350-1699,bullish,thu,wed,20,1230,410,25.9,2,3,5,19406200,3881240,bullish,2690,>=2200,cpi,1,1,0,2011-11-11,,estimated_rule,2011-11,bullish,4720,3600-4799
2011-W46,2011-11-14,2011-11-18,2011,46,76.76,78.47,76.64,78.02,1830,1700-2199,bullish,thu,mon,1260,450,120,75.41,3,2,5,26834800,5366960,bullish,1660,1350-1699,normal,0,0,0,,,estimated_rule,2011-11,bullish,4720,3600-4799
2011-W47,2011-11-21,2011-11-25,2011,47,77.98,79.7,77.97,79.61,1730,1700-2199,bullish,fri,mon,1630,90,10,94.8,3,1,4,23172500,5793125,bullish,1830,1700-2199,normal,0,0,0,,,estimated_rule,2011-11,bullish,4720,3600-4799
2011-W48,2011-11-28,2011-12-02,2011,48,79.24,79.4,77.92,78.63,1480,1350-1699,bearish,mon,wed,610,160,710,47.97,2,3,5,18375500,3675100,bullish,1730,1700-2199,nfp,1,0,1,,2011-12-02,estimated_rule,2011-12,bullish,2930,2800-3599
2011-W49,2011-12-05,2011-12-09,2011,49,78.57,79.1,78.1,78.63,1000,850-1099,bullish,fri,thu,60,470,470,53.0,2,3,5,15590900,3118180,bearish,1480,1350-1699,normal,0,0,0,,,estimated_rule,2011-12,bullish,2930,2800-3599
2011-W50,2011-12-12,2011-12-16,2011,50,78.72,80.73,78.63,80.25,2100,1700-2199,bullish,wed,mon,1530,480,90,77.14,4,1,5,24317700,4863540,bullish,1000,850-1099,cpi,1,1,0,2011-12-12,,estimated_rule,2011-12,bullish,2930,2800-3599
2011-W51,2011-12-19,2011-12-23,2011,51,80.19,80.49,79.24,80.01,1250,1100-1349,bearish,mon,wed,180,300,770,61.6,3,2,5,10944000,2188800,bullish,2100,1700-2199,normal,0,0,0,,,estimated_rule,2011-12,bullish,2930,2800-3599
2011-W52,2011-12-27,2011-12-30,2011,52,79.93,80.85,79.7,80.17,1150,1100-1349,bullish,thu,wed,240,680,230,40.87,1,3,4,16453800,4113450,bearish,1250,1100-1349,normal,0,0,0,,,estimated_rule,2011-12,bullish,2930,2800-3599
2012-W01,2012-01-03,2012-01-06,2012,1,80.23,81.37,79.51,81.24,1860,1700-2199,bullish,fri,tue,1010,130,720,93.01,3,1,4,26669900,6667475,bullish,1150,1100-1349,nfp,1,0,1,,2012-01-06,estimated_rule,2012-01,bearish,3040,2800-3599
2012-W02,2012-01-09,2012-01-13,2012,2,81.43,81.78,80.53,81.43,1250,1100-1349,bullish,fri,fri,0,350,900,72.0,2,3,5,22217300,4443460,bullish,1860,1700-2199,cpi,1,1,0,2012-01-11,,estimated_rule,2012-01,bearish,3040,2800-3599
2012-W03,2012-01-17,2012-01-20,2012,3,81.42,81.7,79.99,80.22,1710,1700-2199,bearish,tue,fri,1200,280,230,13.45,1,3,4,18570800,4642700,bullish,1250,1100-1349,normal,0,0,0,,,estimated_rule,2012-01,bearish,3040,2800-3599
2012-W04,2012-01-23,2012-01-27,2012,4,80.37,80.39,78.77,78.9,1620,1350-1699,bearish,mon,fri,1470,20,130,8.02,1,4,5,29531800,5906360,bearish,1710,1700-2199,normal,0,0,0,,,estimated_rule,2012-01,bearish,3040,2800-3599
2012-W05,2012-01-30,2012-02-03,2012,5,78.9,79.57,78.62,78.94,950,850-1099,bullish,wed,wed,40,630,280,33.68,3,2,5,18133500,3626700,bearish,1620,1350-1699,nfp,1,0,1,,2012-02-03,estimated_rule,2012-02,bearish,2020,1600-2199
2012-W06,2012-02-06,2012-02-10,2012,6,79.07,79.52,78.36,79.11,1160,1100-1349,bullish,mon,thu,40,410,710,64.66,3,2,5,20496300,4099260,bullish,950,850-1099,normal,0,0,0,,,estimated_rule,2012-02,bearish,2020,1600-2199
2012-W07,2012-02-13,2012-02-17,2012,7,78.83,80.11,78.6,79.33,1510,1350-1699,bullish,thu,mon,500,780,230,48.34,3,2,5,18263300,3652660,bullish,1160,1100-1349,cpi,1,1,0,2012-02-13,,estimated_rule,2012-02,bearish,2020,1600-2199
2012-W08,2012-02-21,2012-02-24,2012,8,79.12,79.38,78.22,78.35,1160,1100-1349,bearish,wed,fri,770,260,130,11.21,1,3,4,18497400,4624350,bullish,1510,1350-1699,normal,0,0,0,,,estimated_rule,2012-02,bearish,2020,1600-2199
2012-W09,2012-02-27,2012-03-02,2012,9,78.39,79.45,78.09,79.4,1360,1350-1699,bullish,fri,wed,1010,50,300,96.32,4,1,5,22100600,4420120,bearish,1160,1100-1349,nfp,1,0,1,,2012-03-02,estimated_rule,2012-03,bullish,2640,2200-2799
2012-W10,2012-03-05,2012-03-09,2012,10,79.46,80.06,79.07,80.04,990,850-1099,bullish,fri,thu,580,20,390,97.98,2,3,5,15351700,3070340,bullish,1360,1350-1699,normal,0,0,0,,,estimated_rule,2012-03,bullish,2640,2200-2799
2012-W11,2012-03-12,2012-03-16,2012,11,79.98,80.73,79.67,79.78,1060,850-1099,bearish,thu,tue,200,750,110,10.38,2,3,5,26634800,5326960,bullish,990,850-1099,cpi,1,1,0,2012-03-12,,estimated_rule,2012-03,bullish,2640,2200-2799
2012-W12,2012-03-19,2012-03-23,2012,12,79.76,79.94,79.21,79.34,730,<850,bearish,fri,fri,420,180,130,17.81,3,2,5,15403900,3080780,bearish,1060,850-1099,normal,0,0,0,,,estimated_rule,2012-03,bullish,2640,2200-2799
2012-W13,2012-03-26,2012-03-30,2012,13,79.32,79.72,78.72,78.93,1000,850-1099,bearish,mon,fri,390,400,210,21.0,3,2,5,13978600,2795720,bearish,730,<850,normal,0,0,0,,,estimated_rule,2012-03,bullish,2640,2200-2799
2012-W14,2012-04-02,2012-04-05,2012,14,78.81,80.17,78.66,80.07,1510,1350-1699,bullish,thu,tue,1260,100,150,93.38,4,0,4,9120400,2280100,bearish,1000,850-1099,nfp,1,0,1,,2012-04-06,estimated_rule,2012-04,bearish,1540,<1600
2012-W15,2012-04-09,2012-04-13,2012,15,79.9,80.09,79.2,79.88,890,850-1099,bearish,mon,thu,20,190,680,76.4,2,3,5,9031600,1806320,bullish,1510,1350-1699,cpi,1,1,0,2012-04-11,,estimated_rule,2012-04,bearish,1540,<1600
2012-W16,2012-04-16,2012-04-20,2012,16,79.9,80.17,79.12,79.18,1050,850-1099,bearish,mon,fri,720,270,60,5.71,0,5,5,7790800,1558160,bearish,890,850-1099,normal,0,0,0,,,estimated_rule,2012-04,bearish,1540,<1600
2012-W17,2012-04-23,2012-04-27,2012,17,79.24,79.64,78.67,78.7,970,850-1099,bearish,mon,fri,540,400,30,3.09,2,3,5,6537900,1307580,bearish,1050,850-1099,normal,0,0,0,,,estimated_rule,2012-04,bearish,1540,<1600
2012-W18,2012-04-30,2012-05-04,2012,18,78.77,79.52,78.6,79.47,920,850-1099,bullish,fri,tue,700,50,170,94.57,5,0,5,4666600,933320,bearish,970,850-1099,nfp,1,0,1,,2012-05-04,estimated_rule,2012-05,bullish,4610,3600-4799
2012-W19,2012-05-07,2012-05-11,2012,19,79.91,80.33,79.5,80.28,830,<850,bullish,fri,mon,370,50,410,93.98,4,1,5,8150700,1630140,bullish,920,850-1099,cpi,1,1,0,2012-05-11,,estimated_rule,2012-05,bullish,4610,3600-4799
2012-W20,2012-05-14,2012-05-18,2012,20,80.41,81.75,80.22,81.29,1530,1350-1699,bullish,fri,mon,880,460,190,69.93,3,2,5,20803300,4160660,bullish,830,<850,normal,0,0,0,,,estimated_rule,2012-05,bullish,4610,3600-4799
2012-W21,2012-05-21,2012-05-25,2012,21,81.22,82.46,80.89,82.4,1570,1350-1699,bullish,fri,mon,1180,60,330,96.18,4,1,5,14455600,2891120,bullish,1530,1350-1699,normal,0,0,0,,,estimated_rule,2012-05,bullish,4610,3600-4799
2012-W22,2012-05-29,2012-06-01,2012,22,82.24,83.54,82.03,82.89,1510,1350-1699,bullish,fri,tue,650,650,210,56.95,2,2,4,16095200,4023800,bullish,1570,1350-1699,nfp,1,0,1,,2012-06-01,estimated_rule,2012-06,bearish,2380,2200-2799
2012-W23,2012-06-04,2012-06-08,2012,23,82.47,83.07,81.91,82.51,1160,1100-1349,bullish,mon,thu,40,560,560,51.72,3,2,5,11244400,2248880,bullish,1510,1350-1699,normal,0,0,0,,,estimated_rule,2012-06,bearish,2380,2200-2799
2012-W24,2012-06-11,2012-06-15,2012,24,81.85,82.72,81.48,81.59,1240,1100-1349,bearish,tue,fri,260,870,110,8.87,1,4,5,8055100,1611020,bullish,1160,1100-1349,cpi,1,1,0,2012-06-11,,estimated_rule,2012-06,bearish,2380,2200-2799
2012-W25,2012-06-18,2012-06-22,2012,25,81.31,82.46,81.16,82.22,1300,1100-1349,bullish,fri,mon,910,240,150,81.54,3,2,5,11346200,2269240,bearish,1240,1100-1349,normal,0,0,0,,,estimated_rule,2012-06,bearish,2380,2200-2799
2012-W26,2012-06-25,2012-06-29,2012,26,82.34,82.87,81.43,81.65,1440,1350-1699,bearish,thu,fri,690,530,220,15.28,3,2,5,8562600,1712520,bullish,1300,1100-1349,normal,0,0,0,,,estimated_rule,2012-06,bearish,2380,2200-2799
2012-W27,2012-07-02,2012-07-06,2012,27,81.64,83.43,81.51,83.29,1920,1700-2199,bullish,fri,mon,1650,140,130,92.71,3,1,4,6936500,1734125,bearish,1440,1350-1699,nfp,1,0,1,,2012-07-06,estimated_rule,2012-07,bullish,2590,2200-2799
2012-W28,2012-07-09,2012-07-13,2012,28,83.33,83.82,82.97,83.3,850,850-1099,bearish,thu,tue,30,490,330,38.82,3,2,5,12008800,2401760,bullish,1920,1700-2199,cpi,1,1,0,2012-07-11,,estimated_rule,2012-07,bullish,2590,2200-2799
2012-W29,2012-07-16,2012-07-20,2012,29,83.25,83.64,82.73,83.47,910,850-1099,bullish,mon,thu,220,170,520,81.32,1,4,5,9788100,1957620,bearish,850,850-1099,normal,0,0,0,,,estimated_rule,2012-07,bullish,2590,2200-2799
2012-W30,2012-07-23,2012-07-27,2012,30,83.66,84.1,82.34,82.71,1760,1700-2199,bearish,tue,fri,950,440,370,21.02,3,2,5,10914600,2182920,bullish,910,850-1099,normal,0,0,0,,,estimated_rule,2012-07,bullish,2590,2200-2799
2012-W31,2012-07-30,2012-08-03,2012,31,82.69,83.51,82.2,82.38,1310,1100-1349,bearish,thu,thu,310,820,180,13.74,3,2,5,7401600,1480320,bearish,1760,1700-2199,nfp,1,0,1,,2012-08-03,estimated_rule,2012-08,bearish,2550,2200-2799
2012-W32,2012-08-06,2012-08-10,2012,32,82.33,82.87,82.04,82.55,830,<850,bullish,fri,tue,220,320,290,61.45,2,3,5,7593500,1518700,bearish,1310,1100-1349,normal,0,0,0,,,estimated_rule,2012-08,bearish,2550,2200-2799
2012-W33,2012-08-13,2012-08-17,2012,33,82.58,82.88,82.2,82.6,680,<850,bullish,thu,tue,20,280,380,58.82,3,2,5,5609700,1121940,bullish,830,<850,cpi,1,1,0,2012-08-13,,estimated_rule,2012-08,bearish,2550,2200-2799
2012-W34,2012-08-20,2012-08-24,2012,34,82.59,82.72,81.22,81.59,1500,1350-1699,bearish,mon,thu,1000,130,370,24.67,1,4,5,8870100,1774020,bullish,680,<850,normal,0,0,0,,,estimated_rule,2012-08,bearish,2550,2200-2799
2012-W35,2012-08-27,2012-08-31,2012,35,81.57,81.82,80.96,81.25,860,850-1099,bearish,tue,fri,320,250,290,33.72,3,2,5,6725300,1345060,bearish,1500,1350-1699,normal,0,0,0,,,estimated_rule,2012-08,bearish,2550,2200-2799
2012-W36,2012-09-04,2012-09-07,2012,36,81.24,81.67,80.15,80.25,1520,1350-1699,bearish,wed,fri,990,430,100,6.58,1,3,4,10298800,2574700,bearish,860,850-1099,nfp,1,0,1,,2012-09-07,estimated_rule,2012-09,bearish,3070,2800-3599
2012-W37,2012-09-10,2012-09-14,2012,37,80.17,80.43,78.6,78.85,1830,1700-2199,bearish,mon,fri,1320,260,250,13.66,1,4,5,17544100,3508820,bearish,1520,1350-1699,cpi,1,1,0,2012-09-11,,estimated_rule,2012-09,bearish,3070,2800-3599
2012-W38,2012-09-17,2012-09-21,2012,38,78.87,79.66,78.72,79.33,940,850-1099,bullish,thu,mon,460,330,150,64.89,3,2,5,8218100,1643620,bearish,1830,1700-2199,normal,0,0,0,,,estimated_rule,2012-09,bearish,3070,2800-3599
2012-W39,2012-09-24,2012-09-28,2012,39,79.4,80.01,79.05,79.94,960,850-1099,bullish,wed,mon,540,70,350,92.71,4,1,5,5463100,1092620,bullish,940,850-1099,normal,0,0,0,,,estimated_rule,2012-09,bearish,3070,2800-3599
2012-W40,2012-10-01,2012-10-05,2012,40,80.0,80.15,79.1,79.34,1050,850-1099,bearish,mon,fri,660,150,240,22.86,1,4,5,7575300,1515060,bullish,960,850-1099,nfp,1,0,1,,2012-10-05,estimated_rule,2012-10,bearish,1340,<1600
2012-W41,2012-10-08,2012-10-12,2012,41,79.39,80.21,79.32,79.69,890,850-1099,bullish,thu,mon,300,520,70,41.57,2,3,5,4503300,900660,bearish,1050,850-1099,cpi,1,1,0,2012-10-11,,estimated_rule,2012-10,bearish,1340,<1600
2012-W42,2012-10-15,2012-10-19,2012,42,79.71,79.97,78.94,79.64,1030,850-1099,bearish,mon,wed,70,260,700,67.96,3,2,5,5572100,1114420,bullish,890,850-1099,normal,0,0,0,,,estimated_rule,2012-10,bearish,1340,<1600
2012-W43,2012-10-22,2012-10-26,2012,43,79.62,80.27,79.47,80.07,800,<850,bullish,fri,mon,450,200,150,75.0,4,1,5,3748700,749740,bearish,1030,850-1099,normal,0,0,0,,,estimated_rule,2012-10,bearish,1340,<1600
2012-W44,2012-10-31,2012-11-02,2012,44,79.92,80.61,79.67,80.59,940,850-1099,bullish,fri,wed,670,20,250,97.87,3,0,3,4351800,1450600,bullish,800,<850,nfp,1,0,1,,2012-11-02,estimated_rule,2012-11,bullish,1790,1600-2199
2012-W45,2012-11-05,2012-11-09,2012,45,80.63,81.09,80.28,81.03,810,<850,bullish,fri,wed,400,60,350,92.59,3,2,5,6543900,1308780,bullish,940,850-1099,normal,0,0,0,,,estimated_rule,2012-11,bullish,1790,1600-2199
2012-W46,2012-11-12,2012-11-16,2012,46,81.0,81.46,80.9,81.26,560,<850,bullish,fri,wed,260,200,100,64.29,3,2,5,7180200,1436040,bullish,810,<850,cpi,1,1,0,2012-11-12,,estimated_rule,2012-11,bullish,1790,1600-2199
2012-W47,2012-11-19,2012-11-23,2012,47,81.16,81.27,80.13,80.19,1140,1100-1349,bearish,wed,fri,970,110,60,5.26,1,3,4,3841800,960450,bullish,560,<850,normal,0,0,0,,,estimated_rule,2012-11,bullish,1790,1600-2199
2012-W48,2012-11-26,2012-11-30,2012,48,80.26,80.59,80.02,80.15,570,<850,bearish,wed,tue,110,330,130,22.81,1,4,5,3199800,639960,bearish,1140,1100-1349,normal,0,0,0,,,estimated_rule,2012-11,bullish,1790,1600-2199
2012-W49,2012-12-03,2012-12-07,2012,49,80.18,80.66,79.57,80.42,1090,850-1099,bullish,fri,wed,240,240,610,77.98,3,2,5,5749400,1149880,bearish,570,<850,nfp,1,0,1,,2012-12-07,estimated_rule,2012-12,bearish,1650,1600-2199
2012-W50,2012-12-10,2012-12-14,2012,50,80.49,80.66,79.5,79.6,1160,1100-1349,bearish,mon,fri,890,170,100,8.62,1,4,5,7116700,1423340,bullish,1090,850-1099,cpi,1,1,0,2012-12-11,,estimated_rule,2012-12,bearish,1650,1600-2199
2012-W51,2012-12-17,2012-12-21,2012,51,79.63,79.7,79.01,79.62,690,<850,bearish,mon,wed,10,70,610,88.41,1,4,5,9340700,1868140,bearish,1160,1100-1349,normal,0,0,0,,,estimated_rule,2012-12,bearish,1650,1600-2199
2012-W52,2012-12-24,2012-12-28,2012,52,79.62,79.93,79.36,79.68,570,<850,bullish,fri,thu,60,250,260,56.14,3,1,4,1801100,450275,bearish,690,<850,normal,0,0,0,,,estimated_rule,2012-12,bearish,1650,1600-2199
2013-W01,2012-12-31,2013-01-04,2013,1,79.62,80.87,79.28,80.5,1590,1350-1699,bullish,fri,wed,880,370,340,76.73,3,1,4,3641300,910325,bullish,570,<850,nfp,1,0,1,,2013-01-04,estimated_rule,2013-01,bearish,1740,1600-2199
2013-W02,2013-01-07,2013-01-11,2013,2,80.51,80.87,79.44,79.56,1430,1350-1699,bearish,mon,fri,950,360,120,8.39,2,3,5,7363100,1472620,bullish,1590,1350-1699,cpi,1,1,0,2013-01-11,,estimated_rule,2013-01,bearish,1740,1600-2199
2013-W03,2013-01-14,2013-01-18,2013,3,79.53,80.19,79.35,80.05,840,<850,bullish,fri,mon,520,140,180,83.33,3,2,5,4844400,968880,bearish,1430,1350-1699,normal,0,0,0,,,estimated_rule,2013-01,bearish,1740,1600-2199
2013-W04,2013-01-22,2013-01-25,2013,4,80.06,80.15,79.68,79.75,470,<850,bearish,thu,fri,310,90,70,14.89,1,3,4,2747800,686950,bullish,840,<850,normal,0,0,0,,,estimated_rule,2013-01,bearish,1740,1600-2199
2013-W05,2013-01-28,2013-02-01,2013,5,79.79,79.93,78.92,79.13,1010,850-1099,bearish,mon,fri,660,140,210,20.79,1,4,5,6628100,1325620,bearish,470,<850,nfp,1,0,1,,2013-02-01,estimated_rule,2013-02,bullish,3070,2800-3599
2013-W06,2013-02-04,2013-02-08,2013,6,79.19,80.28,78.92,80.25,1360,1350-1699,bullish,thu,mon,1060,30,270,97.79,4,1,5,4296500,859300,bearish,1010,850-1099,normal,0,0,0,,,estimated_rule,2013-02,bullish,3070,2800-3599
2013-W07,2013-02-11,2013-02-15,2013,7,80.21,80.62,79.84,80.58,780,<850,bullish,thu,wed,370,40,370,94.87,4,1,5,3384600,676920,bullish,1360,1350-1699,cpi,1,1,0,2013-02-11,,estimated_rule,2013-02,bullish,3070,2800-3599
2013-W08,2013-02-19,2013-02-22,2013,8,80.64,81.59,80.27,81.48,1320,1100-1349,bullish,fri,wed,840,110,370,91.67,3,1,4,4151500,1037875,bullish,780,<850,normal,0,0,0,,,estimated_rule,2013-02,bullish,3070,2800-3599
2013-W09,2013-02-25,2013-03-01,2013,9,81.62,82.51,81.07,82.31,1440,1350-1699,bullish,fri,mon,690,200,550,86.11,4,1,5,10500000,2100000,bullish,1320,1100-1349,nfp,1,0,1,,2013-03-01,estimated_rule,2013-03,bullish,1830,1600-2199
2013-W10,2013-03-04,2013-03-08,2013,10,82.3,82.92,81.9,82.7,1020,850-1099,bullish,fri,tue,400,220,400,78.43,2,3,5,5079800,1015960,bullish,1440,1350-1699,normal,0,0,0,,,estimated_rule,2013-03,bullish,1830,1600-2199
2013-W11,2013-03-11,2013-03-15,2013,11,82.81,83.17,82.05,82.26,1120,1100-1349,bearish,thu,fri,550,360,210,18.75,1,4,5,3360400,672080,bullish,1020,850-1099,cpi,1,1,0,2013-03-11,,estimated_rule,2013-03,bullish,1830,1600-2199
2013-W12,2013-03-18,2013-03-22,2013,12,82.79,83.1,82.29,82.53,810,<850,bearish,tue,fri,260,310,240,29.63,1,4,5,5690500,1138100,bearish,1120,1100-1349,normal,0,0,0,,,estimated_rule,2013-03,bullish,1830,1600-2199
2013-W13,2013-03-25,2013-03-28,2013,13,82.45,83.3,82.15,82.99,1150,1100-1349,bullish,wed,mon,540,310,300,73.04,2,2,4,2949700,737425,bearish,810,<850,normal,0,0,0,,,estimated_rule,2013-03,bullish,1830,1600-2199
2013-W14,2013-04-01,2013-04-05,2013,14,83.04,83.49,82.27,82.5,1220,1100-1349,bearish,thu,fri,540,450,230,18.85,4,1,5,3058400,611680,bullish,1150,1100-1349,nfp,1,0,1,,2013-04-05,estimated_rule,2013-04,bearish,1890,1600-2199
2013-W15,2013-04-08,2013-04-12,2013,15,82.49,82.83,82.05,82.31,780,<850,bearish,mon,fri,180,340,260,33.33,5,0,5,4567800,913560,bearish,1220,1100-1349,cpi,1,1,0,2013-04-11,,estimated_rule,2013-04,bearish,1890,1600-2199
2013-W16,2013-04-15,2013-04-19,2013,16,81.96,82.78,81.72,82.71,1060,850-1099,bullish,fri,tue,750,70,240,93.4,4,1,5,4852900,970580,bearish,780,<850,normal,0,0,0,,,estimated_rule,2013-04,bearish,1890,1600-2199
2013-W17,2013-04-22,2013-04-26,2013,17,82.31,83.19,82.31,82.48,880,850-1099,bullish,wed,mon,170,710,0,19.32,3,2,5,4974500,994900,bullish,1060,850-1099,normal,0,0,0,,,estimated_rule,2013-04,bearish,1890,1600-2199
2013-W18,2013-04-29,2013-05-03,2013,18,82.04,82.52,81.33,82.1,1190,1100-1349,bullish,fri,wed,60,420,710,64.71,2,3,5,5522200,1104440,bullish,880,850-1099,nfp,1,0,1,,2013-05-03,estimated_rule,2013-05,bullish,3170,2800-3599
2013-W19,2013-05-06,2013-05-10,2013,19,81.98,83.44,81.72,83.14,1720,1700-2199,bullish,fri,wed,1160,300,260,82.56,4,1,5,2273100,454620,bullish,1190,1100-1349,normal,0,0,0,,,estimated_rule,2013-05,bullish,3170,2800-3599
2013-W20,2013-05-13,2013-05-17,2013,20,83.24,84.37,82.96,84.28,1410,1350-1699,bullish,fri,tue,1040,90,280,93.62,4,1,5,6226400,1245280,bullish,1720,1700-2199,cpi,1,1,0,2013-05-13,,estimated_rule,2013-05,bullish,3170,2800-3599
2013-W21,2013-05-20,2013-05-24,2013,21,84.21,84.5,83.43,83.7,1070,850-1099,bearish,fri,fri,510,290,270,25.23,4,1,5,4931500,986300,bullish,1410,1350-1699,normal,0,0,0,,,estimated_rule,2013-05,bullish,3170,2800-3599
2013-W22,2013-05-28,2013-05-31,2013,22,83.67,84.37,82.96,83.38,1410,1350-1699,bearish,wed,fri,290,700,420,29.79,2,2,4,3295500,823875,bearish,1070,850-1099,normal,0,0,0,,,estimated_rule,2013-05,bullish,3170,2800-3599
2013-W23,2013-06-03,2013-06-07,2013,23,83.31,83.38,81.08,81.69,2300,>=2200,bearish,mon,thu,1620,70,610,26.52,2,3,5,8200000,1640000,bearish,1410,1350-1699,nfp,1,0,1,,2013-06-07,estimated_rule,2013-06,bearish,2880,2800-3599
2013-W24,2013-06-10,2013-06-14,2013,24,81.6,82.09,80.5,80.67,1590,1350-1699,bearish,mon,thu,930,490,170,10.69,2,3,5,4459800,891960,bearish,2300,>=2200,cpi,1,1,0,2013-06-11,,estimated_rule,2013-06,bearish,2880,2800-3599
2013-W25,2013-06-17,2013-06-21,2013,25,80.62,82.52,80.5,82.32,2020,1700-2199,bullish,fri,wed,1700,200,120,90.1,3,2,5,8200000,1640000,bearish,1590,1350-1699,normal,0,0,0,,,estimated_rule,2013-06,bearish,2880,2800-3599
2013-W26,2013-06-24,2013-06-28,2013,26,82.31,83.34,82.24,83.17,1100,1100-1349,bullish,fri,tue,860,170,70,84.55,4,1,5,12361000,2472200,bullish,2020,1700-2199,normal,0,0,0,,,estimated_rule,2013-06,bearish,2880,2800-3599
2013-W27,2013-07-01,2013-07-05,2013,27,83.2,84.53,82.97,84.42,1560,1350-1699,bullish,fri,mon,1220,110,230,92.95,3,1,4,4967700,1241925,bullish,1100,1100-1349,nfp,1,0,1,,2013-07-05,estimated_rule,2013-07,bearish,3340,2800-3599
2013-W28,2013-07-08,2013-07-12,2013,28,84.49,84.75,82.28,82.99,2470,>=2200,bearish,tue,thu,1500,260,710,28.74,4,1,5,17942500,3588500,bullish,1560,1350-1699,cpi,1,1,0,2013-07-11,,estimated_rule,2013-07,bearish,3340,2800-3599
2013-W29,2013-07-15,2013-07-19,2013,29,82.87,83.46,82.34,82.58,1120,1100-1349,bearish,mon,wed,290,590,240,21.43,3,2,5,11278800,2255760,bearish,2470,>=2200,normal,0,0,0,,,estimated_rule,2013-07,bearish,3340,2800-3599
2013-W30,2013-07-22,2013-07-26,2013,30,82.61,82.61,81.55,81.62,1060,850-1099,bearish,mon,fri,990,0,70,6.6,2,3,5,5314700,1062940,bearish,1120,1100-1349,normal,0,0,0,,,estimated_rule,2013-07,bearish,3340,2800-3599
2013-W31,2013-07-29,2013-08-02,2013,31,81.5,82.49,81.41,81.91,1080,850-1099,bullish,fri,wed,410,580,90,46.3,5,0,5,8274100,1654820,bearish,1060,850-1099,nfp,1,0,1,,2013-08-02,estimated_rule,2013-08,bullish,1740,1600-2199
2013-W32,2013-08-05,2013-08-09,2013,32,81.75,82.49,80.87,81.13,1620,1350-1699,bearish,mon,thu,620,740,260,16.05,4,1,5,5622400,1124480,bullish,1080,850-1099,normal,0,0,0,,,estimated_rule,2013-08,bullish,1740,1600-2199
2013-W33,2013-08-12,2013-08-16,2013,33,81.07,81.94,81.05,81.26,890,850-1099,bullish,thu,fri,190,680,20,23.6,3,2,5,6330800,1266160,bearish,1620,1350-1699,cpi,1,1,0,2013-08-12,,estimated_rule,2013-08,bullish,1740,1600-2199
2013-W34,2013-08-19,2013-08-23,2013,34,81.14,81.72,80.75,81.34,970,850-1099,bullish,thu,tue,200,380,390,60.82,4,1,5,5379000,1075800,bullish,890,850-1099,normal,0,0,0,,,estimated_rule,2013-08,bullish,1740,1600-2199
2013-W35,2013-08-26,2013-08-30,2013,35,81.34,82.26,81.11,82.09,1150,1100-1349,bullish,fri,tue,750,170,230,85.22,5,0,5,3460300,692060,bullish,970,850-1099,normal,0,0,0,,,estimated_rule,2013-08,bullish,1740,1600-2199
2013-W36,2013-09-03,2013-09-06,2013,36,82.02,82.67,82.02,82.15,650,<850,bullish,thu,tue,130,520,0,20.0,3,1,4,5099800,1274950,bullish,1150,1100-1349,nfp,1,0,1,,2013-09-06,estimated_rule,2013-09,bearish,2640,2200-2799
2013-W37,2013-09-09,2013-09-13,2013,37,81.7,82.63,81.36,81.45,1270,1100-1349,bearish,mon,thu,250,930,90,7.09,5,0,5,4370500,874100,bullish,650,<850,cpi,1,1,0,2013-09-11,,estimated_rule,2013-09,bearish,2640,2200-2799
2013-W38,2013-09-16,2013-09-20,2013,38,81.23,81.35,80.06,80.44,1290,1100-1349,bearish,tue,wed,790,120,380,29.46,4,1,5,10301500,2060300,bearish,1270,1100-1349,normal,0,0,0,,,estimated_rule,2013-09,bearish,2640,2200-2799
2013-W39,2013-09-23,2013-09-27,2013,39,80.29,80.65,80.11,80.27,540,<850,bearish,thu,fri,20,360,160,29.63,4,1,5,3879400,775880,bearish,1290,1100-1349,normal,0,0,0,,,estimated_rule,2013-09,bearish,2640,2200-2799
2013-W40,2013-09-30,2013-10-04,2013,40,80.03,80.43,79.63,80.12,800,<850,bullish,mon,thu,90,310,400,61.25,2,3,5,3199200,639840,bearish,540,<850,nfp,1,0,1,,2013-10-04,estimated_rule,2013-10,bearish,1750,1600-2199
2013-W41,2013-10-07,2013-10-11,2013,41,79.68,80.6,79.68,80.36,920,850-1099,bullish,thu,mon,680,240,0,73.91,5,0,5,7165300,1433060,bullish,800,<850,cpi,1,1,0,2013-10-11,,estimated_rule,2013-10,bearish,1750,1600-2199
2013-W42,2013-10-14,2013-10-18,2013,42,80.13,80.75,79.48,79.64,1270,1100-1349,bearish,wed,fri,490,620,160,12.6,3,2,5,3246300,649260,bullish,920,850-1099,normal,0,0,0,,,estimated_rule,2013-10,bearish,1750,1600-2199
2013-W43,2013-10-21,2013-10-25,2013,43,79.62,79.82,79.0,79.18,820,<850,bearish,mon,fri,440,200,180,21.95,2,3,5,5573300,1114660,bearish,1270,1100-1349,normal,0,0,0,,,estimated_rule,2013-10,bearish,1750,1600-2199
2013-W44,2013-10-28,2013-11-01,2013,44,79.15,80.79,79.15,80.73,1640,1350-1699,bullish,fri,mon,1580,60,0,96.34,5,0,5,7478900,1495780,bearish,820,<850,nfp,1,0,1,,2013-11-01,estimated_rule,2013-11,bullish,1250,<1600
2013-W45,2013-11-04,2013-11-08,2013,45,80.69,81.48,80.38,81.21,1100,1100-1349,bullish,fri,wed,520,270,310,75.45,4,1,5,5340400,1068080,bullish,1640,1350-1699,normal,0,0,0,,,estimated_rule,2013-11,bullish,1250,<1600
2013-W46,2013-11-11,2013-11-15,2013,46,81.29,81.46,80.73,80.84,730,<850,bearish,tue,wed,450,170,110,15.07,3,2,5,2824000,564800,bullish,1100,1100-1349,cpi,1,1,0,2013-11-11,,estimated_rule,2013-11,bullish,1250,<1600
2013-W47,2013-11-18,2013-11-22,2013,47,80.57,81.29,80.49,80.71,800,<850,bullish,thu,tue,140,580,80,27.5,3,2,5,2176200,435240,bearish,730,<850,normal,0,0,0,,,estimated_rule,2013-11,bullish,1250,<1600
2013-W48,2013-11-25,2013-11-29,2013,48,80.69,81.02,80.48,80.68,540,<850,bearish,mon,wed,10,330,200,37.04,3,1,4,1170700,292675,bullish,800,<850,normal,0,0,0,,,estimated_rule,2013-11,bullish,1250,<1600
2013-W49,2013-12-02,2013-12-06,2013,49,80.66,80.99,80.22,80.27,770,<850,bearish,tue,fri,390,330,50,6.49,2,3,5,2649500,529900,bearish,540,<850,nfp,1,0,1,,2013-12-06,estimated_rule,2013-12,bearish,1300,<1600
2013-W50,2013-12-09,2013-12-13,2013,50,80.25,80.42,79.76,80.21,660,<850,bearish,fri,wed,40,170,450,68.18,1,4,5,3223100,644620,bearish,770,<850,cpi,1,1,0,2013-12-11,,estimated_rule,2013-12,bearish,1300,<1600
2013-W51,2013-12-16,2013-12-20,2013,51,80.19,80.83,79.81,80.58,1020,850-1099,bullish,fri,wed,390,250,380,75.49,2,3,5,6255000,1251000,bearish,660,<850,normal,0,0,0,,,estimated_rule,2013-12,bearish,1300,<1600
2013-W52,2013-12-23,2013-12-27,2013,52,80.55,80.62,79.69,80.39,930,850-1099,bearish,tue,fri,160,70,700,75.27,1,3,4,1731700,432925,bullish,1020,850-1099,normal,0,0,0,,,estimated_rule,2013-12,bearish,1300,<1600
2014-W01,2013-12-30,2014-01-03,2014,1,80.34,80.9,79.93,80.79,970,850-1099,bullish,fri,mon,450,110,410,88.66,3,1,4,3814400,953600,bearish,930,850-1099,nfp,1,0,1,,2014-01-03,estimated_rule,2014-01,bullish,1310,<1600
2014-W02,2014-01-06,2014-01-10,2014,2,80.87,81.19,80.53,80.66,660,<850,bearish,thu,fri,210,320,130,19.7,2,3,5,3934800,786960,bullish,970,850-1099,normal,0,0,0,,,estimated_rule,2014-01,bullish,1310,<1600
2014-W03,2014-01-13,2014-01-17,2014,3,80.58,81.3,80.44,81.26,860,850-1099,bullish,fri,tue,680,40,140,95.35,3,2,5,3312500,662500,bearish,660,<850,cpi,1,1,0,2014-01-13,,estimated_rule,2014-01,bullish,1310,<1600
2014-W04,2014-01-21,2014-01-24,2014,4,81.18,81.39,80.15,80.46,1240,1100-1349,bearish,tue,fri,720,210,310,25.0,1,3,4,3529200,882300,bullish,860,850-1099,normal,0,0,0,,,estimated_rule,2014-01,bullish,1310,<1600
2014-W05,2014-01-27,2014-01-31,2014,5,80.46,81.32,80.3,81.27,1020,850-1099,bullish,fri,mon,810,50,160,95.1,4,1,5,6172800,1234560,bearish,1240,1100-1349,normal,0,0,0,,,estimated_rule,2014-01,bullish,1310,<1600
2014-W06,2014-02-03,2014-02-07,2014,6,81.25,81.32,80.6,80.69,720,<850,bearish,mon,fri,560,70,90,12.5,1,4,5,7042600,1408520,bullish,1020,850-1099,nfp,1,0,1,,2014-02-07,estimated_rule,2014-02,bearish,1630,1600-2199
2014-W07,2014-02-10,2014-02-14,2014,7,80.77,80.83,80.07,80.13,760,<850,bearish,wed,fri,640,60,60,7.89,2,3,5,4879400,975880,bearish,720,<850,cpi,1,1,0,2014-02-11,,estimated_rule,2014-02,bearish,1630,1600-2199
2014-W08,2014-02-18,2014-02-21,2014,8,80.17,80.42,79.93,80.24,490,<850,bullish,thu,wed,70,180,240,63.27,2,2,4,3170800,792700,bearish,760,<850,normal,0,0,0,,,estimated_rule,2014-02,bearish,1630,1600-2199
2014-W09,2014-02-24,2014-02-28,2014,9,80.28,80.58,79.69,79.78,890,850-1099,bearish,thu,fri,500,300,90,10.11,1,4,5,2150400,430080,bullish,490,<850,normal,0,0,0,,,estimated_rule,2014-02,bearish,1630,1600-2199
2014-W10,2014-03-03,2014-03-07,2014,10,79.9,80.27,79.43,79.72,840,<850,bearish,wed,fri,180,370,290,34.52,3,2,5,4295700,859140,bearish,890,850-1099,nfp,1,0,1,,2014-03-07,estimated_rule,2014-03,bullish,1080,<1600
2014-W11,2014-03-10,2014-03-14,2014,11,79.69,79.93,79.27,79.44,660,<850,bearish,tue,thu,250,240,170,25.76,3,2,5,3548600,709720,bearish,840,<850,cpi,1,1,0,2014-03-11,,estimated_rule,2014-03,bullish,1080,<1600
2014-W12,2014-03-17,2014-03-21,2014,12,79.4,80.35,79.28,80.11,1070,850-1099,bullish,thu,mon,710,240,120,77.57,3,2,5,3832200,766440,bearish,660,<850,normal,0,0,0,,,estimated_rule,2014-03,bullish,1080,<1600
2014-W13,2014-03-24,2014-03-28,2014,13,80.12,80.29,79.75,80.18,540,<850,bullish,mon,mon,60,110,370,79.63,4,1,5,1676900,335380,bullish,1070,850-1099,normal,0,0,0,,,estimated_rule,2014-03,bullish,1080,<1600
2014-W14,2014-03-31,2014-04-04,2014,14,80.19,80.6,79.96,80.42,640,<850,bullish,fri,mon,230,180,230,71.87,2,3,5,1847600,369520,bullish,540,<850,nfp,1,0,1,,2014-04-04,estimated_rule,2014-04,bearish,1270,<1600
2014-W15,2014-04-07,2014-04-11,2014,15,80.44,80.45,79.33,79.45,1120,1100-1349,bearish,mon,thu,990,10,120,10.71,1,4,5,3585500,717100,bullish,640,<850,cpi,1,1,0,2014-04-11,,estimated_rule,2014-04,bearish,1270,<1600
2014-W16,2014-04-14,2014-04-17,2014,16,79.62,79.9,79.56,79.83,340,<850,bullish,tue,mon,210,70,60,79.41,4,0,4,1225700,306425,bearish,1120,1100-1349,normal,0,0,0,,,estimated_rule,2014-04,bearish,1270,<1600
2014-W17,2014-04-21,2014-04-25,2014,17,79.86,79.99,79.66,79.77,330,<850,bearish,mon,fri,90,130,110,33.33,2,3,5,1198700,239740,bullish,340,<850,normal,0,0,0,,,estimated_rule,2014-04,bearish,1270,<1600
2014-W18,2014-04-28,2014-05-02,2014,18,79.77,79.92,79.41,79.52,510,<850,bearish,wed,thu,250,150,110,21.57,3,2,5,1852200,370440,bearish,330,<850,nfp,1,0,1,,2014-05-02,estimated_rule,2014-05,bullish,1670,1600-2199
2014-W19,2014-05-05,2014-05-09,2014,19,79.5,79.92,78.91,79.9,1010,850-1099,bullish,fri,thu,400,20,590,98.02,3,2,5,3055100,611020,bearish,510,<850,normal,0,0,0,,,estimated_rule,2014-05,bullish,1670,1600-2199
2014-W20,2014-05-12,2014-05-16,2014,20,79.86,80.34,79.78,80.04,560,<850,bullish,thu,mon,180,300,80,46.43,3,2,5,1831900,366380,bullish,1010,850-1099,cpi,1,1,0,2014-05-12,,estimated_rule,2014-05,bullish,1670,1600-2199
2014-W21,2014-05-19,2014-05-23,2014,21,80.05,80.44,79.88,80.39,560,<850,bullish,fri,mon,340,50,170,91.07,4,1,5,2343800,468760,bullish,560,<850,normal,0,0,0,,,estimated_rule,2014-05,bullish,1670,1600-2199
2014-W22,2014-05-27,2014-05-30,2014,22,80.29,80.58,80.17,80.37,410,<850,bullish,wed,tue,80,210,120,48.78,2,2,4,2685900,671475,bullish,560,<850,normal,0,0,0,,,estimated_rule,2014-05,bullish,1670,1600-2199
2014-W23,2014-06-02,2014-06-06,2014,23,80.4,81.02,80.24,80.41,780,<850,bullish,thu,fri,10,610,160,21.8,3,2,5,2662000,532400,bullish,410,<850,nfp,1,0,1,,2014-06-06,estimated_rule,2014-06,bearish,1260,<1600
2014-W24,2014-06-09,2014-06-13,2014,24,80.42,80.9,80.3,80.58,600,<850,bullish,wed,mon,160,320,120,46.67,3,2,5,8392000,1678400,bullish,780,<850,cpi,1,1,0,2014-06-11,,estimated_rule,2014-06,bearish,1260,<1600
2014-W25,2014-06-16,2014-06-20,2014,25,80.6,80.71,80.15,80.37,560,<850,bearish,mon,thu,230,110,220,39.29,2,3,5,3972300,794460,bullish,600,<850,normal,0,0,0,,,estimated_rule,2014-06,bearish,1260,<1600
2014-W26,2014-06-23,2014-06-27,2014,26,80.37,80.43,80.01,80.04,420,<850,bearish,tue,fri,330,60,30,7.14,2,3,5,2673300,534660,bearish,560,<850,normal,0,0,0,,,estimated_rule,2014-06,bearish,1260,<1600
2014-W27,2014-06-30,2014-07-03,2014,27,80.01,80.32,79.74,80.21,580,<850,bullish,thu,tue,200,110,270,81.03,3,1,4,1812000,453000,bearish,420,<850,nfp,1,0,1,,2014-07-04,estimated_rule,2014-07,bullish,1830,1600-2199
2014-W28,2014-07-07,2014-07-11,2014,28,80.26,80.36,79.98,80.19,380,<850,bearish,mon,wed,70,100,210,55.26,2,3,5,2572400,514480,bullish,580,<850,cpi,1,1,0,2014-07-11,,estimated_rule,2014-07,bullish,1830,1600-2199
2014-W29,2014-07-14,2014-07-18,2014,29,80.19,80.69,80.08,80.52,610,<850,bullish,fri,mon,330,170,110,72.13,3,2,5,3672300,734460,bearish,380,<850,normal,0,0,0,,,estimated_rule,2014-07,bullish,1830,1600-2199
2014-W30,2014-07-21,2014-07-25,2014,30,80.52,81.08,80.42,81.03,660,<850,bullish,fri,mon,510,50,100,92.42,5,0,5,6650600,1330120,bullish,610,<850,normal,0,0,0,,,estimated_rule,2014-07,bullish,1830,1600-2199
2014-W31,2014-07-28,2014-08-01,2014,31,81.02,81.57,80.98,81.3,590,<850,bullish,thu,mon,280,270,40,54.24,4,1,5,6405300,1281060,bullish,660,<850,nfp,1,0,1,,2014-08-01,estimated_rule,2014-08,bullish,1560,<1600
2014-W32,2014-08-04,2014-08-08,2014,32,81.3,81.72,81.26,81.39,460,<850,bullish,wed,fri,90,330,40,28.26,3,2,5,5028200,1005640,bullish,590,<850,normal,0,0,0,,,estimated_rule,2014-08,bullish,1560,<1600
2014-W33,2014-08-11,2014-08-15,2014,33,81.4,81.69,81.36,81.42,330,<850,bullish,thu,wed,20,270,40,18.18,3,2,5,1654200,330840,bullish,460,<850,cpi,1,1,0,2014-08-11,,estimated_rule,2014-08,bullish,1560,<1600
2014-W34,2014-08-18,2014-08-22,2014,34,81.42,82.46,81.38,82.34,1080,850-1099,bullish,fri,mon,920,120,40,88.89,4,1,5,2808600,561720,bullish,330,<850,normal,0,0,0,,,estimated_rule,2014-08,bullish,1560,<1600
2014-W35,2014-08-25,2014-08-29,2014,35,82.46,82.75,82.32,82.75,430,<850,bullish,fri,thu,290,0,140,100.0,4,1,5,3865700,773140,bullish,1080,850-1099,normal,0,0,0,,,estimated_rule,2014-08,bullish,1560,<1600
2014-W36,2014-09-02,2014-09-05,2014,36,82.76,83.94,82.75,83.76,1190,1100-1349,bullish,fri,tue,1000,180,10,84.87,2,2,4,5654500,1413625,bullish,430,<850,nfp,1,0,1,,2014-09-05,estimated_rule,2014-09,bullish,3470,2800-3599
2014-W37,2014-09-08,2014-09-12,2014,37,83.8,84.52,83.8,84.24,720,<850,bullish,tue,mon,440,280,0,61.11,3,2,5,4556700,911340,bullish,1190,1100-1349,cpi,1,1,0,2014-09-11,,estimated_rule,2014-09,bullish,3470,2800-3599
2014-W38,2014-09-15,2014-09-19,2014,38,84.18,84.8,83.86,84.8,940,850-1099,bullish,fri,tue,620,0,320,100.0,3,2,5,10470500,2094100,bullish,720,<850,normal,0,0,0,,,estimated_rule,2014-09,bullish,3470,2800-3599
2014-W39,2014-09-22,2014-09-26,2014,39,84.81,85.69,84.37,85.64,1320,1100-1349,bullish,fri,tue,830,50,440,96.21,3,2,5,9364800,1872960,bullish,940,850-1099,normal,0,0,0,,,estimated_rule,2014-09,bullish,3470,2800-3599
2014-W40,2014-09-29,2014-10-03,2014,40,85.62,86.75,85.45,86.69,1300,1100-1349,bullish,fri,thu,1070,60,170,95.38,3,2,5,12748100,2549620,bullish,1320,1100-1349,nfp,1,0,1,,2014-10-03,estimated_rule,2014-10,bullish,2660,2200-2799
2014-W41,2014-10-06,2014-10-10,2014,41,86.64,86.68,84.94,85.91,1740,1700-2199,bearish,mon,thu,730,40,970,55.75,2,3,5,16875800,3375160,bullish,1300,1100-1349,normal,0,0,0,,,estimated_rule,2014-10,bullish,2660,2200-2799
2014-W42,2014-10-13,2014-10-17,2014,42,85.82,86.01,84.47,85.19,1540,1350-1699,bearish,wed,wed,630,190,720,46.75,3,2,5,9726400,1945280,bearish,1740,1700-2199,cpi,1,1,0,2014-10-13,,estimated_rule,2014-10,bullish,2660,2200-2799
2014-W43,2014-10-20,2014-10-24,2014,43,85.21,85.94,84.74,85.73,1200,1100-1349,bullish,thu,tue,520,210,470,82.5,3,2,5,5223400,1044680,bearish,1540,1350-1699,normal,0,0,0,,,estimated_rule,2014-10,bullish,2660,2200-2799
2014-W44,2014-10-27,2014-10-31,2014,44,85.69,87.13,85.19,86.88,1940,1700-2199,bullish,fri,wed,1190,250,500,87.11,3,2,5,9881000,1976200,bullish,1200,1100-1349,normal,0,0,0,,,estimated_rule,2014-10,bullish,2660,2200-2799
2014-W45,2014-11-03,2014-11-07,2014,45,87.08,88.19,86.88,87.64,1310,1100-1349,bullish,fri,tue,560,550,200,58.02,3,2,5,9875800,1975160,bullish,1940,1700-2199,nfp,1,0,1,,2014-11-07,estimated_rule,2014-11,bullish,1560,<1600
2014-W46,2014-11-10,2014-11-14,2014,46,87.56,88.27,87.22,87.53,1050,850-1099,bearish,fri,mon,30,710,310,29.52,2,3,5,9160600,1832120,bullish,1310,1100-1349,cpi,1,1,0,2014-11-11,,estimated_rule,2014-11,bullish,1560,<1600
2014-W47,2014-11-17,2014-11-21,2014,47,87.54,88.39,87.18,88.31,1210,1100-1349,bullish,fri,mon,770,80,360,93.39,2,3,5,8431000,1686200,bearish,1050,850-1099,normal,0,0,0,,,estimated_rule,2014-11,bullish,1560,<1600
2014-W48,2014-11-24,2014-11-28,2014,48,88.28,88.44,87.52,88.36,920,850-1099,bullish,mon,wed,80,80,760,91.3,1,3,4,5102700,1275675,bullish,1210,1100-1349,normal,0,0,0,,,estimated_rule,2014-11,bullish,1560,<1600
2014-W49,2014-12-01,2014-12-05,2014,49,88.23,89.47,87.78,89.33,1690,1350-1699,bullish,fri,mon,1100,140,450,91.72,3,2,5,6096200,1219240,bullish,920,850-1099,nfp,1,0,1,,2014-12-05,estimated_rule,2014-12,bullish,2700,2200-2799
2014-W50,2014-12-08,2014-12-12,2014,50,89.4,89.55,87.91,88.36,1640,1350-1699,bearish,mon,thu,1040,150,450,27.44,1,4,5,8041100,1608220,bullish,1690,1350-1699,cpi,1,1,0,2014-12-11,,estimated_rule,2014-12,bullish,2700,2200-2799
2014-W51,2014-12-15,2014-12-19,2014,51,88.21,89.65,87.63,89.6,2020,1700-2199,bullish,fri,tue,1390,50,580,97.52,4,1,5,7646500,1529300,bearish,1640,1350-1699,normal,0,0,0,,,estimated_rule,2014-12,bullish,2700,2200-2799
2014-W52,2014-12-22,2014-12-26,2014,52,89.63,90.16,89.37,90.03,790,<850,bullish,tue,mon,400,130,260,83.54,3,1,4,2510000,627500,bullish,2020,1700-2199,normal,0,0,0,,,estimated_rule,2014-12,bullish,2700,2200-2799
2015-W01,2014-12-29,2015-01-02,2015,1,89.98,91.16,89.79,91.08,1370,1350-1699,bullish,fri,mon,1100,80,190,94.16,3,1,4,7553600,1888400,bullish,790,<850,nfp,1,0,1,,2015-01-02,estimated_rule,2015-01,bullish,5150,>=4800
2015-W02,2015-01-05,2015-01-09,2015,2,91.13,92.53,91.12,91.94,1410,1350-1699,bullish,thu,tue,810,590,10,58.16,4,1,5,11508400,2301680,bullish,1370,1350-1699,normal,0,0,0,,,estimated_rule,2015-01,bullish,5150,>=4800
2015-W03,2015-01-12,2015-01-16,2015,3,91.88,93.26,91.51,92.52,1750,1700-2199,bullish,fri,thu,640,740,370,57.71,4,1,5,10009300,2001860,bullish,1410,1350-1699,cpi,1,1,0,2015-01-12,,estimated_rule,2015-01,bullish,5150,>=4800
2015-W04,2015-01-20,2015-01-23,2015,4,92.66,95.48,92.15,95.0,3330,>=2200,bullish,fri,wed,2340,480,510,85.59,3,1,4,10347200,2586800,bullish,1750,1700-2199,normal,0,0,0,,,estimated_rule,2015-01,bullish,5150,>=4800
2015-W05,2015-01-26,2015-01-30,2015,5,95.2,95.33,93.7,94.8,1630,1350-1699,bearish,mon,tue,400,130,1100,67.48,3,2,5,10091700,2018340,bullish,3330,>=2200,normal,0,0,0,,,estimated_rule,2015-01,bullish,5150,>=4800
2015-W06,2015-02-02,2015-02-06,2015,6,94.84,94.88,93.25,94.7,1630,1350-1699,bearish,mon,tue,140,40,1450,88.96,3,2,5,10956300,2191260,bearish,1630,1350-1699,nfp,1,0,1,,2015-02-06,estimated_rule,2015-02,bullish,2110,1600-2199
2015-W07,2015-02-09,2015-02-13,2015,7,94.68,95.12,93.9,94.2,1220,1100-1349,bearish,wed,fri,480,440,300,24.59,3,2,5,8041700,1608340,bearish,1630,1350-1699,cpi,1,1,0,2015-02-11,,estimated_rule,2015-02,bullish,2110,1600-2199
2015-W08,2015-02-17,2015-02-20,2015,8,94.4,94.79,93.8,94.25,990,850-1099,bearish,fri,tue,150,390,450,45.45,2,2,4,4916500,1229125,bearish,1220,1100-1349,normal,0,0,0,,,estimated_rule,2015-02,bullish,2110,1600-2199
2015-W09,2015-02-23,2015-02-27,2015,9,94.32,95.36,94.06,95.25,1300,1100-1349,bullish,thu,thu,930,110,260,91.54,3,2,5,8390900,1678180,bearish,990,850-1099,normal,0,0,0,,,estimated_rule,2015-02,bullish,2110,1600-2199
2015-W10,2015-03-02,2015-03-06,2015,10,95.26,97.73,95.06,97.62,2670,>=2200,bullish,fri,mon,2360,110,200,95.88,4,1,5,10285800,2057160,bullish,1300,1100-1349,nfp,1,0,1,,2015-03-06,estimated_rule,2015-03,bullish,5330,>=4800
2015-W11,2015-03-09,2015-03-13,2015,11,97.72,100.39,97.29,100.33,3100,>=2200,bullish,fri,mon,2610,60,430,98.06,3,2,5,16393300,3278660,bullish,2670,>=2200,cpi,1,1,0,2015-03-11,,estimated_rule,2015-03,bullish,5330,>=4800
2015-W12,2015-03-16,2015-03-20,2015,12,100.26,100.27,96.63,97.91,3640,>=2200,bearish,mon,wed,2350,10,1280,35.17,1,4,5,20323200,4064640,bullish,3100,>=2200,normal,0,0,0,,,estimated_rule,2015-03,bullish,5330,>=4800
2015-W13,2015-03-23,2015-03-27,2015,13,97.8,98.24,96.17,97.29,2070,1700-2199,bearish,mon,thu,510,440,1120,54.11,2,3,5,15207200,3041440,bearish,3640,>=2200,normal,0,0,0,,,estimated_rule,2015-03,bullish,5330,>=4800
2015-W14,2015-03-30,2015-04-02,2015,14,97.39,98.67,97.33,97.44,1340,1100-1349,bullish,tue,thu,50,1230,60,8.21,2,2,4,8159400,2039850,bearish,2070,1700-2199,nfp,1,0,1,,2015-04-03,estimated_rule,2015-04,bearish,5590,>=4800
2015-W15,2015-04-06,2015-04-10,2015,15,96.74,99.69,96.33,99.39,3360,>=2200,bullish,fri,mon,2650,300,410,91.07,5,0,5,17458400,3491680,bullish,1340,1100-1349,normal,0,0,0,,,estimated_rule,2015-04,bearish,5590,>=4800
2015-W16,2015-04-13,2015-04-17,2015,16,99.35,99.99,97.0,97.52,2990,>=2200,bearish,mon,fri,1830,640,520,17.39,1,4,5,11914800,2382960,bullish,3360,>=2200,cpi,1,1,0,2015-04-13,,estimated_rule,2015-04,bearish,5590,>=4800
2015-W17,2015-04-20,2015-04-24,2015,17,97.31,98.46,96.76,96.92,1700,1700-2199,bearish,tue,fri,390,1150,160,9.41,3,2,5,7366400,1473280,bearish,2990,>=2200,normal,0,0,0,,,estimated_rule,2015-04,bearish,5590,>=4800
2015-W18,2015-04-27,2015-05-01,2015,18,96.9,97.28,94.4,95.3,2880,>=2200,bearish,mon,thu,1600,380,900,31.25,1,4,5,18933200,3786640,bearish,1700,1700-2199,nfp,1,0,1,,2015-05-01,estimated_rule,2015-05,bullish,4650,3600-4799
2015-W19,2015-05-04,2015-05-08,2015,19,95.22,95.95,93.88,94.79,2070,1700-2199,bearish,tue,wed,430,730,910,43.96,3,2,5,17934100,3586820,bearish,2880,>=2200,normal,0,0,0,,,estimated_rule,2015-05,bullish,4650,3600-4799
2015-W20,2015-05-11,2015-05-15,2015,20,94.8,95.26,93.13,93.14,2130,1700-2199,bearish,mon,thu,1660,460,10,0.47,1,4,5,11803500,2360700,bearish,2070,1700-2199,cpi,1,1,0,2015-05-11,,estimated_rule,2015-05,bullish,4650,3600-4799
2015-W21,2015-05-18,2015-05-22,2015,21,93.23,96.27,93.23,96.01,3040,>=2200,bullish,fri,mon,2780,260,0,91.45,4,1,5,11216500,2243300,bearish,2130,1700-2199,normal,0,0,0,,,estimated_rule,2015-05,bullish,4650,3600-4799
2015-W22,2015-05-26,2015-05-29,2015,22,96.37,97.78,96.37,96.91,1410,1350-1699,bullish,wed,tue,540,870,0,38.3,3,1,4,9970900,2492725,bullish,3040,>=2200,normal,0,0,0,,,estimated_rule,2015-05,bullish,4650,3600-4799
2015-W23,2015-06-01,2015-06-05,2015,23,96.89,97.68,94.65,96.31,3030,>=2200,bearish,mon,thu,580,790,1660,54.79,3,2,5,19112700,3822540,bullish,1410,1350-1699,nfp,1,0,1,,2015-06-05,estimated_rule,2015-06,bearish,4120,3600-4799
2015-W24,2015-06-08,2015-06-12,2015,24,96.34,96.55,94.32,94.97,2230,>=2200,bearish,mon,wed,1370,210,650,29.15,1,4,5,11647400,2329480,bearish,3030,>=2200,cpi,1,1,0,2015-06-11,,estimated_rule,2015-06,bearish,4120,3600-4799
2015-W25,2015-06-15,2015-06-19,2015,25,95.2,95.39,93.56,94.09,1830,1700-2199,bearish,mon,thu,1110,190,530,28.96,2,3,5,15298700,3059740,bearish,2230,>=2200,normal,0,0,0,,,estimated_rule,2015-06,bearish,4120,3600-4799
2015-W26,2015-06-22,2015-06-26,2015,26,94.06,95.67,93.81,95.47,1860,1700-2199,bullish,fri,mon,1410,200,250,89.25,3,2,5,11711700,2342340,bearish,1830,1700-2199,normal,0,0,0,,,estimated_rule,2015-06,bearish,4120,3600-4799
2015-W27,2015-06-29,2015-07-02,2015,27,96.26,96.42,94.68,96.11,1740,1700-2199,bearish,thu,mon,150,160,1430,82.18,2,2,4,17257200,4314300,bullish,1860,1700-2199,nfp,1,0,1,,2015-07-03,estimated_rule,2015-07,bullish,2700,2200-2799
2015-W28,2015-07-06,2015-07-10,2015,28,95.94,97.24,95.45,96.03,1790,1700-2199,bullish,tue,fri,90,1210,490,32.4,3,2,5,11769200,2353840,bearish,1740,1700-2199,normal,0,0,0,,,estimated_rule,2015-07,bullish,2700,2200-2799
2015-W29,2015-07-13,2015-07-17,2015,29,95.77,97.98,95.63,97.86,2350,>=2200,bullish,fri,mon,2090,120,140,94.89,4,1,5,7294800,1458960,bullish,1790,1700-2199,cpi,1,1,0,2015-07-13,,estimated_rule,2015-07,bullish,2700,2200-2799
2015-W30,2015-07-20,2015-07-24,2015,30,97.96,98.15,96.89,97.24,1260,1100-1349,bearish,mon,thu,720,190,350,27.78,3,2,5,11691500,2338300,bullish,2350,>=2200,normal,0,0,0,,,estimated_rule,2015-07,bullish,2700,2200-2799
2015-W31,2015-07-27,2015-07-31,2015,31,97.2,97.77,96.29,97.37,1480,1350-1699,bullish,thu,mon,170,400,910,72.97,3,2,5,13319800,2663960,bearish,1260,1100-1349,normal,0,0,0,,,estimated_rule,2015-07,bullish,2700,2200-2799
2015-W32,2015-08-03,2015-08-07,2015,32,97.22,98.33,97.16,97.56,1170,1100-1349,bullish,fri,mon,340,770,60,34.19,3,2,5,7719000,1543800,bullish,1480,1350-1699,nfp,1,0,1,,2015-08-07,estimated_rule,2015-08,bearish,5710,>=4800
2015-W33,2015-08-10,2015-08-14,2015,33,97.57,97.92,95.93,96.57,1990,1700-2199,bearish,mon,wed,1000,350,640,32.16,3,2,5,16249400,3249880,bullish,1170,1100-1349,cpi,1,1,0,2015-08-11,,estimated_rule,2015-08,bearish,5710,>=4800
2015-W34,2015-08-17,2015-08-21,2015,34,96.59,97.08,94.82,94.83,2260,>=2200,bearish,wed,fri,1760,490,10,0.44,2,3,5,11925800,2385160,bearish,1990,1700-2199,normal,0,0,0,,,estimated_rule,2015-08,bearish,5710,>=4800
2015-W35,2015-08-24,2015-08-28,2015,35,94.86,96.32,92.62,96.11,3700,>=2200,bullish,fri,mon,1250,210,2240,94.32,4,1,5,23104900,4620980,bearish,2260,>=2200,normal,0,0,0,,,estimated_rule,2015-08,bearish,5710,>=4800
2015-W36,2015-08-31,2015-09-04,2015,36,96.14,96.62,95.19,96.23,1430,1350-1699,bullish,thu,tue,90,390,950,72.73,2,3,5,7245200,1449040,bullish,3700,>=2200,nfp,1,0,1,,2015-09-04,estimated_rule,2015-09,bullish,2640,2200-2799
2015-W37,2015-09-08,2015-09-11,2015,37,96.15,96.41,95.12,95.19,1290,1100-1349,bearish,wed,fri,960,260,70,5.43,1,3,4,3880000,970000,bullish,1430,1350-1699,cpi,1,1,0,2015-09-11,,estimated_rule,2015-09,bullish,2640,2200-2799
2015-W38,2015-09-14,2015-09-18,2015,38,95.18,95.85,94.06,94.86,1790,1700-2199,bearish,wed,fri,320,670,800,44.69,3,2,5,5847800,1169560,bearish,1290,1100-1349,normal,0,0,0,,,estimated_rule,2015-09,bullish,2640,2200-2799
2015-W39,2015-09-21,2015-09-25,2015,39,95.32,96.7,95.04,96.27,1660,1350-1699,bullish,fri,mon,950,430,280,74.1,3,2,5,5372400,1074480,bearish,1790,1700-2199,normal,0,0,0,,,estimated_rule,2015-09,bullish,2640,2200-2799
2015-W40,2015-09-28,2015-10-02,2015,40,96.26,96.5,95.22,95.83,1280,1100-1349,bearish,mon,fri,430,240,610,47.66,1,4,5,5872500,1174500,bullish,1660,1350-1699,nfp,1,0,1,,2015-10-02,estimated_rule,2015-10,bullish,4010,3600-4799
2015-W41,2015-10-05,2015-10-09,2015,41,95.82,96.17,94.69,94.81,1480,1350-1699,bearish,mon,fri,1010,350,120,8.11,2,3,5,5620200,1124040,bearish,1280,1100-1349,normal,0,0,0,,,estimated_rule,2015-10,bullish,4010,3600-4799
2015-W42,2015-10-12,2015-10-16,2015,42,94.85,94.98,93.81,94.54,1170,1100-1349,bearish,tue,thu,310,130,730,62.39,2,3,5,4993500,998700,bearish,1480,1350-1699,cpi,1,1,0,2015-10-12,,estimated_rule,2015-10,bullish,4010,3600-4799
2015-W43,2015-10-19,2015-10-23,2015,43,94.68,97.2,94.55,97.07,2650,>=2200,bullish,fri,mon,2390,130,130,95.09,4,1,5,4926100,985220,bearish,1170,1100-1349,normal,0,0,0,,,estimated_rule,2015-10,bullish,4010,3600-4799
2015-W44,2015-10-26,2015-10-30,2015,44,97.04,97.82,96.47,96.95,1350,1350-1699,bearish,wed,wed,90,780,480,35.56,2,3,5,4310700,862140,bullish,2650,>=2200,normal,0,0,0,,,estimated_rule,2015-10,bullish,4010,3600-4799
2015-W45,2015-11-02,2015-11-06,2015,45,96.92,99.35,96.64,99.16,2710,>=2200,bullish,fri,mon,2240,190,280,92.99,5,0,5,9938700,1987740,bearish,1350,1350-1699,nfp,1,0,1,,2015-11-06,estimated_rule,2015-11,bullish,3670,3600-4799
2015-W46,2015-11-09,2015-11-13,2015,46,99.19,99.5,98.43,98.99,1070,850-1099,bearish,tue,thu,200,310,560,52.34,2,3,5,22154100,4430820,bullish,2710,>=2200,cpi,1,1,0,2015-11-11,,estimated_rule,2015-11,bullish,3670,3600-4799
2015-W47,2015-11-16,2015-11-20,2015,47,98.97,99.85,98.74,99.57,1110,1100-1349,bullish,wed,thu,600,280,230,74.77,3,2,5,13006000,2601200,bearish,1070,850-1099,normal,0,0,0,,,estimated_rule,2015-11,bullish,3670,3600-4799
2015-W48,2015-11-23,2015-11-27,2015,48,99.61,100.2,99.31,100.02,890,850-1099,bullish,fri,wed,410,180,300,79.78,3,1,4,5521500,1380375,bullish,1110,1100-1349,normal,0,0,0,,,estimated_rule,2015-11,bullish,3670,3600-4799
2015-W49,2015-11-30,2015-12-04,2015,49,100.08,100.51,97.59,98.35,2920,>=2200,bearish,wed,thu,1730,430,760,26.03,3,2,5,12976900,2595380,bullish,890,850-1099,nfp,1,0,1,,2015-12-04,estimated_rule,2015-12,bearish,3320,2800-3599
2015-W50,2015-12-07,2015-12-11,2015,50,98.35,98.9,97.22,97.57,1680,1350-1699,bearish,mon,wed,780,550,350,20.83,2,3,5,10939700,2187940,bearish,2920,>=2200,cpi,1,1,0,2015-12-11,,estimated_rule,2015-12,bearish,3320,2800-3599
2015-W51,2015-12-14,2015-12-18,2015,51,97.62,99.29,97.19,98.7,2100,1700-2199,bullish,thu,tue,1080,590,430,71.9,2,3,5,9398200,1879640,bearish,1680,1350-1699,normal,0,0,0,,,estimated_rule,2015-12,bearish,3320,2800-3599
2015-W52,2015-12-21,2015-12-24,2015,52,98.72,98.84,97.86,97.98,980,850-1099,bearish,mon,thu,740,120,120,12.25,1,3,4,5718400,1429600,bullish,2100,1700-2199,normal,0,0,0,,,estimated_rule,2015-12,bearish,3320,2800-3599
2015-W53,2015-12-28,2015-12-31,2015,53,97.85,98.75,97.8,98.63,950,850-1099,bullish,thu,tue,780,120,50,87.37,4,0,4,4351900,1087975,bearish,980,850-1099,nfp,1,0,1,,2016-01-01,estimated_rule,2015-12,bearish,3320,2800-3599
2016-W01,2016-01-04,2016-01-08,2016,1,98.69,99.63,98.05,98.54,1580,1350-1699,bearish,tue,mon,150,940,490,31.01,3,2,5,10064000,2012800,bullish,950,850-1099,normal,0,0,0,,,estimated_rule,2016-01,bullish,1780,1600-2199
2016-W02,2016-01-11,2016-01-15,2016,2,98.37,99.33,98.25,98.96,1080,850-1099,bullish,wed,mon,590,370,120,65.74,3,2,5,11923400,2384680,bearish,1580,1350-1699,cpi,1,1,0,2016-01-11,,estimated_rule,2016-01,bullish,1780,1600-2199
2016-W03,2016-01-18,2016-01-22,2016,3,98.8,99.8,98.63,99.57,1170,1100-1349,bullish,thu,wed,770,230,170,80.34,3,2,5,6075100,1215020,bullish,1080,850-1099,normal,0,0,0,,,estimated_rule,2016-01,bullish,1780,1600-2199
2016-W04,2016-01-25,2016-01-29,2016,4,99.5,99.83,98.43,99.61,1400,1350-1699,bullish,fri,thu,110,220,1070,84.29,2,3,5,6246700,1249340,bullish,1170,1100-1349,normal,0,0,0,,,estimated_rule,2016-01,bullish,1780,1600-2199
2016-W05,2016-02-01,2016-02-05,2016,5,99.54,99.63,96.26,97.03,3370,>=2200,bearish,mon,thu,2510,90,770,22.85,1,4,5,7996400,1599280,bullish,1400,1350-1699,nfp,1,0,1,,2016-02-05,estimated_rule,2016-02,bearish,4390,3600-4799
2016-W06,2016-02-08,2016-02-12,2016,6,96.96,97.48,95.24,95.98,2240,>=2200,bearish,mon,thu,980,520,740,33.04,1,4,5,6711800,1342360,bearish,3370,>=2200,cpi,1,1,0,2016-02-11,,estimated_rule,2016-02,bearish,4390,3600-4799
2016-W07,2016-02-16,2016-02-19,2016,7,96.57,97.17,96.38,96.6,790,<850,bullish,fri,tue,30,570,190,27.85,2,2,4,4765400,1191350,bearish,2240,>=2200,normal,0,0,0,,,estimated_rule,2016-02,bearish,4390,3600-4799
2016-W08,2016-02-22,2016-02-26,2016,8,96.6,98.26,96.6,98.15,1660,1350-1699,bullish,fri,mon,1550,110,0,93.37,3,2,5,5240200,1048040,bullish,790,<850,normal,0,0,0,,,estimated_rule,2016-02,bearish,4390,3600-4799
2016-W09,2016-02-29,2016-03-04,2016,9,98.17,98.58,97.02,97.34,1560,1350-1699,bearish,wed,fri,830,410,320,20.51,2,3,5,4831200,966240,bullish,1660,1350-1699,nfp,1,0,1,,2016-03-04,estimated_rule,2016-03,bearish,4260,3600-4799
2016-W10,2016-03-07,2016-03-11,2016,10,97.23,98.42,95.94,96.17,2480,>=2200,bearish,thu,thu,1060,1190,230,9.27,1,4,5,4395400,879080,bearish,1560,1350-1699,cpi,1,1,0,2016-03-11,,estimated_rule,2016-03,bearish,4260,3600-4799
2016-W11,2016-03-14,2016-03-18,2016,11,96.2,97.06,94.58,94.99,2480,>=2200,bearish,wed,fri,1210,860,410,16.53,3,2,5,9659800,1931960,bearish,2480,>=2200,normal,0,0,0,,,estimated_rule,2016-03,bearish,4260,3600-4799
2016-W12,2016-03-21,2016-03-24,2016,12,95.05,96.36,95.0,96.14,1360,1350-1699,bullish,thu,mon,1090,220,50,83.82,4,0,4,5312900,1328225,bearish,2480,>=2200,normal,0,0,0,,,estimated_rule,2016-03,bearish,4260,3600-4799
2016-W13,2016-03-28,2016-04-01,2016,13,96.28,96.4,94.32,94.62,2080,1700-2199,bearish,mon,thu,1660,120,300,14.42,0,5,5,9667400,1933480,bullish,1360,1350-1699,nfp,1,0,1,,2016-04-01,estimated_rule,2016-04,bearish,2190,1600-2199
2016-W14,2016-04-04,2016-04-08,2016,14,94.62,95.07,94.02,94.24,1050,850-1099,bearish,wed,thu,380,450,220,20.95,2,3,5,6507800,1301560,bearish,2080,1700-2199,normal,0,0,0,,,estimated_rule,2016-04,bearish,2190,1600-2199
2016-W15,2016-04-11,2016-04-15,2016,15,94.19,95.2,93.63,94.7,1570,1350-1699,bullish,thu,tue,510,500,560,68.15,2,3,5,5842400,1168480,bearish,1050,850-1099,cpi,1,1,0,2016-04-11,,estimated_rule,2016-04,bearish,2190,1600-2199
2016-W16,2016-04-18,2016-04-22,2016,16,94.7,95.2,93.92,95.12,1280,1100-1349,bullish,fri,thu,420,80,780,93.75,3,2,5,5704300,1140860,bullish,1570,1350-1699,normal,0,0,0,,,estimated_rule,2016-04,bearish,2190,1600-2199
2016-W17,2016-04-25,2016-04-29,2016,17,95.11,95.11,93.01,93.08,2100,1700-2199,bearish,mon,fri,2030,0,70,3.33,0,5,5,5720900,1144180,bullish,1280,1100-1349,normal,0,0,0,,,estimated_rule,2016-04,bearish,2190,1600-2199
2016-W18,2016-05-02,2016-05-06,2016,18,93.02,93.96,91.92,93.89,2040,1700-2199,bullish,fri,tue,870,70,1100,96.57,4,1,5,14108700,2821740,bearish,2100,1700-2199,nfp,1,0,1,,2016-05-06,estimated_rule,2016-05,bullish,3970,3600-4799
2016-W19,2016-05-09,2016-05-13,2016,19,93.83,94.85,93.68,94.61,1170,1100-1349,bullish,fri,wed,780,240,150,79.49,4,1,5,6309600,1261920,bullish,2040,1700-2199,cpi,1,1,0,2016-05-11,,estimated_rule,2016-05,bullish,3970,3600-4799
2016-W20,2016-05-16,2016-05-20,2016,20,94.57,95.5,94.33,95.31,1170,1100-1349,bullish,thu,tue,740,190,240,83.76,4,1,5,6456600,1291320,bullish,1170,1100-1349,normal,0,0,0,,,estimated_rule,2016-05,bullish,3970,3600-4799
2016-W21,2016-05-23,2016-05-27,2016,21,95.29,95.78,94.94,95.52,840,<850,bullish,fri,thu,230,260,350,69.05,2,3,5,6975300,1395060,bullish,1170,1100-1349,normal,0,0,0,,,estimated_rule,2016-05,bullish,3970,3600-4799
2016-W22,2016-05-31,2016-06-03,2016,22,95.66,95.9,93.87,94.03,2030,1700-2199,bearish,wed,fri,1630,240,160,7.88,2,2,4,6002500,1500625,bullish,840,<850,nfp,1,0,1,,2016-06-03,estimated_rule,2016-06,bullish,3690,3600-4799
2016-W23,2016-06-06,2016-06-10,2016,23,93.87,94.71,93.43,94.6,1280,1100-1349,bullish,fri,wed,730,110,440,91.41,3,2,5,6873700,1374740,bearish,2030,1700-2199,normal,0,0,0,,,estimated_rule,2016-06,bullish,3690,3600-4799
2016-W24,2016-06-13,2016-06-17,2016,24,94.64,95.32,94.07,94.21,1250,1100-1349,bearish,thu,fri,430,680,140,11.2,1,4,5,7222700,1444540,bullish,1280,1100-1349,cpi,1,1,0,2016-06-13,,estimated_rule,2016-06,bullish,3690,3600-4799
2016-W25,2016-06-20,2016-06-24,2016,25,93.78,96.7,93.02,95.45,3680,>=2200,bullish,fri,thu,1670,1250,760,66.03,3,2,5,12705200,2541040,bearish,1250,1100-1349,normal,0,0,0,,,estimated_rule,2016-06,bullish,3690,3600-4799
2016-W26,2016-06-27,2016-07-01,2016,26,95.53,96.71,95.41,95.65,1300,1100-1349,bullish,mon,fri,120,1060,120,18.46,2,3,5,14489600,2897920,bullish,3680,>=2200,nfp,1,0,1,,2016-07-01,estimated_rule,2016-07,bearish,2230,2200-2799
2016-W27,2016-07-05,2016-07-08,2016,27,95.55,96.7,95.34,96.3,1360,1350-1699,bullish,fri,tue,750,400,210,70.59,3,1,4,4523200,1130800,bullish,1300,1100-1349,normal,0,0,0,,,estimated_rule,2016-07,bearish,2230,2200-2799
2016-W28,2016-07-11,2016-07-15,2016,28,96.28,96.79,95.83,96.58,960,850-1099,bullish,mon,thu,300,210,450,78.13,2,3,5,6428800,1285760,bullish,1360,1350-1699,cpi,1,1,0,2016-07-11,,estimated_rule,2016-07,bearish,2230,2200-2799
2016-W29,2016-07-18,2016-07-22,2016,29,96.59,97.54,96.47,97.47,1070,850-1099,bullish,fri,mon,880,70,120,93.46,3,2,5,4403300,880660,bullish,960,850-1099,normal,0,0,0,,,estimated_rule,2016-07,bearish,2230,2200-2799
2016-W30,2016-07-25,2016-07-29,2016,30,97.35,97.57,95.38,95.53,2190,1700-2199,bearish,mon,fri,1820,220,150,6.85,1,4,5,9095900,1819180,bullish,1070,850-1099,normal,0,0,0,,,estimated_rule,2016-07,bearish,2230,2200-2799
2016-W31,2016-08-01,2016-08-05,2016,31,95.51,96.52,95.0,96.19,1520,1350-1699,bullish,fri,tue,680,330,510,78.29,4,1,5,5251700,1050340,bearish,2190,1700-2199,nfp,1,0,1,,2016-08-05,estimated_rule,2016-08,bullish,2440,2200-2799
2016-W32,2016-08-08,2016-08-12,2016,32,96.22,96.52,95.25,95.72,1270,1100-1349,bearish,tue,fri,500,300,470,37.01,2,3,5,4132000,826400,bullish,1520,1350-1699,cpi,1,1,0,2016-08-11,,estimated_rule,2016-08,bullish,2440,2200-2799
2016-W33,2016-08-15,2016-08-19,2016,33,95.68,95.8,94.08,94.51,1720,1700-2199,bearish,mon,thu,1170,120,430,25.0,1,4,5,6223500,1244700,bearish,1270,1100-1349,normal,0,0,0,,,estimated_rule,2016-08,bullish,2440,2200-2799
2016-W34,2016-08-22,2016-08-26,2016,34,94.5,95.59,94.21,95.57,1380,1350-1699,bullish,fri,tue,1070,20,290,98.55,3,2,5,7353400,1470680,bearish,1720,1700-2199,normal,0,0,0,,,estimated_rule,2016-08,bullish,2440,2200-2799
2016-W35,2016-08-29,2016-09-02,2016,35,95.46,96.26,95.19,95.88,1070,850-1099,bullish,wed,fri,420,380,270,64.49,4,1,5,12859200,2571840,bullish,1380,1350-1699,nfp,1,0,1,,2016-09-02,estimated_rule,2016-09,bearish,1860,1600-2199
2016-W36,2016-09-06,2016-09-09,2016,36,95.8,95.86,94.47,95.34,1390,1350-1699,bearish,tue,thu,460,60,870,62.59,3,1,4,6711700,1677925,bullish,1070,850-1099,normal,0,0,0,,,estimated_rule,2016-09,bearish,1860,1600-2199
2016-W37,2016-09-12,2016-09-16,2016,37,95.3,96.11,94.94,96.11,1170,1100-1349,bullish,fri,mon,810,0,360,100.0,2,3,5,4976100,995220,bearish,1390,1350-1699,cpi,1,1,0,2016-09-12,,estimated_rule,2016-09,bearish,1860,1600-2199
2016-W38,2016-09-19,2016-09-23,2016,38,96.04,96.33,95.05,95.48,1280,1100-1349,bearish,wed,thu,560,290,430,33.59,2,3,5,8133100,1626620,bullish,1170,1100-1349,normal,0,0,0,,,estimated_rule,2016-09,bearish,1860,1600-2199
2016-W39,2016-09-26,2016-09-30,2016,39,95.51,95.96,95.13,95.46,830,<850,bearish,fri,mon,50,450,330,39.76,2,3,5,3237000,647400,bearish,1280,1100-1349,normal,0,0,0,,,estimated_rule,2016-09,bearish,1860,1600-2199
2016-W40,2016-10-03,2016-10-07,2016,40,95.42,97.19,95.42,96.52,1770,1700-2199,bullish,fri,mon,1100,670,0,62.15,4,1,5,10075100,2015020,bearish,830,<850,nfp,1,0,1,,2016-10-07,estimated_rule,2016-10,bullish,3700,3600-4799
2016-W41,2016-10-11,2016-10-14,2016,41,96.9,98.13,96.9,98.02,1230,1100-1349,bullish,thu,tue,1120,110,0,91.06,3,1,4,5367300,1341825,bullish,1770,1700-2199,cpi,1,1,0,2016-10-11,,estimated_rule,2016-10,bullish,3700,3600-4799
2016-W42,2016-10-17,2016-10-21,2016,42,98.06,98.81,97.61,98.7,1200,1100-1349,bullish,fri,tue,640,110,450,90.83,3,2,5,8267800,1653560,bullish,1230,1100-1349,normal,0,0,0,,,estimated_rule,2016-10,bullish,3700,3600-4799
2016-W43,2016-10-24,2016-10-28,2016,43,98.62,99.12,98.24,98.35,880,850-1099,bearish,tue,fri,270,500,110,12.5,2,3,5,6141900,1228380,bullish,1200,1100-1349,normal,0,0,0,,,estimated_rule,2016-10,bullish,3700,3600-4799
2016-W44,2016-10-31,2016-11-04,2016,44,98.32,98.7,96.89,97.07,1810,1700-2199,bearish,mon,fri,1250,380,180,9.94,1,4,5,7909500,1581900,bearish,880,850-1099,nfp,1,0,1,,2016-11-04,estimated_rule,2016-11,bullish,6030,>=4800
2016-W45,2016-11-07,2016-11-10,2016,45,97.54,99.08,95.89,98.79,3190,>=2200,bullish,thu,wed,1250,290,1650,90.91,4,0,4,8720800,2180200,bearish,1810,1700-2199,cpi,1,1,0,2016-11-11,,estimated_rule,2016-11,bullish,6030,>=4800
2016-W46,2016-11-14,2016-11-18,2016,46,99.0,101.48,99.0,101.21,2480,>=2200,bullish,fri,mon,2210,270,0,89.11,5,0,5,18829800,3765960,bullish,3190,>=2200,normal,0,0,0,,,estimated_rule,2016-11,bullish,6030,>=4800
2016-W47,2016-11-21,2016-11-25,2016,47,101.29,101.92,100.65,101.49,1270,1100-1349,bullish,fri,tue,200,430,640,66.14,2,2,4,10677700,2669425,bullish,2480,>=2200,normal,0,0,0,,,estimated_rule,2016-11,bullish,6030,>=4800
2016-W48,2016-11-28,2016-12-02,2016,48,101.44,101.83,100.62,100.77,1210,1100-1349,bearish,wed,fri,670,390,150,12.4,1,4,5,10721900,2144380,bullish,1270,1100-1349,nfp,1,0,1,,2016-12-02,estimated_rule,2016-12,bullish,4220,3600-4799
2016-W49,2016-12-05,2016-12-09,2016,49,100.66,101.74,99.43,101.57,2310,>=2200,bullish,fri,thu,910,170,1230,92.64,3,2,5,12671900,2534380,bearish,1210,1100-1349,normal,0,0,0,,,estimated_rule,2016-12,bullish,4220,3600-4799
2016-W50,2016-12-12,2016-12-16,2016,50,101.69,103.56,100.73,102.95,2830,>=2200,bullish,thu,wed,1260,610,960,78.45,3,2,5,12279600,2455920,bullish,2310,>=2200,cpi,1,1,0,2016-12-12,,estimated_rule,2016-12,bullish,4220,3600-4799
2016-W51,2016-12-19,2016-12-23,2016,51,102.93,103.65,102.52,103.01,1130,1100-1349,bullish,tue,mon,80,640,410,43.36,3,2,5,8132600,1626520,bullish,2830,>=2200,normal,0,0,0,,,estimated_rule,2016-12,bullish,4220,3600-4799
2016-W52,2016-12-27,2016-12-30,2016,52,102.96,103.63,101.91,102.39,1720,1700-2199,bearish,wed,fri,570,670,480,27.91,3,1,4,5002500,1250625,bullish,1130,1100-1349,normal,0,0,0,,,estimated_rule,2016-12,bullish,4220,3600-4799
2017-W01,2017-01-03,2017-01-06,2017,1,102.87,103.82,101.3,102.22,2520,>=2200,bearish,tue,thu,650,950,920,36.51,2,2,4,14461800,3615450,bearish,1720,1700-2199,nfp,1,0,1,,2017-01-06,estimated_rule,2017-01,bearish,4390,3600-4799
2017-W02,2017-01-09,2017-01-13,2017,2,102.26,102.95,100.72,101.18,2230,>=2200,bearish,wed,thu,1080,690,460,20.63,1,4,5,14065000,2813000,bearish,2520,>=2200,cpi,1,1,0,2017-01-11,,estimated_rule,2017-01,bearish,4390,3600-4799
2017-W03,2017-01-17,2017-01-20,2017,3,101.55,101.73,100.28,100.74,1450,1350-1699,bearish,thu,tue,810,180,460,31.72,1,3,4,20975600,5243900,bearish,2230,>=2200,normal,0,0,0,,,estimated_rule,2017-01,bearish,4390,3600-4799
2017-W04,2017-01-23,2017-01-27,2017,4,100.72,100.82,99.79,100.53,1030,850-1099,bearish,fri,thu,190,100,740,71.84,3,2,5,12218400,2443680,bearish,1450,1350-1699,normal,0,0,0,,,estimated_rule,2017-01,bearish,4390,3600-4799
2017-W05,2017-01-30,2017-02-03,2017,5,100.35,101.02,99.23,99.87,1790,1700-2199,bearish,mon,thu,480,670,640,35.75,4,1,5,12376000,2475200,bearish,1030,850-1099,nfp,1,0,1,,2017-02-03,estimated_rule,2017-02,bullish,2530,2200-2799
2017-W06,2017-02-06,2017-02-10,2017,6,99.62,101.01,99.62,100.8,1390,1350-1699,bullish,fri,mon,1180,210,0,84.89,4,1,5,6930700,1386140,bearish,1790,1700-2199,normal,0,0,0,,,estimated_rule,2017-02,bullish,2530,2200-2799
2017-W07,2017-02-13,2017-02-17,2017,7,100.85,101.76,100.41,100.95,1350,1350-1699,bullish,wed,thu,100,810,440,40.0,3,2,5,7654500,1530900,bullish,1390,1350-1699,cpi,1,1,0,2017-02-13,,estimated_rule,2017-02,bullish,2530,2200-2799
2017-W08,2017-02-21,2017-02-24,2017,8,100.94,101.72,100.66,101.09,1060,850-1099,bullish,wed,fri,150,630,280,40.57,2,2,4,5476600,1369150,bullish,1350,1350-1699,normal,0,0,0,,,estimated_rule,2017-02,bullish,2530,2200-2799
2017-W09,2017-02-27,2017-03-03,2017,9,101.08,102.26,100.69,101.54,1570,1350-1699,bullish,thu,mon,460,720,390,54.14,3,2,5,10486000,2097200,bullish,1060,850-1099,nfp,1,0,1,,2017-03-03,estimated_rule,2017-03,bearish,3400,2800-3599
2017-W10,2017-03-06,2017-03-10,2017,10,101.44,102.25,101.17,101.25,1080,850-1099,bearish,thu,fri,190,810,80,7.41,3,2,5,6430600,1286120,bullish,1570,1350-1699,normal,0,0,0,,,estimated_rule,2017-03,bearish,3400,2800-3599
2017-W11,2017-03-13,2017-03-17,2017,11,101.28,101.79,100.14,100.3,1650,1350-1699,bearish,tue,fri,980,510,160,9.7,3,2,5,10188700,2037740,bearish,1080,850-1099,cpi,1,1,0,2017-03-13,,estimated_rule,2017-03,bearish,3400,2800-3599
2017-W12,2017-03-20,2017-03-24,2017,12,100.34,100.45,99.53,99.63,920,850-1099,bearish,mon,fri,710,110,100,10.87,2,3,5,6775200,1355040,bearish,1650,1350-1699,normal,0,0,0,,,estimated_rule,2017-03,bearish,3400,2800-3599
2017-W13,2017-03-27,2017-03-31,2017,13,99.43,100.65,98.86,100.35,1790,1700-2199,bullish,fri,mon,920,300,570,83.24,3,2,5,6098500,1219700,bearish,920,850-1099,normal,0,0,0,,,estimated_rule,2017-03,bearish,3400,2800-3599
2017-W14,2017-04-03,2017-04-07,2017,14,100.5,101.26,100.37,101.18,890,850-1099,bullish,fri,mon,680,80,130,91.01,5,0,5,8002600,1600520,bullish,1790,1700-2199,nfp,1,0,1,,2017-04-07,estimated_rule,2017-04,bearish,2640,2200-2799
2017-W15,2017-04-10,2017-04-13,2017,15,101.13,101.34,100.01,100.56,1330,1100-1349,bearish,mon,thu,570,210,550,41.35,2,2,4,3720400,930100,bullish,890,850-1099,cpi,1,1,0,2017-04-11,,estimated_rule,2017-04,bearish,2640,2200-2799
2017-W16,2017-04-17,2017-04-21,2017,16,100.47,100.47,99.37,99.98,1100,1100-1349,bearish,mon,thu,490,0,610,55.45,3,2,5,4004000,800800,bearish,1330,1100-1349,normal,0,0,0,,,estimated_rule,2017-04,bearish,2640,2200-2799
2017-W17,2017-04-24,2017-04-28,2017,17,98.79,99.33,98.7,99.05,630,<850,bullish,mon,tue,260,280,90,55.56,3,2,5,5769800,1153960,bearish,1100,1100-1349,normal,0,0,0,,,estimated_rule,2017-04,bearish,2640,2200-2799
2017-W18,2017-05-01,2017-05-05,2017,18,98.93,99.46,98.54,98.65,920,850-1099,bearish,thu,fri,280,530,110,11.96,2,3,5,3392400,678480,bullish,630,<850,nfp,1,0,1,,2017-05-05,estimated_rule,2017-05,bearish,3090,2800-3599
2017-W19,2017-05-08,2017-05-12,2017,19,98.5,99.89,98.5,99.25,1390,1350-1699,bullish,thu,mon,750,640,0,53.96,3,2,5,4209500,841900,bearish,920,850-1099,cpi,1,1,0,2017-05-11,,estimated_rule,2017-05,bearish,3090,2800-3599
2017-W20,2017-05-15,2017-05-19,2017,20,99.16,99.26,97.08,97.15,2180,1700-2199,bearish,mon,fri,2010,100,70,3.21,1,4,5,6102700,1220540,bullish,1390,1350-1699,normal,0,0,0,,,estimated_rule,2017-05,bearish,3090,2800-3599
2017-W21,2017-05-22,2017-05-26,2017,21,97.16,97.55,96.8,97.4,750,<850,bullish,fri,mon,240,150,360,80.0,3,2,5,4775300,955060,bearish,2180,1700-2199,normal,0,0,0,,,estimated_rule,2017-05,bearish,3090,2800-3599
2017-W22,2017-05-30,2017-06-02,2017,22,97.64,97.78,96.65,96.72,1130,1100-1349,bearish,tue,fri,920,140,70,6.19,1,3,4,4405900,1101475,bullish,750,<850,nfp,1,0,1,,2017-06-02,estimated_rule,2017-06,bearish,2400,2200-2799
2017-W23,2017-06-05,2017-06-09,2017,23,96.68,97.5,96.51,97.27,990,850-1099,bullish,fri,wed,590,230,170,76.77,4,1,5,3880700,776140,bearish,1130,1100-1349,normal,0,0,0,,,estimated_rule,2017-06,bearish,2400,2200-2799
2017-W24,2017-06-12,2017-06-16,2017,24,97.27,97.56,96.32,97.16,1240,1100-1349,bearish,thu,wed,110,290,840,67.74,1,4,5,4570200,914040,bullish,990,850-1099,cpi,1,1,0,2017-06-12,,estimated_rule,2017-06,bearish,2400,2200-2799
2017-W25,2017-06-19,2017-06-23,2017,25,97.11,97.87,97.05,97.3,820,<850,bullish,tue,mon,190,570,60,30.49,3,2,5,3578200,715640,bearish,1240,1100-1349,normal,0,0,0,,,estimated_rule,2017-06,bearish,2400,2200-2799
2017-W26,2017-06-26,2017-06-30,2017,26,97.3,97.47,95.47,95.66,2000,1700-2199,bearish,mon,fri,1640,170,190,9.5,2,3,5,6185100,1237020,bullish,820,<850,normal,0,0,0,,,estimated_rule,2017-06,bearish,2400,2200-2799
2017-W27,2017-07-03,2017-07-07,2017,27,95.62,96.51,95.62,96.01,890,850-1099,bullish,wed,mon,390,500,0,43.82,3,1,4,3098700,774675,bearish,2000,1700-2199,nfp,1,0,1,,2017-07-07,estimated_rule,2017-07,bearish,3730,3600-4799
2017-W28,2017-07-10,2017-07-14,2017,28,96.04,96.21,95.09,95.11,1120,1100-1349,bearish,tue,fri,930,170,20,1.79,2,3,5,3850200,770040,bullish,890,850-1099,cpi,1,1,0,2017-07-11,,estimated_rule,2017-07,bearish,3730,3600-4799
2017-W29,2017-07-17,2017-07-21,2017,29,95.1,95.35,93.85,93.94,1500,1350-1699,bearish,mon,fri,1160,250,90,6.0,2,3,5,3925600,785120,bearish,1120,1100-1349,normal,0,0,0,,,estimated_rule,2017-07,bearish,3730,3600-4799
2017-W30,2017-07-24,2017-07-28,2017,30,93.95,94.29,93.15,93.26,1140,1100-1349,bearish,wed,thu,690,340,110,9.65,3,2,5,4757000,951400,bearish,1500,1350-1699,normal,0,0,0,,,estimated_rule,2017-07,bearish,3730,3600-4799
2017-W31,2017-07-31,2017-08-04,2017,31,93.36,93.77,92.55,93.54,1220,1100-1349,bullish,fri,wed,180,230,810,81.15,2,3,5,9420200,1884040,bearish,1140,1100-1349,nfp,1,0,1,,2017-08-04,estimated_rule,2017-08,bearish,2530,2200-2799
2017-W32,2017-08-07,2017-08-11,2017,32,93.5,93.89,92.93,93.07,960,850-1099,bearish,wed,fri,430,390,140,14.58,1,4,5,5827700,1165540,bullish,1220,1100-1349,cpi,1,1,0,2017-08-11,,estimated_rule,2017-08,bearish,2530,2200-2799
2017-W33,2017-08-14,2017-08-18,2017,33,93.09,94.15,93.05,93.43,1100,1100-1349,bullish,wed,mon,340,720,40,34.55,3,2,5,3296400,659280,bearish,960,850-1099,normal,0,0,0,,,estimated_rule,2017-08,bearish,2530,2200-2799
2017-W34,2017-08-21,2017-08-25,2017,34,93.43,93.63,92.42,92.74,1210,1100-1349,bearish,wed,fri,690,200,320,26.45,2,3,5,4454100,890820,bullish,1100,1100-1349,normal,0,0,0,,,estimated_rule,2017-08,bearish,2530,2200-2799
2017-W35,2017-08-28,2017-09-01,2017,35,92.36,93.35,91.62,92.81,1730,1700-2199,bullish,thu,tue,450,540,740,68.79,3,2,5,6682800,1336560,bearish,1210,1100-1349,nfp,1,0,1,,2017-09-01,estimated_rule,2017-09,bullish,2660,2200-2799
2017-W36,2017-09-05,2017-09-08,2017,36,92.6,92.73,91.01,91.33,1720,1700-2199,bearish,tue,fri,1270,130,320,18.6,1,3,4,7454300,1863575,bullish,1730,1700-2199,normal,0,0,0,,,estimated_rule,2017-09,bullish,2660,2200-2799
2017-W37,2017-09-11,2017-09-15,2017,37,91.86,92.66,91.42,91.87,1240,1100-1349,bullish,thu,mon,10,790,440,36.29,3,2,5,8551700,1710340,bearish,1720,1700-2199,cpi,1,1,0,2017-09-11,,estimated_rule,2017-09,bullish,2660,2200-2799
2017-W38,2017-09-18,2017-09-22,2017,38,91.93,92.7,91.53,92.17,1170,1100-1349,bullish,wed,wed,240,530,400,54.7,2,3,5,5820000,1164000,bullish,1240,1100-1349,normal,0,0,0,,,estimated_rule,2017-09,bullish,2660,2200-2799
2017-W39,2017-09-25,2017-09-29,2017,39,92.32,93.67,92.21,93.08,1460,1350-1699,bullish,thu,mon,760,590,110,59.59,3,2,5,5392000,1078400,bullish,1170,1100-1349,normal,0,0,0,,,estimated_rule,2017-09,bullish,2660,2200-2799
2017-W40,2017-10-02,2017-10-06,2017,40,93.29,94.27,93.12,93.8,1150,1100-1349,bullish,fri,mon,510,470,170,59.13,2,3,5,4309200,861840,bullish,1460,1350-1699,nfp,1,0,1,,2017-10-06,estimated_rule,2017-10,bullish,2400,2200-2799
2017-W41,2017-10-09,2017-10-13,2017,41,93.77,93.84,92.75,93.09,1090,850-1099,bearish,mon,fri,680,70,340,31.19,2,3,5,7365100,1473020,bullish,1150,1100-1349,cpi,1,1,0,2017-10-11,,estimated_rule,2017-10,bullish,2400,2200-2799
2017-W42,2017-10-16,2017-10-20,2017,42,93.07,93.8,93.06,93.7,740,<850,bullish,wed,thu,630,100,10,86.49,3,2,5,3770100,754020,bearish,1090,850-1099,normal,0,0,0,,,estimated_rule,2017-10,bullish,2400,2200-2799
2017-W43,2017-10-23,2017-10-27,2017,43,93.84,95.15,93.48,94.92,1670,1350-1699,bullish,fri,thu,1080,230,360,86.23,4,1,5,6261700,1252340,bullish,740,<850,normal,0,0,0,,,estimated_rule,2017-10,bullish,2400,2200-2799
2017-W44,2017-10-30,2017-11-03,2017,44,94.79,95.02,94.41,94.94,610,<850,bullish,fri,thu,150,80,380,86.89,3,2,5,5046000,1009200,bullish,1670,1350-1699,nfp,1,0,1,,2017-11-03,estimated_rule,2017-11,bearish,2650,2200-2799
2017-W45,2017-11-06,2017-11-10,2017,45,94.87,95.15,94.26,94.39,890,850-1099,bearish,tue,fri,480,280,130,14.61,2,3,5,4209800,841960,bullish,610,<850,normal,0,0,0,,,estimated_rule,2017-11,bearish,2650,2200-2799
2017-W46,2017-11-13,2017-11-17,2017,46,94.41,94.64,93.4,93.66,1240,1100-1349,bearish,mon,wed,750,230,260,20.97,2,3,5,5476600,1095320,bearish,890,850-1099,cpi,1,1,0,2017-11-13,,estimated_rule,2017-11,bearish,2650,2200-2799
2017-W47,2017-11-20,2017-11-24,2017,47,93.71,94.17,92.68,92.76,1490,1350-1699,bearish,tue,fri,950,460,80,5.37,1,3,4,3968900,992225,bearish,1240,1100-1349,normal,0,0,0,,,estimated_rule,2017-11,bearish,2650,2200-2799
2017-W48,2017-11-27,2017-12-01,2017,48,92.69,93.51,92.5,92.9,1010,850-1099,bullish,thu,mon,210,610,190,39.6,3,2,5,7629400,1525880,bearish,1490,1350-1699,nfp,1,0,1,,2017-12-01,estimated_rule,2017-12,bearish,2140,1600-2199
2017-W49,2017-12-04,2017-12-08,2017,49,93.22,94.09,93.04,93.9,1050,850-1099,bullish,fri,tue,680,190,180,81.91,4,1,5,3034200,606840,bullish,1010,850-1099,normal,0,0,0,,,estimated_rule,2017-12,bearish,2140,1600-2199
2017-W50,2017-12-11,2017-12-15,2017,50,93.92,94.22,93.28,93.93,940,850-1099,bullish,tue,thu,10,290,640,69.15,3,2,5,5914600,1182920,bullish,1050,850-1099,cpi,1,1,0,2017-12-11,,estimated_rule,2017-12,bearish,2140,1600-2199
2017-W51,2017-12-18,2017-12-22,2017,51,93.98,94.03,93.16,93.35,870,850-1099,bearish,mon,wed,630,50,190,21.84,0,5,5,3918400,783680,bullish,940,850-1099,normal,0,0,0,,,estimated_rule,2017-12,bearish,2140,1600-2199
2017-W52,2017-12-26,2017-12-29,2017,52,93.25,93.4,92.08,92.12,1320,1100-1349,bearish,tue,fri,1130,150,40,3.03,1,3,4,3081500,770375,bearish,870,850-1099,normal,0,0,0,,,estimated_rule,2017-12,bearish,2140,1600-2199
2018-W01,2018-01-02,2018-01-05,2018,1,92.24,92.26,91.75,91.95,510,<850,bearish,wed,tue,290,20,200,39.21,2,2,4,2246700,561675,bearish,1320,1100-1349,nfp,1,0,1,,2018-01-05,estimated_rule,2018-01,bearish,4200,3600-4799
2018-W02,2018-01-08,2018-01-12,2018,2,92.06,92.64,90.9,90.97,1740,1700-2199,bearish,tue,fri,1090,580,70,4.02,2,3,5,4298800,859760,bearish,510,<850,cpi,1,1,0,2018-01-11,,estimated_rule,2018-01,bearish,4200,3600-4799
2018-W03,2018-01-16,2018-01-19,2018,3,90.44,91.0,90.11,90.57,890,850-1099,bullish,thu,thu,130,430,330,51.69,2,2,4,4759300,1189825,bearish,1740,1700-2199,normal,0,0,0,,,estimated_rule,2018-01,bearish,4200,3600-4799
2018-W04,2018-01-22,2018-01-26,2018,4,90.67,90.7,88.44,89.07,2260,>=2200,bearish,mon,fri,1600,30,630,27.88,1,4,5,10259000,2051800,bullish,890,850-1099,normal,0,0,0,,,estimated_rule,2018-01,bearish,4200,3600-4799
2018-W05,2018-01-29,2018-02-02,2018,5,89.02,89.64,88.56,89.2,1080,850-1099,bullish,tue,thu,180,440,460,59.26,3,2,5,9732700,1946540,bearish,2260,>=2200,nfp,1,0,1,,2018-02-02,estimated_rule,2018-02,bullish,2450,2200-2799
2018-W06,2018-02-05,2018-02-09,2018,6,89.19,90.57,89.02,90.44,1550,1350-1699,bullish,thu,mon,1250,130,170,91.61,3,2,5,12014100,2402820,bullish,1080,850-1099,normal,0,0,0,,,estimated_rule,2018-02,bullish,2450,2200-2799
2018-W07,2018-02-12,2018-02-16,2018,7,90.33,90.43,88.25,89.1,2180,1700-2199,bearish,mon,fri,1230,100,850,38.99,1,4,5,6396200,1279240,bullish,1550,1350-1699,cpi,1,1,0,2018-02-12,,estimated_rule,2018-02,bullish,2450,2200-2799
2018-W08,2018-02-20,2018-02-23,2018,8,89.24,90.24,89.22,89.88,1020,850-1099,bullish,thu,tue,640,360,20,64.71,3,1,4,5040000,1260000,bearish,2180,1700-2199,normal,0,0,0,,,estimated_rule,2018-02,bullish,2450,2200-2799
2018-W09,2018-02-26,2018-03-02,2018,9,89.88,90.93,89.5,89.94,1430,1350-1699,bullish,thu,mon,60,990,380,30.77,2,3,5,5750700,1150140,bullish,1020,850-1099,nfp,1,0,1,,2018-03-02,estimated_rule,2018-03,bearish,1990,1600-2199
2018-W10,2018-03-05,2018-03-09,2018,10,89.83,90.36,89.41,90.09,950,850-1099,bullish,fri,wed,260,270,420,71.58,3,2,5,4371100,874220,bullish,1430,1350-1699,normal,0,0,0,,,estimated_rule,2018-03,bearish,1990,1600-2199
2018-W11,2018-03-12,2018-03-16,2018,11,90.11,90.38,89.56,90.23,820,<850,bullish,fri,wed,120,150,550,81.71,3,2,5,4261400,852280,bullish,950,850-1099,cpi,1,1,0,2018-03-12,,estimated_rule,2018-03,bearish,1990,1600-2199
2018-W12,2018-03-19,2018-03-23,2018,12,90.2,90.45,89.4,89.44,1050,850-1099,bearish,tue,thu,760,250,40,3.81,2,3,5,3810600,762120,bullish,820,<850,normal,0,0,0,,,estimated_rule,2018-03,bearish,1990,1600-2199
2018-W13,2018-03-26,2018-03-29,2018,13,89.47,90.18,88.94,90.15,1240,1100-1349,bullish,thu,tue,680,30,530,97.58,3,1,4,3358900,839725,bearish,1050,850-1099,normal,0,0,0,,,estimated_rule,2018-03,bearish,1990,1600-2199
2018-W14,2018-04-02,2018-04-06,2018,14,89.97,90.6,89.82,90.11,780,<850,bullish,fri,mon,140,490,150,37.18,3,2,5,3281000,656200,bullish,1240,1100-1349,nfp,1,0,1,,2018-04-06,estimated_rule,2018-04,bullish,2760,2200-2799
2018-W15,2018-04-09,2018-04-13,2018,15,90.07,90.27,89.36,89.8,910,850-1099,bearish,mon,wed,270,200,440,48.35,2,3,5,7204200,1440840,bullish,780,<850,cpi,1,1,0,2018-04-11,,estimated_rule,2018-04,bullish,2760,2200-2799
2018-W16,2018-04-16,2018-04-20,2018,16,89.77,90.48,89.23,90.32,1250,1100-1349,bullish,fri,tue,550,160,540,87.2,4,1,5,3464000,692800,bearish,910,850-1099,normal,0,0,0,,,estimated_rule,2018-04,bullish,2760,2200-2799
2018-W17,2018-04-23,2018-04-27,2018,17,90.32,91.99,90.32,91.54,1670,1350-1699,bullish,fri,mon,1220,450,0,73.05,3,2,5,5147200,1029440,bullish,1250,1100-1349,normal,0,0,0,,,estimated_rule,2018-04,bullish,2760,2200-2799
2018-W18,2018-04-30,2018-05-04,2018,18,91.53,92.9,91.48,92.57,1420,1350-1699,bullish,fri,mon,1040,330,50,76.76,4,1,5,7158000,1431600,bullish,1670,1350-1699,nfp,1,0,1,,2018-05-04,estimated_rule,2018-05,bullish,3230,2800-3599
2018-W19,2018-05-07,2018-05-11,2018,19,92.57,93.42,92.37,92.54,1050,850-1099,bearish,wed,fri,30,850,170,16.19,2,3,5,3389900,677980,bullish,1420,1350-1699,cpi,1,1,0,2018-05-11,,estimated_rule,2018-05,bullish,3230,2800-3599
2018-W20,2018-05-14,2018-05-18,2018,20,92.55,93.83,92.24,93.64,1590,1350-1699,bullish,fri,mon,1090,190,310,88.05,5,0,5,5480600,1096120,bearish,1050,850-1099,normal,0,0,0,,,estimated_rule,2018-05,bullish,3230,2800-3599
2018-W21,2018-05-21,2018-05-25,2018,21,93.67,94.28,93.29,94.19,990,850-1099,bullish,fri,tue,520,90,380,90.91,4,1,5,5049300,1009860,bullish,1590,1350-1699,normal,0,0,0,,,estimated_rule,2018-05,bullish,3230,2800-3599
2018-W22,2018-05-29,2018-06-01,2018,22,94.41,95.03,93.72,94.19,1310,1100-1349,bearish,tue,thu,220,620,470,35.88,2,2,4,8091600,2022900,bullish,990,850-1099,nfp,1,0,1,,2018-06-01,estimated_rule,2018-06,bullish,2340,2200-2799
2018-W23,2018-06-04,2018-06-08,2018,23,94.16,94.32,93.21,93.55,1110,1100-1349,bearish,tue,thu,610,160,340,30.63,1,4,5,7864500,1572900,bearish,1310,1100-1349,normal,0,0,0,,,estimated_rule,2018-06,bullish,2340,2200-2799
2018-W24,2018-06-11,2018-06-15,2018,24,93.54,95.13,93.19,94.79,1940,1700-2199,bullish,fri,thu,1250,340,350,82.47,3,2,5,8853500,1770700,bearish,1110,1100-1349,cpi,1,1,0,2018-06-11,,estimated_rule,2018-06,bullish,2340,2200-2799
2018-W25,2018-06-18,2018-06-22,2018,25,94.79,95.53,94.43,94.52,1100,1100-1349,bearish,thu,fri,270,740,90,8.18,2,3,5,7937100,1587420,bullish,1940,1700-2199,normal,0,0,0,,,estimated_rule,2018-06,bullish,2340,2200-2799
2018-W26,2018-06-25,2018-06-29,2018,26,94.5,95.53,94.17,94.63,1360,1350-1699,bullish,thu,tue,130,900,330,33.82,3,2,5,5708100,1141620,bearish,1100,1100-1349,normal,0,0,0,,,estimated_rule,2018-06,bullish,2340,2200-2799
2018-W27,2018-07-02,2018-07-06,2018,27,94.63,95.14,93.92,94.04,1220,1100-1349,bearish,mon,fri,590,510,120,9.84,1,3,4,2869100,717275,bullish,1360,1350-1699,nfp,1,0,1,,2018-07-06,estimated_rule,2018-07,bearish,1940,1600-2199
2018-W28,2018-07-09,2018-07-13,2018,28,93.97,95.24,93.71,94.75,1530,1350-1699,bullish,fri,mon,780,490,260,67.97,4,1,5,4114100,822820,bearish,1220,1100-1349,cpi,1,1,0,2018-07-11,,estimated_rule,2018-07,bearish,1940,1600-2199
2018-W29,2018-07-16,2018-07-20,2018,29,94.69,95.65,94.3,94.46,1350,1350-1699,bearish,thu,tue,230,960,160,11.85,3,2,5,4638900,927780,bullish,1530,1350-1699,normal,0,0,0,,,estimated_rule,2018-07,bearish,1940,1600-2199
2018-W30,2018-07-23,2018-07-27,2018,30,94.43,94.91,94.08,94.68,830,<850,bullish,fri,thu,250,230,350,72.29,2,3,5,4047100,809420,bearish,1350,1350-1699,normal,0,0,0,,,estimated_rule,2018-07,bearish,1940,1600-2199
2018-W31,2018-07-30,2018-08-03,2018,31,94.66,95.37,94.16,95.14,1210,1100-1349,bullish,fri,tue,480,230,500,80.99,3,2,5,3250700,650140,bullish,830,<850,nfp,1,0,1,,2018-08-03,estimated_rule,2018-08,bullish,2550,2200-2799
2018-W32,2018-08-06,2018-08-10,2018,32,95.2,96.45,94.99,96.36,1460,1350-1699,bullish,fri,tue,1160,90,210,93.84,3,2,5,2434100,486820,bullish,1210,1100-1349,normal,0,0,0,,,estimated_rule,2018-08,bullish,2550,2200-2799
2018-W33,2018-08-13,2018-08-17,2018,33,95.19,96.98,95.16,96.1,1820,1700-2199,bullish,wed,mon,910,880,30,51.65,3,2,5,5009400,1001880,bullish,1460,1350-1699,cpi,1,1,0,2018-08-13,,estimated_rule,2018-08,bullish,2550,2200-2799
2018-W34,2018-08-20,2018-08-24,2018,34,96.13,96.4,94.93,95.15,1470,1350-1699,bearish,mon,wed,980,270,220,14.97,1,4,5,5063400,1012680,bullish,1820,1700-2199,normal,0,0,0,,,estimated_rule,2018-08,bullish,2550,2200-2799
2018-W35,2018-08-27,2018-08-31,2018,35,95.17,95.3,94.43,95.14,870,850-1099,bearish,mon,tue,30,130,710,81.61,2,3,5,4491200,898240,bearish,1470,1350-1699,normal,0,0,0,,,estimated_rule,2018-08,bullish,2550,2200-2799
2018-W36,2018-09-04,2018-09-07,2018,36,95.14,95.74,94.87,95.37,870,850-1099,bullish,tue,fri,230,370,270,57.47,2,2,4,4756300,1189075,bearish,870,850-1099,nfp,1,0,1,,2018-09-07,estimated_rule,2018-09,bullish,1930,1600-2199
2018-W37,2018-09-10,2018-09-14,2018,37,95.43,95.56,94.36,94.98,1200,1100-1349,bearish,mon,fri,450,130,620,51.67,1,4,5,4481900,896380,bullish,870,850-1099,cpi,1,1,0,2018-09-11,,estimated_rule,2018-09,bullish,1930,1600-2199
2018-W38,2018-09-17,2018-09-21,2018,38,94.93,94.98,93.81,94.22,1170,1100-1349,bearish,mon,fri,710,50,410,35.04,3,2,5,2990500,598100,bearish,1200,1100-1349,normal,0,0,0,,,estimated_rule,2018-09,bullish,1930,1600-2199
2018-W39,2018-09-24,2018-09-28,2018,39,94.23,95.37,93.84,95.19,1530,1350-1699,bullish,fri,mon,960,180,390,88.24,4,1,5,7121000,1424200,bearish,1170,1100-1349,normal,0,0,0,,,estimated_rule,2018-09,bullish,1930,1600-2199
2018-W40,2018-10-01,2018-10-05,2018,40,95.11,96.12,95.0,95.62,1120,1100-1349,bullish,wed,mon,510,500,110,55.36,3,2,5,6397900,1279580,bullish,1530,1350-1699,nfp,1,0,1,,2018-10-05,estimated_rule,2018-10,bullish,2410,2200-2799
2018-W41,2018-10-08,2018-10-12,2018,41,95.62,96.16,94.95,95.22,1210,1100-1349,bearish,tue,fri,400,540,270,22.31,2,3,5,4228300,845660,bullish,1120,1100-1349,cpi,1,1,0,2018-10-11,,estimated_rule,2018-10,bullish,2410,2200-2799
2018-W42,2018-10-15,2018-10-19,2018,42,95.35,96.09,94.79,95.71,1300,1100-1349,bullish,fri,tue,360,380,560,70.77,3,2,5,2518100,503620,bearish,1210,1100-1349,normal,0,0,0,,,estimated_rule,2018-10,bullish,2410,2200-2799
2018-W43,2018-10-22,2018-10-26,2018,43,95.66,96.86,95.47,96.36,1390,1350-1699,bullish,fri,mon,700,500,190,64.03,3,2,5,5492700,1098540,bullish,1300,1100-1349,normal,0,0,0,,,estimated_rule,2018-10,bullish,2410,2200-2799
2018-W44,2018-10-29,2018-11-02,2018,44,96.44,97.2,95.99,96.54,1210,1100-1349,bullish,wed,fri,100,660,450,45.45,4,1,5,3370800,674160,bullish,1390,1350-1699,nfp,1,0,1,,2018-11-02,estimated_rule,2018-11,bullish,2010,1600-2199
2018-W45,2018-11-05,2018-11-09,2018,45,96.44,97.01,95.68,96.91,1330,1100-1349,bullish,fri,wed,470,100,760,92.48,3,2,5,3785200,757040,bullish,1210,1100-1349,normal,0,0,0,,,estimated_rule,2018-11,bullish,2010,1600-2199
2018-W46,2018-11-12,2018-11-16,2018,46,97.05,97.69,96.4,96.47,1290,1100-1349,bearish,mon,fri,580,640,70,5.43,1,4,5,4003500,800700,bullish,1330,1100-1349,cpi,1,1,0,2018-11-12,,estimated_rule,2018-11,bullish,2010,1600-2199
2018-W47,2018-11-19,2018-11-23,2018,47,96.43,96.98,96.04,96.92,940,850-1099,bullish,fri,tue,490,60,390,93.62,2,2,4,1533300,383325,bearish,1290,1100-1349,normal,0,0,0,,,estimated_rule,2018-11,bullish,2010,1600-2199
2018-W48,2018-11-26,2018-11-30,2018,48,96.93,97.54,96.63,97.27,910,850-1099,bullish,wed,thu,340,270,300,70.33,3,2,5,3836600,767320,bullish,940,850-1099,normal,0,0,0,,,estimated_rule,2018-11,bullish,2010,1600-2199
2018-W49,2018-12-03,2018-12-07,2018,49,97.13,97.21,96.38,96.51,830,<850,bearish,thu,tue,620,80,130,15.66,1,3,4,3086400,771600,bullish,910,850-1099,nfp,1,0,1,,2018-12-07,estimated_rule,2018-12,bearish,1640,1600-2199
2018-W50,2018-12-10,2018-12-14,2018,50,96.72,97.71,96.36,97.44,1350,1350-1699,bullish,fri,mon,720,270,360,80.0,4,1,5,3801500,760300,bearish,830,<850,cpi,1,1,0,2018-12-11,,estimated_rule,2018-12,bearish,1640,1600-2199
2018-W51,2018-12-17,2018-12-21,2018,51,97.43,97.46,96.17,96.96,1290,1100-1349,bearish,mon,thu,470,30,790,61.24,3,2,5,4475400,895080,bullish,1350,1350-1699,normal,0,0,0,,,estimated_rule,2018-12,bearish,1640,1600-2199
2018-W52,2018-12-24,2018-12-28,2018,52,96.94,97.12,96.19,96.39,930,850-1099,bearish,wed,fri,550,180,200,21.51,1,3,4,3094500,773625,bearish,1290,1100-1349,normal,0,0,0,,,estimated_rule,2018-12,bearish,1640,1600-2199
2019-W01,2018-12-31,2019-01-04,2019,1,96.4,96.96,95.82,96.19,1140,1100-1349,bearish,wed,wed,210,560,370,32.46,1,3,4,3720400,930100,bearish,930,850-1099,nfp,1,0,1,,2019-01-04,estimated_rule,2019-01,bearish,1930,1600-2199
2019-W02,2019-01-07,2019-01-11,2019,2,96.16,96.16,95.03,95.67,1130,1100-1349,bearish,mon,thu,490,0,640,56.64,3,2,5,5486500,1097300,bearish,1140,1100-1349,cpi,1,1,0,2019-01-11,,estimated_rule,2019-01,bearish,1930,1600-2199
2019-W03,2019-01-14,2019-01-18,2019,3,95.65,96.39,95.47,96.34,920,850-1099,bullish,fri,tue,690,50,180,94.56,4,1,5,4440500,888100,bearish,1130,1100-1349,normal,0,0,0,,,estimated_rule,2019-01,bearish,1930,1600-2199
2019-W04,2019-01-22,2019-01-25,2019,4,96.34,96.68,95.74,95.79,940,850-1099,bearish,thu,fri,550,340,50,5.32,1,3,4,2835000,708750,bullish,920,850-1099,normal,0,0,0,,,estimated_rule,2019-01,bearish,1930,1600-2199
2019-W05,2019-01-28,2019-02-01,2019,5,95.79,95.98,95.16,95.58,820,<850,bearish,wed,thu,210,190,420,51.22,3,2,5,5235600,1047120,bearish,940,850-1099,nfp,1,0,1,,2019-02-01,estimated_rule,2019-02,bullish,1970,1600-2199
2019-W06,2019-02-04,2019-02-08,2019,6,95.6,96.69,95.57,96.64,1120,1100-1349,bullish,fri,mon,1040,50,30,95.54,5,0,5,2675600,535120,bearish,820,<850,normal,0,0,0,,,estimated_rule,2019-02,bullish,1970,1600-2199
2019-W07,2019-02-11,2019-02-15,2019,7,96.66,97.37,96.62,96.92,750,<850,bullish,fri,mon,260,450,40,40.0,2,3,5,2643000,528600,bullish,1120,1100-1349,cpi,1,1,0,2019-02-11,,estimated_rule,2019-02,bullish,1970,1600-2199
2019-W08,2019-02-19,2019-02-22,2019,8,96.81,97.09,96.29,96.51,800,<850,bearish,tue,wed,300,280,220,27.5,1,3,4,1796300,449075,bullish,750,<850,normal,0,0,0,,,estimated_rule,2019-02,bullish,1970,1600-2199
2019-W09,2019-02-25,2019-03-01,2019,9,96.52,96.6,95.82,96.53,780,<850,bullish,mon,thu,10,70,700,91.03,3,2,5,2379800,475960,bearish,800,<850,nfp,1,0,1,,2019-03-01,estimated_rule,2019-03,bullish,1970,1600-2199
2019-W10,2019-03-04,2019-03-08,2019,10,96.34,97.71,96.33,97.37,1380,1350-1699,bullish,thu,mon,1030,340,10,75.36,3,2,5,2665000,533000,bullish,780,<850,normal,0,0,0,,,estimated_rule,2019-03,bullish,1970,1600-2199
2019-W11,2019-03-11,2019-03-15,2019,11,97.39,97.45,96.39,96.6,1060,850-1099,bearish,mon,wed,790,60,210,19.81,1,4,5,2335600,467120,bullish,1380,1350-1699,cpi,1,1,0,2019-03-11,,estimated_rule,2019-03,bullish,1970,1600-2199
2019-W12,2019-03-18,2019-03-22,2019,12,96.57,96.81,95.74,96.65,1070,850-1099,bullish,fri,wed,80,160,830,85.05,2,3,5,2951300,590260,bearish,1060,850-1099,normal,0,0,0,,,estimated_rule,2019-03,bullish,1970,1600-2199
2019-W13,2019-03-25,2019-03-29,2019,13,96.64,97.34,96.41,97.28,930,850-1099,bullish,fri,mon,640,60,230,93.55,4,1,5,1792800,358560,bullish,1070,850-1099,normal,0,0,0,,,estimated_rule,2019-03,bullish,1970,1600-2199
2019-W14,2019-04-01,2019-04-05,2019,14,97.18,97.52,96.96,97.4,560,<850,bullish,tue,wed,220,120,220,78.57,4,1,5,4190400,838080,bullish,930,850-1099,nfp,1,0,1,,2019-04-05,estimated_rule,2019-04,bullish,1580,<1600
2019-W15,2019-04-08,2019-04-12,2019,15,97.39,97.4,96.75,96.97,650,<850,bearish,mon,fri,420,10,220,33.85,1,4,5,2976400,595280,bullish,560,<850,cpi,1,1,0,2019-04-11,,estimated_rule,2019-04,bullish,1580,<1600
2019-W16,2019-04-15,2019-04-18,2019,16,96.93,97.49,96.79,97.47,700,<850,bullish,thu,mon,540,20,140,97.14,3,1,4,1118600,279650,bearish,650,<850,normal,0,0,0,,,estimated_rule,2019-04,bullish,1580,<1600
2019-W17,2019-04-22,2019-04-26,2019,17,97.38,98.33,97.26,98.01,1070,850-1099,bullish,fri,mon,630,320,120,70.09,3,2,5,2507900,501580,bullish,700,<850,normal,0,0,0,,,estimated_rule,2019-04,bullish,1580,<1600
2019-W18,2019-04-29,2019-05-03,2019,18,98.03,98.1,97.15,97.52,950,850-1099,bearish,mon,wed,510,70,370,38.95,2,3,5,3666500,733300,bullish,1070,850-1099,nfp,1,0,1,,2019-05-03,estimated_rule,2019-05,bullish,1340,<1600
2019-W19,2019-05-06,2019-05-10,2019,19,97.56,97.74,97.13,97.33,610,<850,bearish,tue,fri,230,180,200,32.79,2,3,5,1636700,327340,bearish,950,850-1099,normal,0,0,0,,,estimated_rule,2019-05,bullish,1340,<1600
2019-W20,2019-05-13,2019-05-17,2019,20,97.3,98.03,97.03,98.0,1000,850-1099,bullish,fri,mon,700,30,270,97.0,5,0,5,1579300,315860,bearish,610,<850,cpi,1,1,0,2019-05-13,,estimated_rule,2019-05,bullish,1340,<1600
2019-W21,2019-05-20,2019-05-24,2019,21,97.96,98.37,97.55,97.61,820,<850,bearish,thu,fri,350,410,60,7.32,2,3,5,2237000,447400,bullish,1000,850-1099,normal,0,0,0,,,estimated_rule,2019-05,bullish,1340,<1600
2019-W22,2019-05-28,2019-05-31,2019,22,97.74,98.28,97.7,97.75,580,<850,bullish,thu,tue,10,530,40,8.62,3,1,4,1608100,402025,bearish,820,<850,normal,0,0,0,,,estimated_rule,2019-05,bullish,1340,<1600
2019-W23,2019-06-03,2019-06-07,2019,23,97.64,97.8,96.46,96.61,1340,1100-1349,bearish,mon,fri,1030,160,150,11.19,1,4,5,5670700,1134140,bullish,580,<850,nfp,1,0,1,,2019-06-07,estimated_rule,2019-06,bearish,1960,1600-2199
2019-W24,2019-06-10,2019-06-14,2019,24,96.65,97.58,96.58,97.57,1000,850-1099,bullish,fri,wed,920,10,70,99.0,4,1,5,1895300,379060,bearish,1340,1100-1349,cpi,1,1,0,2019-06-11,,estimated_rule,2019-06,bearish,1960,1600-2199
2019-W25,2019-06-17,2019-06-21,2019,25,97.52,97.77,96.15,96.22,1620,1350-1699,bearish,tue,fri,1300,250,70,4.32,2,3,5,3637600,727520,bullish,1000,850-1099,normal,0,0,0,,,estimated_rule,2019-06,bearish,1960,1600-2199
2019-W26,2019-06-24,2019-06-28,2019,26,96.18,96.39,95.84,96.13,550,<850,bearish,thu,tue,50,210,290,52.73,3,2,5,5942900,1188580,bearish,1620,1350-1699,normal,0,0,0,,,estimated_rule,2019-06,bearish,1960,1600-2199
2019-W27,2019-07-01,2019-07-05,2019,27,96.25,97.44,96.25,97.25,1190,1100-1349,bullish,fri,mon,1000,190,0,84.03,3,1,4,2473700,618425,bearish,550,<850,nfp,1,0,1,,2019-07-05,estimated_rule,2019-07,bullish,2430,2200-2799
2019-W28,2019-07-08,2019-07-12,2019,28,97.23,97.59,96.79,96.81,800,<850,bearish,tue,fri,420,360,20,2.5,2,3,5,1595600,319120,bullish,1190,1100-1349,cpi,1,1,0,2019-07-11,,estimated_rule,2019-07,bullish,2430,2200-2799
2019-W29,2019-07-15,2019-07-19,2019,29,96.84,97.44,96.67,97.15,770,<850,bullish,tue,thu,310,290,170,62.34,3,2,5,1646200,329240,bearish,800,<850,normal,0,0,0,,,estimated_rule,2019-07,bullish,2430,2200-2799
2019-W30,2019-07-22,2019-07-26,2019,30,97.15,98.09,97.13,98.01,960,850-1099,bullish,fri,mon,860,80,20,91.67,5,0,5,2642400,528480,bullish,770,<850,normal,0,0,0,,,estimated_rule,2019-07,bullish,2430,2200-2799
2019-W31,2019-07-29,2019-08-02,2019,31,97.99,98.93,97.9,98.1,1030,850-1099,bullish,thu,mon,110,830,90,19.42,2,3,5,3377200,675440,bullish,960,850-1099,nfp,1,0,1,,2019-08-02,estimated_rule,2019-08,bullish,1810,1600-2199
2019-W32,2019-08-05,2019-08-09,2019,32,98.11,98.14,97.21,97.49,930,850-1099,bearish,mon,tue,620,30,280,30.11,2,3,5,6489800,1297960,bullish,1030,850-1099,normal,0,0,0,,,estimated_rule,2019-08,bullish,1810,1600-2199
2019-W33,2019-08-12,2019-08-16,2019,33,97.54,98.34,97.32,98.14,1020,850-1099,bullish,fri,mon,600,200,220,80.39,4,1,5,5113200,1022640,bearish,930,850-1099,cpi,1,1,0,2019-08-12,,estimated_rule,2019-08,bullish,1810,1600-2199
2019-W34,2019-08-19,2019-08-23,2019,34,98.17,98.45,97.59,97.64,860,850-1099,bearish,tue,fri,530,280,50,5.81,2,3,5,4931400,986280,bullish,1020,850-1099,normal,0,0,0,,,estimated_rule,2019-08,bullish,1810,1600-2199
2019-W35,2019-08-26,2019-08-30,2019,35,97.59,99.02,97.48,98.92,1540,1350-1699,bullish,fri,mon,1330,100,110,93.51,4,1,5,3668300,733660,bearish,860,850-1099,normal,0,0,0,,,estimated_rule,2019-08,bullish,1810,1600-2199
2019-W36,2019-09-03,2019-09-06,2019,36,99.08,99.37,98.01,98.39,1360,1350-1699,bearish,tue,fri,690,290,380,27.94,1,3,4,4553400,1138350,bullish,1540,1350-1699,nfp,1,0,1,,2019-09-06,estimated_rule,2019-09,bullish,1600,1600-2199
2019-W37,2019-09-09,2019-09-13,2019,37,98.42,99.1,97.86,98.26,1240,1100-1349,bearish,thu,wed,160,680,400,32.26,2,3,5,4133700,826740,bearish,1360,1350-1699,cpi,1,1,0,2019-09-11,,estimated_rule,2019-09,bullish,1600,1600-2199
2019-W38,2019-09-16,2019-09-20,2019,38,98.12,98.74,98.03,98.51,710,<850,bullish,tue,mon,390,230,90,67.61,3,2,5,2544500,508900,bearish,1240,1100-1349,normal,0,0,0,,,estimated_rule,2019-09,bullish,1600,1600-2199
2019-W39,2019-09-23,2019-09-27,2019,39,98.51,99.31,98.29,99.11,1020,850-1099,bullish,fri,tue,600,200,220,80.39,3,2,5,2979600,595920,bullish,710,<850,normal,0,0,0,,,estimated_rule,2019-09,bullish,1600,1600-2199
2019-W40,2019-09-30,2019-10-04,2019,40,99.12,99.67,98.64,98.81,1030,850-1099,bearish,tue,thu,310,550,170,16.5,1,4,5,5137100,1027420,bullish,1020,850-1099,nfp,1,0,1,,2019-10-04,estimated_rule,2019-10,bearish,2530,2200-2799
2019-W41,2019-10-07,2019-10-11,2019,41,98.82,99.25,98.2,98.3,1050,850-1099,bearish,tue,fri,520,430,100,9.52,3,2,5,3145500,629100,bearish,1030,850-1099,cpi,1,1,0,2019-10-11,,estimated_rule,2019-10,bearish,2530,2200-2799
2019-W42,2019-10-14,2019-10-18,2019,42,98.36,98.65,97.14,97.28,1510,1350-1699,bearish,tue,fri,1080,290,140,9.27,1,4,5,2307500,461500,bearish,1050,850-1099,normal,0,0,0,,,estimated_rule,2019-10,bearish,2530,2200-2799
2019-W43,2019-10-21,2019-10-25,2019,43,97.34,97.9,97.15,97.83,750,<850,bullish,fri,mon,490,70,190,90.67,3,2,5,3932000,786400,bearish,1510,1350-1699,normal,0,0,0,,,estimated_rule,2019-10,bearish,2530,2200-2799
2019-W44,2019-10-28,2019-11-01,2019,44,97.85,98.0,97.11,97.24,890,850-1099,bearish,wed,fri,610,150,130,14.61,0,5,5,2092700,418540,bullish,750,<850,nfp,1,0,1,,2019-11-01,estimated_rule,2019-11,bullish,1430,<1600
2019-W45,2019-11-04,2019-11-08,2019,45,97.22,98.4,97.17,98.35,1230,1100-1349,bullish,fri,mon,1130,50,50,95.93,5,0,5,3395200,679040,bearish,890,850-1099,normal,0,0,0,,,estimated_rule,2019-11,bullish,1430,<1600
2019-W46,2019-11-11,2019-11-15,2019,46,98.37,98.45,97.96,98.0,490,<850,bearish,wed,fri,370,80,40,8.16,2,3,5,1196300,239260,bullish,1230,1100-1349,cpi,1,1,0,2019-11-11,,estimated_rule,2019-11,bullish,1430,<1600
2019-W47,2019-11-18,2019-11-22,2019,47,97.98,98.31,97.68,98.27,630,<850,bullish,fri,mon,290,40,300,93.65,4,1,5,1609000,321800,bearish,490,<850,normal,0,0,0,,,estimated_rule,2019-11,bullish,1430,<1600
2019-W48,2019-11-25,2019-11-29,2019,48,98.27,98.54,98.17,98.27,370,<850,bullish,fri,mon,0,270,100,27.03,2,2,4,3089300,772325,bullish,630,<850,normal,0,0,0,,,estimated_rule,2019-11,bullish,1430,<1600
2019-W49,2019-12-02,2019-12-06,2019,49,98.27,98.38,97.36,97.7,1020,850-1099,bearish,mon,thu,570,110,340,33.33,1,4,5,2105700,421140,bullish,370,<850,nfp,1,0,1,,2019-12-06,estimated_rule,2019-12,bearish,2020,1600-2199
2019-W50,2019-12-09,2019-12-13,2019,50,97.68,97.72,96.72,97.17,1000,850-1099,bearish,mon,fri,510,40,450,45.0,2,3,5,1889200,377840,bearish,1020,850-1099,cpi,1,1,0,2019-12-11,,estimated_rule,2019-12,bearish,2020,1600-2199
2019-W51,2019-12-16,2019-12-20,2019,51,97.18,97.76,96.93,97.71,830,<850,bullish,fri,mon,530,50,250,93.98,4,1,5,2365700,473140,bearish,1000,850-1099,normal,0,0,0,,,estimated_rule,2019-12,bearish,2020,1600-2199
2019-W52,2019-12-23,2019-12-27,2019,52,97.67,97.82,96.92,96.92,900,850-1099,bearish,mon,fri,750,150,0,0.0,0,4,4,1908600,477150,bullish,830,<850,normal,0,0,0,,,estimated_rule,2019-12,bearish,2020,1600-2199
2020-W01,2019-12-30,2020-01-03,2020,1,97.0,97.11,96.36,96.84,750,<850,bearish,fri,tue,160,110,480,64.0,2,2,4,2252800,563200,bearish,900,850-1099,nfp,1,0,1,,2020-01-03,estimated_rule,2020-01,bullish,1760,1600-2199
2020-W02,2020-01-06,2020-01-10,2020,2,96.9,97.58,96.54,97.36,1040,850-1099,bullish,fri,mon,460,220,360,78.85,3,2,5,1518300,303660,bearish,750,<850,normal,0,0,0,,,estimated_rule,2020-01,bullish,1760,1600-2199
2020-W03,2020-01-13,2020-01-17,2020,3,97.35,97.66,97.09,97.61,570,<850,bullish,fri,thu,260,50,260,91.23,4,1,5,1442500,288500,bullish,1040,850-1099,cpi,1,1,0,2020-01-13,,estimated_rule,2020-01,bullish,1760,1600-2199
2020-W04,2020-01-21,2020-01-24,2020,4,97.63,97.95,97.39,97.85,560,<850,bullish,fri,tue,220,100,240,82.14,2,2,4,891900,222975,bullish,570,<850,normal,0,0,0,,,estimated_rule,2020-01,bullish,1760,1600-2199
2020-W05,2020-01-27,2020-01-31,2020,5,97.88,98.19,97.36,97.39,830,<850,bearish,wed,fri,490,310,30,3.61,3,2,5,1483400,296680,bullish,560,<850,normal,0,0,0,,,estimated_rule,2020-01,bullish,1760,1600-2199
2020-W06,2020-02-03,2020-02-07,2020,6,97.37,98.71,97.37,98.68,1340,1100-1349,bullish,fri,mon,1310,30,0,97.76,5,0,5,1954400,390880,bearish,830,<850,nfp,1,0,1,,2020-02-07,estimated_rule,2020-02,bullish,2540,2200-2799
2020-W07,2020-02-10,2020-02-14,2020,7,98.7,99.16,98.6,99.12,560,<850,bullish,fri,mon,420,40,100,92.86,4,1,5,1452400,290480,bullish,1340,1100-1349,cpi,1,1,0,2020-02-11,,estimated_rule,2020-02,bullish,2540,2200-2799
2020-W08,2020-02-18,2020-02-21,2020,8,99.19,99.91,99.14,99.26,770,<850,bullish,thu,tue,70,650,50,15.58,3,1,4,1979600,494900,bullish,560,<850,normal,0,0,0,,,estimated_rule,2020-02,bullish,2540,2200-2799
2020-W09,2020-02-24,2020-02-28,2020,9,99.34,99.64,97.96,98.13,1680,1350-1699,bearish,mon,fri,1210,300,170,10.12,0,5,5,6913100,1382620,bullish,770,<850,normal,0,0,0,,,estimated_rule,2020-02,bullish,2540,2200-2799
2020-W10,2020-03-02,2020-03-06,2020,10,98.08,98.09,95.71,95.95,2380,>=2200,bearish,mon,fri,2130,10,240,10.08,1,4,5,5913700,1182740,bearish,1680,1350-1699,nfp,1,0,1,,2020-03-06,estimated_rule,2020-03,bullish,8340,>=4800
2020-W11,2020-03-09,2020-03-13,2020,11,95.79,98.81,94.65,98.75,4160,>=2200,bullish,fri,mon,2960,60,1140,98.56,4,1,5,13101000,2620200,bearish,2380,>=2200,cpi,1,1,0,2020-03-11,,estimated_rule,2020-03,bullish,8340,>=4800
2020-W12,2020-03-16,2020-03-20,2020,12,98.47,102.99,97.45,102.82,5540,>=2200,bullish,fri,mon,4350,170,1020,96.93,3,2,5,18113700,3622740,bullish,4160,>=2200,normal,0,0,0,,,estimated_rule,2020-03,bullish,8340,>=4800
2020-W13,2020-03-23,2020-03-27,2020,13,101.95,102.98,98.27,98.37,4710,>=2200,bearish,mon,fri,3580,1030,100,2.12,1,4,5,24016000,4803200,bullish,5540,>=2200,normal,0,0,0,,,estimated_rule,2020-03,bullish,8340,>=4800
2020-W14,2020-03-30,2020-04-03,2020,14,98.31,100.85,98.29,100.58,2560,>=2200,bullish,fri,mon,2270,270,20,89.45,4,1,5,13568000,2713600,bearish,4710,>=2200,nfp,1,0,1,,2020-04-03,estimated_rule,2020-04,bullish,2120,1600-2199
2020-W15,2020-04-06,2020-04-09,2020,15,100.66,100.93,99.36,99.52,1570,1350-1699,bearish,mon,thu,1140,270,160,10.19,2,2,4,7684100,1921025,bullish,2560,>=2200,normal,0,0,0,,,estimated_rule,2020-04,bullish,2120,1600-2199
2020-W16,2020-04-13,2020-04-17,2020,16,99.49,100.3,98.82,99.78,1480,1350-1699,bullish,thu,wed,290,520,670,64.86,2,3,5,9182000,1836400,bearish,1570,1350-1699,cpi,1,1,0,2020-04-13,,estimated_rule,2020-04,bullish,2120,1600-2199
2020-W17,2020-04-20,2020-04-24,2020,17,99.71,100.87,99.65,100.38,1220,1100-1349,bullish,fri,mon,670,490,60,59.84,3,2,5,6225100,1245020,bullish,1480,1350-1699,normal,0,0,0,,,estimated_rule,2020-04,bullish,2120,1600-2199
2020-W18,2020-04-27,2020-05-01,2020,18,100.23,100.32,98.78,98.8,1540,1350-1699,bearish,mon,fri,1430,90,20,1.3,0,5,5,6952700,1390540,bullish,1220,1100-1349,nfp,1,0,1,,2020-05-01,estimated_rule,2020-05,bearish,2610,2200-2799
2020-W19,2020-05-04,2020-05-08,2020,19,99.09,100.4,99.09,99.73,1310,1100-1349,bullish,thu,mon,640,670,0,48.86,3,2,5,8438300,1687660,bearish,1540,1350-1699,normal,0,0,0,,,estimated_rule,2020-05,bearish,2610,2200-2799
2020-W20,2020-05-11,2020-05-15,2020,20,99.67,100.56,99.58,100.4,980,850-1099,bullish,thu,wed,730,160,90,83.67,4,1,5,7193100,1438620,bullish,1310,1100-1349,cpi,1,1,0,2020-05-11,,estimated_rule,2020-05,bearish,2610,2200-2799
2020-W21,2020-05-18,2020-05-22,2020,21,100.36,100.47,99.0,99.86,1470,1350-1699,bearish,mon,wed,500,110,860,58.5,2,3,5,7510800,1502160,bullish,980,850-1099,normal,0,0,0,,,estimated_rule,2020-05,bearish,2610,2200-2799
2020-W22,2020-05-26,2020-05-29,2020,22,99.77,99.77,97.95,98.34,1820,1700-2199,bearish,tue,fri,1430,0,390,21.43,1,3,4,6076100,1519025,bearish,1470,1350-1699,normal,0,0,0,,,estimated_rule,2020-05,bearish,2610,2200-2799
2020-W23,2020-06-01,2020-06-05,2020,23,98.3,98.32,96.44,96.94,1880,1700-2199,bearish,mon,fri,1360,20,500,26.6,1,4,5,16288200,3257640,bearish,1820,1700-2199,nfp,1,0,1,,2020-06-05,estimated_rule,2020-06,bearish,2600,2200-2799
2020-W24,2020-06-08,2020-06-12,2020,24,96.84,97.45,95.72,97.32,1730,1700-2199,bullish,fri,wed,480,130,1120,92.49,2,3,5,6924400,1384880,bearish,1880,1700-2199,cpi,1,1,0,2020-06-11,,estimated_rule,2020-06,bearish,2600,2200-2799
2020-W25,2020-06-15,2020-06-19,2020,25,97.09,97.72,96.43,97.62,1290,1100-1349,bullish,fri,tue,530,100,660,92.25,4,1,5,5471700,1094340,bullish,1730,1700-2199,normal,0,0,0,,,estimated_rule,2020-06,bearish,2600,2200-2799
2020-W26,2020-06-22,2020-06-26,2020,26,97.66,97.74,96.39,97.5,1350,1350-1699,bearish,mon,tue,160,80,1110,82.22,3,2,5,5374800,1074960,bullish,1290,1100-1349,normal,0,0,0,,,estimated_rule,2020-06,bearish,2600,2200-2799
2020-W27,2020-06-29,2020-07-02,2020,27,97.5,97.8,96.81,97.32,990,850-1099,bearish,tue,thu,180,300,510,51.52,2,2,4,2803000,700750,bearish,1350,1350-1699,nfp,1,0,1,,2020-07-03,estimated_rule,2020-07,bearish,5070,>=4800
2020-W28,2020-07-06,2020-07-10,2020,28,97.15,97.2,96.24,96.65,960,850-1099,bearish,mon,thu,500,50,410,42.71,2,3,5,2869900,573980,bearish,990,850-1099,normal,0,0,0,,,estimated_rule,2020-07,bearish,5070,>=4800
2020-W29,2020-07-13,2020-07-17,2020,29,96.66,96.7,95.78,95.94,920,850-1099,bearish,tue,wed,720,40,160,17.39,1,4,5,2468300,493660,bearish,960,850-1099,cpi,1,1,0,2020-07-13,,estimated_rule,2020-07,bearish,5070,>=4800
2020-W30,2020-07-20,2020-07-24,2020,30,96.01,96.18,94.33,94.44,1850,1700-2199,bearish,mon,fri,1570,170,110,5.95,0,5,5,4646400,929280,bearish,920,850-1099,normal,0,0,0,,,estimated_rule,2020-07,bearish,5070,>=4800
2020-W31,2020-07-27,2020-07-31,2020,31,94.35,94.42,92.55,93.49,1870,1700-2199,bearish,mon,fri,860,70,940,50.27,2,3,5,6220300,1244060,bearish,1850,1700-2199,normal,0,0,0,,,estimated_rule,2020-07,bearish,5070,>=4800
2020-W32,2020-08-03,2020-08-07,2020,32,93.46,93.99,92.52,93.44,1470,1350-1699,bearish,mon,thu,20,530,920,62.59,3,2,5,5776600,1155320,bearish,1870,1700-2199,nfp,1,0,1,,2020-08-07,estimated_rule,2020-08,bearish,2000,1600-2199
2020-W33,2020-08-10,2020-08-14,2020,33,93.39,93.91,92.93,93.1,980,850-1099,bearish,wed,thu,290,520,170,17.35,2,3,5,5761000,1152200,bearish,1470,1350-1699,cpi,1,1,0,2020-08-11,,estimated_rule,2020-08,bearish,2000,1600-2199
2020-W34,2020-08-17,2020-08-21,2020,34,93.1,93.47,92.13,93.25,1340,1100-1349,bullish,fri,tue,150,220,970,83.58,2,3,5,6170200,1234040,bearish,980,850-1099,normal,0,0,0,,,estimated_rule,2020-08,bearish,2000,1600-2199
2020-W35,2020-08-24,2020-08-28,2020,35,93.2,93.36,92.2,92.37,1160,1100-1349,bearish,wed,fri,830,160,170,14.66,2,3,5,4098100,819620,bullish,1340,1100-1349,normal,0,0,0,,,estimated_rule,2020-08,bearish,2000,1600-2199
2020-W36,2020-08-31,2020-09-04,2020,36,92.3,93.24,91.75,92.72,1490,1350-1699,bullish,fri,tue,420,520,550,65.1,3,2,5,6876800,1375360,bearish,1160,1100-1349,nfp,1,0,1,,2020-09-04,estimated_rule,2020-09,bullish,2990,2800-3599
2020-W37,2020-09-08,2020-09-11,2020,37,93.05,93.66,92.7,93.33,960,850-1099,bullish,wed,thu,280,330,350,65.63,3,1,4,3621300,905325,bullish,1490,1350-1699,cpi,1,1,0,2020-09-11,,estimated_rule,2020-09,bullish,2990,2800-3599
2020-W38,2020-09-14,2020-09-18,2020,38,93.29,93.59,92.77,92.93,820,<850,bearish,thu,fri,360,300,160,19.51,2,3,5,3357700,671540,bullish,960,850-1099,normal,0,0,0,,,estimated_rule,2020-09,bullish,2990,2800-3599
2020-W39,2020-09-21,2020-09-25,2020,39,93.01,94.74,92.75,94.58,1990,1700-2199,bullish,fri,mon,1570,160,260,91.96,4,1,5,18648700,3729740,bearish,820,<850,normal,0,0,0,,,estimated_rule,2020-09,bullish,2990,2800-3599
2020-W40,2020-09-28,2020-10-02,2020,40,94.58,94.64,93.53,93.84,1110,1100-1349,bearish,mon,thu,740,60,310,27.93,2,3,5,5483200,1096640,bullish,1990,1700-2199,nfp,1,0,1,,2020-10-02,estimated_rule,2020-10,bullish,1630,1600-2199
2020-W41,2020-10-05,2020-10-09,2020,41,93.81,93.9,93.01,93.06,890,850-1099,bearish,wed,fri,750,90,50,5.62,2,3,5,7367100,1473420,bearish,1110,1100-1349,normal,0,0,0,,,estimated_rule,2020-10,bullish,1630,1600-2199
2020-W42,2020-10-12,2020-10-16,2020,42,93.06,93.9,93.01,93.68,890,850-1099,bullish,thu,mon,620,220,50,75.28,3,2,5,16461300,3292260,bearish,890,850-1099,cpi,1,1,0,2020-10-12,,estimated_rule,2020-10,bullish,1630,1600-2199
2020-W43,2020-10-19,2020-10-23,2020,43,93.72,93.77,92.47,92.77,1300,1100-1349,bearish,mon,wed,950,50,300,23.08,1,4,5,5466000,1093200,bullish,890,850-1099,normal,0,0,0,,,estimated_rule,2020-10,bullish,1630,1600-2199
2020-W44,2020-10-26,2020-10-30,2020,44,92.76,94.1,92.74,94.04,1360,1350-1699,bullish,thu,mon,1280,60,20,95.59,4,1,5,3026900,605380,bearish,1300,1100-1349,normal,0,0,0,,,estimated_rule,2020-10,bullish,1630,1600-2199
2020-W45,2020-11-02,2020-11-06,2020,45,93.89,94.3,92.18,92.23,2120,1700-2199,bearish,wed,fri,1660,410,50,2.36,2,3,5,14101700,2820340,bullish,1360,1350-1699,nfp,1,0,1,,2020-11-06,estimated_rule,2020-11,bearish,2790,2200-2799
2020-W46,2020-11-09,2020-11-13,2020,46,92.24,93.21,92.13,92.76,1080,850-1099,bullish,wed,mon,520,450,110,58.33,2,3,5,4609800,921960,bearish,2120,1700-2199,cpi,1,1,0,2020-11-11,,estimated_rule,2020-11,bearish,2790,2200-2799
2020-W47,2020-11-16,2020-11-20,2020,47,92.72,92.84,92.21,92.39,630,<850,bearish,mon,wed,330,120,180,28.57,1,4,5,5064000,1012800,bullish,1080,850-1099,normal,0,0,0,,,estimated_rule,2020-11,bearish,2790,2200-2799
2020-W48,2020-11-23,2020-11-27,2020,48,92.4,92.8,91.76,91.79,1040,850-1099,bearish,mon,fri,610,400,30,2.88,1,3,4,2212600,553150,bearish,630,<850,normal,0,0,0,,,estimated_rule,2020-11,bearish,2790,2200-2799
2020-W49,2020-11-30,2020-12-04,2020,49,91.78,92.05,90.48,90.7,1570,1350-1699,bearish,mon,fri,1080,270,220,14.01,1,4,5,5379000,1075800,bearish,1040,850-1099,nfp,1,0,1,,2020-12-04,estimated_rule,2020-12,bearish,2430,2200-2799
2020-W50,2020-12-07,2020-12-11,2020,50,90.81,91.24,90.62,90.98,620,<850,bullish,mon,mon,170,260,190,58.07,3,2,5,3654100,730820,bearish,1570,1350-1699,cpi,1,1,0,2020-12-11,,estimated_rule,2020-12,bearish,2430,2200-2799
2020-W51,2020-12-14,2020-12-18,2020,51,90.98,90.98,89.73,90.02,1250,1100-1349,bearish,mon,thu,960,0,290,23.2,1,4,5,3879500,775900,bullish,620,<850,normal,0,0,0,,,estimated_rule,2020-12,bearish,2430,2200-2799
2020-W52,2020-12-21,2020-12-24,2020,52,89.92,91.02,89.92,90.33,1100,1100-1349,bullish,mon,mon,410,690,0,37.27,3,1,4,3059500,764875,bearish,1250,1100-1349,normal,0,0,0,,,estimated_rule,2020-12,bearish,2430,2200-2799
2020-W53,2020-12-28,2020-12-31,2020,53,90.22,90.38,89.52,89.94,860,850-1099,bearish,mon,thu,280,160,420,48.84,2,2,4,4746200,1186550,bullish,1100,1100-1349,nfp,1,0,1,,2021-01-01,estimated_rule,2020-12,bearish,2430,2200-2799
2021-W01,2021-01-04,2021-01-08,2021,1,89.93,90.25,89.21,90.1,1040,850-1099,bullish,fri,wed,170,150,720,85.58,3,2,5,5784600,1156920,bearish,860,850-1099,normal,0,0,0,,,estimated_rule,2021-01,bullish,1670,1600-2199
2021-W02,2021-01-11,2021-01-15,2021,2,90.07,90.8,89.92,90.78,880,850-1099,bullish,fri,wed,710,20,150,97.73,3,2,5,5554000,1110800,bullish,1040,850-1099,cpi,1,1,0,2021-01-11,,estimated_rule,2021-01,bullish,1670,1600-2199
2021-W03,2021-01-19,2021-01-22,2021,3,90.73,90.76,90.05,90.24,710,<850,bearish,tue,thu,490,30,190,26.76,2,2,4,3548900,887225,bullish,880,850-1099,normal,0,0,0,,,estimated_rule,2021-01,bullish,1670,1600-2199
2021-W04,2021-01-25,2021-01-29,2021,4,90.23,90.88,90.08,90.58,800,<850,bullish,wed,mon,350,300,150,62.5,3,2,5,3959700,791940,bearish,710,<850,normal,0,0,0,,,estimated_rule,2021-01,bullish,1670,1600-2199
2021-W05,2021-02-01,2021-02-05,2021,5,90.53,91.6,90.5,91.04,1100,1100-1349,bullish,fri,mon,510,560,30,49.09,4,1,5,8095900,1619180,bullish,800,<850,nfp,1,0,1,,2021-02-05,estimated_rule,2021-02,bullish,1920,1600-2199
2021-W06,2021-02-08,2021-02-12,2021,6,91.0,91.24,90.25,90.48,990,850-1099,bearish,mon,wed,520,240,230,23.23,1,4,5,5152200,1030440,bullish,1100,1100-1349,cpi,1,1,0,2021-02-11,,estimated_rule,2021-02,bullish,1920,1600-2199
2021-W07,2021-02-16,2021-02-19,2021,7,90.29,91.06,90.12,90.36,940,850-1099,bullish,wed,tue,70,700,170,25.53,2,2,4,3793900,948475,bearish,990,850-1099,normal,0,0,0,,,estimated_rule,2021-02,bullish,1920,1600-2199
2021-W08,2021-02-22,2021-02-26,2021,8,90.34,90.97,89.68,90.93,1290,1100-1349,bullish,fri,thu,590,40,660,96.9,4,1,5,4361900,872380,bullish,940,850-1099,normal,0,0,0,,,estimated_rule,2021-02,bullish,1920,1600-2199
2021-W09,2021-03-01,2021-03-05,2021,9,90.93,92.19,90.63,91.98,1560,1350-1699,bullish,fri,wed,1050,210,300,86.54,4,1,5,9398200,1879640,bullish,1290,1100-1349,nfp,1,0,1,,2021-03-05,estimated_rule,2021-03,bullish,2810,2800-3599
2021-W10,2021-03-08,2021-03-12,2021,10,91.99,92.5,91.37,91.68,1130,1100-1349,bearish,tue,thu,310,510,310,27.43,2,3,5,7607000,1521400,bullish,1560,1350-1699,cpi,1,1,0,2021-03-11,,estimated_rule,2021-03,bullish,2810,2800-3599
2021-W11,2021-03-15,2021-03-19,2021,11,91.66,92.17,91.3,91.92,870,850-1099,bullish,fri,thu,260,250,360,71.26,4,1,5,7023300,1404660,bearish,1130,1100-1349,normal,0,0,0,,,estimated_rule,2021-03,bullish,2810,2800-3599
2021-W12,2021-03-22,2021-03-26,2021,12,91.74,92.92,91.71,92.77,1210,1100-1349,bullish,thu,mon,1030,150,30,87.6,4,1,5,5961300,1192260,bullish,870,850-1099,normal,0,0,0,,,estimated_rule,2021-03,bullish,2810,2800-3599
2021-W13,2021-03-29,2021-04-01,2021,13,92.72,93.44,92.72,92.93,720,<850,bullish,wed,mon,210,510,0,29.17,2,2,4,5215600,1303900,bullish,1210,1100-1349,nfp,1,0,1,,2021-04-02,estimated_rule,2021-04,bearish,2920,2800-3599
2021-W14,2021-04-05,2021-04-09,2021,14,93.01,93.11,92.0,92.16,1110,1100-1349,bearish,mon,thu,850,100,160,14.41,2,3,5,5582600,1116520,bullish,720,<850,normal,0,0,0,,,estimated_rule,2021-04,bearish,2920,2800-3599
2021-W15,2021-04-12,2021-04-16,2021,15,92.18,92.33,91.49,91.56,840,<850,bearish,mon,thu,620,150,70,8.33,1,4,5,2432800,486560,bearish,1110,1100-1349,cpi,1,1,0,2021-04-12,,estimated_rule,2021-04,bearish,2920,2800-3599
2021-W16,2021-04-19,2021-04-23,2021,16,91.54,91.75,90.81,90.86,940,850-1099,bearish,mon,fri,680,210,50,5.32,2,3,5,3238400,647680,bearish,840,<850,normal,0,0,0,,,estimated_rule,2021-04,bearish,2920,2800-3599
2021-W17,2021-04-26,2021-04-30,2021,17,90.83,91.32,90.42,91.28,900,850-1099,bullish,fri,thu,450,40,410,95.56,3,2,5,3030500,606100,bearish,940,850-1099,normal,0,0,0,,,estimated_rule,2021-04,bearish,2920,2800-3599
2021-W18,2021-05-03,2021-05-07,2021,18,91.3,91.44,90.19,90.23,1250,1100-1349,bearish,wed,fri,1070,140,40,3.2,2,3,5,6000900,1200180,bullish,900,850-1099,nfp,1,0,1,,2021-05-07,estimated_rule,2021-05,bearish,1900,1600-2199
2021-W19,2021-05-10,2021-05-14,2021,19,90.23,90.91,89.98,90.32,930,850-1099,bullish,thu,tue,90,590,250,36.56,2,3,5,4677300,935460,bearish,1250,1100-1349,cpi,1,1,0,2021-05-11,,estimated_rule,2021-05,bearish,1900,1600-2199
2021-W20,2021-05-17,2021-05-21,2021,20,90.3,90.43,89.65,90.02,780,<850,bearish,mon,fri,280,130,370,47.44,2,3,5,3754700,750940,bullish,930,850-1099,normal,0,0,0,,,estimated_rule,2021-05,bearish,1900,1600-2199
2021-W21,2021-05-24,2021-05-28,2021,21,90.03,90.44,89.54,90.03,900,850-1099,bullish,fri,tue,0,410,490,54.44,2,3,5,2626000,525200,bearish,780,<850,normal,0,0,0,,,estimated_rule,2021-05,bearish,1900,1600-2199
2021-W22,2021-06-01,2021-06-04,2021,22,89.81,90.63,89.66,90.14,970,850-1099,bullish,fri,tue,330,490,150,49.48,2,2,4,5704100,1426025,bullish,900,850-1099,nfp,1,0,1,,2021-06-04,estimated_rule,2021-06,bullish,2790,2200-2799
2021-W23,2021-06-07,2021-06-11,2021,23,90.13,90.61,89.84,90.56,770,<850,bullish,fri,wed,430,50,290,93.51,2,3,5,4208300,841660,bullish,970,850-1099,cpi,1,1,0,2021-06-11,,estimated_rule,2021-06,bullish,2790,2200-2799
2021-W24,2021-06-14,2021-06-18,2021,24,90.51,92.41,90.35,92.23,2060,1700-2199,bullish,fri,tue,1720,180,160,91.26,5,0,5,6539200,1307840,bullish,770,<850,normal,0,0,0,,,estimated_rule,2021-06,bullish,2790,2200-2799
2021-W25,2021-06-21,2021-06-25,2021,25,92.32,92.37,91.51,91.81,860,850-1099,bearish,mon,wed,510,50,300,34.88,2,3,5,2929200,585840,bullish,2060,1700-2199,normal,0,0,0,,,estimated_rule,2021-06,bullish,2790,2200-2799
2021-W26,2021-06-28,2021-07-02,2021,26,91.81,92.74,91.7,92.23,1040,850-1099,bullish,fri,mon,420,510,110,50.96,4,1,5,5628500,1125700,bearish,860,850-1099,nfp,1,0,1,,2021-07-02,estimated_rule,2021-07,bearish,1410,<1600
2021-W27,2021-07-06,2021-07-09,2021,27,92.24,92.85,92.0,92.13,850,850-1099,bearish,wed,tue,110,610,130,15.29,2,2,4,4340200,1085050,bullish,1040,850-1099,normal,0,0,0,,,estimated_rule,2021-07,bearish,1410,<1600
2021-W28,2021-07-12,2021-07-16,2021,28,92.1,92.83,92.08,92.69,750,<850,bullish,wed,mon,590,140,20,81.33,4,1,5,3983600,796720,bearish,850,850-1099,cpi,1,1,0,2021-07-12,,estimated_rule,2021-07,bearish,1410,<1600
2021-W29,2021-07-19,2021-07-23,2021,29,92.71,93.19,92.51,92.91,680,<850,bullish,wed,thu,200,280,200,58.82,4,1,5,4709800,941960,bullish,750,<850,normal,0,0,0,,,estimated_rule,2021-07,bearish,1410,<1600
2021-W30,2021-07-26,2021-07-30,2021,30,92.91,92.96,91.78,92.17,1180,1100-1349,bearish,mon,fri,740,50,390,33.05,1,4,5,3436400,687280,bullish,680,<850,normal,0,0,0,,,estimated_rule,2021-07,bearish,1410,<1600
2021-W31,2021-08-02,2021-08-06,2021,31,92.09,92.84,91.82,92.8,1020,850-1099,bullish,fri,wed,710,40,270,96.08,3,2,5,3614000,722800,bearish,1180,1100-1349,nfp,1,0,1,,2021-08-06,estimated_rule,2021-08,bullish,1910,1600-2199
2021-W32,2021-08-09,2021-08-13,2021,32,92.78,93.19,92.47,92.52,720,<850,bearish,wed,fri,260,410,50,6.94,3,2,5,3214900,642980,bullish,1020,850-1099,cpi,1,1,0,2021-08-11,,estimated_rule,2021-08,bullish,1910,1600-2199
2021-W33,2021-08-16,2021-08-20,2021,33,92.52,93.73,92.48,93.5,1250,1100-1349,bullish,fri,mon,980,230,40,81.6,4,1,5,3800000,760000,bearish,720,<850,normal,0,0,0,,,estimated_rule,2021-08,bullish,1910,1600-2199
2021-W34,2021-08-23,2021-08-27,2021,34,93.46,93.51,92.63,92.69,880,850-1099,bearish,mon,fri,770,50,60,6.82,1,4,5,4051200,810240,bullish,1250,1100-1349,normal,0,0,0,,,estimated_rule,2021-08,bullish,1910,1600-2199
2021-W35,2021-08-30,2021-09-03,2021,35,92.68,92.79,91.95,92.04,840,<850,bearish,mon,fri,640,110,90,10.71,0,5,5,3637100,727420,bearish,880,850-1099,nfp,1,0,1,,2021-09-03,estimated_rule,2021-09,bullish,2550,2200-2799
2021-W36,2021-09-07,2021-09-10,2021,36,92.2,92.86,92.1,92.58,760,<850,bullish,wed,tue,380,280,100,63.16,3,1,4,2054600,513650,bearish,840,<850,normal,0,0,0,,,estimated_rule,2021-09,bullish,2550,2200-2799
2021-W37,2021-09-13,2021-09-17,2021,37,92.61,93.25,92.32,93.2,930,850-1099,bullish,fri,tue,590,50,290,94.62,4,1,5,3168300,633660,bullish,760,<850,cpi,1,1,0,2021-09-13,,estimated_rule,2021-09,bullish,2550,2200-2799
2021-W38,2021-09-20,2021-09-24,2021,38,93.25,93.52,92.98,93.33,540,<850,bullish,thu,thu,80,190,270,64.82,2,3,5,3869500,773900,bullish,930,850-1099,normal,0,0,0,,,estimated_rule,2021-09,bullish,2550,2200-2799
2021-W39,2021-09-27,2021-10-01,2021,39,93.28,94.5,93.21,94.04,1290,1100-1349,bullish,thu,mon,760,460,70,64.34,3,2,5,5656200,1131240,bullish,540,<850,nfp,1,0,1,,2021-10-01,estimated_rule,2021-10,bearish,1280,<1600
2021-W40,2021-10-04,2021-10-08,2021,40,94.07,94.45,93.68,94.07,770,<850,bullish,wed,mon,0,380,390,50.65,2,3,5,3508100,701620,bullish,1290,1100-1349,normal,0,0,0,,,estimated_rule,2021-10,bearish,1280,<1600
2021-W41,2021-10-11,2021-10-15,2021,41,94.1,94.56,93.76,93.94,800,<850,bearish,tue,thu,160,460,180,22.5,2,3,5,4418200,883640,bullish,770,<850,cpi,1,1,0,2021-10-11,,estimated_rule,2021-10,bearish,1280,<1600
2021-W42,2021-10-18,2021-10-22,2021,42,93.95,94.17,93.5,93.61,670,<850,bearish,mon,tue,340,220,110,16.42,2,3,5,4296300,859260,bearish,800,<850,normal,0,0,0,,,estimated_rule,2021-10,bearish,1280,<1600
2021-W43,2021-10-25,2021-10-29,2021,43,93.66,94.3,93.28,94.12,1020,850-1099,bullish,fri,thu,460,180,380,82.35,3,2,5,2842000,568400,bearish,670,<850,normal,0,0,0,,,estimated_rule,2021-10,bearish,1280,<1600
2021-W44,2021-11-01,2021-11-05,2021,44,94.13,94.62,93.82,94.32,800,<850,bullish,fri,tue,190,300,310,62.5,2,3,5,6741100,1348220,bullish,1020,850-1099,nfp,1,0,1,,2021-11-05,estimated_rule,2021-11,bullish,3120,2800-3599
2021-W45,2021-11-08,2021-11-12,2021,45,94.25,95.27,93.88,95.13,1390,1350-1699,bullish,fri,tue,880,140,370,89.93,2,3,5,3436000,687200,bullish,800,<850,cpi,1,1,0,2021-11-11,,estimated_rule,2021-11,bullish,3120,2800-3599
2021-W46,2021-11-15,2021-11-19,2021,46,95.12,96.24,94.97,96.07,1270,1100-1349,bullish,wed,mon,950,170,150,86.61,3,2,5,3987300,797460,bullish,1390,1350-1699,normal,0,0,0,,,estimated_rule,2021-11,bullish,3120,2800-3599
2021-W47,2021-11-22,2021-11-26,2021,47,96.07,96.94,95.75,96.09,1190,1100-1349,bullish,wed,fri,20,850,320,28.57,3,1,4,3975500,993875,bullish,1270,1100-1349,normal,0,0,0,,,estimated_rule,2021-11,bullish,3120,2800-3599
2021-W48,2021-11-29,2021-12-03,2021,48,96.14,96.64,95.52,96.12,1120,1100-1349,bearish,tue,tue,20,500,600,53.57,4,1,5,6749000,1349800,bullish,1190,1100-1349,nfp,1,0,1,,2021-12-03,estimated_rule,2021-12,bearish,1340,<1600
2021-W49,2021-12-06,2021-12-10,2021,49,96.15,96.59,95.85,96.05,740,<850,bearish,tue,wed,100,440,200,27.03,3,2,5,5364200,1072840,bearish,1120,1100-1349,normal,0,0,0,,,estimated_rule,2021-12,bearish,1340,<1600
2021-W50,2021-12-13,2021-12-17,2021,50,96.05,96.91,95.85,96.57,1060,850-1099,bullish,wed,thu,520,340,200,67.92,3,2,5,3732100,746420,bearish,740,<850,cpi,1,1,0,2021-12-13,,estimated_rule,2021-12,bearish,1340,<1600
2021-W51,2021-12-20,2021-12-23,2021,51,96.67,96.69,95.99,96.02,700,<850,bearish,mon,thu,650,20,30,4.29,0,4,4,6628100,1657025,bullish,1060,850-1099,normal,0,0,0,,,estimated_rule,2021-12,bearish,1340,<1600
2021-W52,2021-12-27,2021-12-31,2021,52,96.15,96.4,95.57,95.67,830,<850,bearish,wed,fri,480,250,100,12.05,2,3,5,4945400,989080,bearish,700,<850,normal,0,0,0,,,estimated_rule,2021-12,bearish,1340,<1600
2022-W01,2022-01-03,2022-01-07,2022,1,95.67,96.46,95.63,95.74,830,<850,bullish,tue,mon,70,720,40,13.25,3,2,5,7728700,1545740,bearish,830,<850,nfp,1,0,1,,2022-01-07,estimated_rule,2022-01,bullish,2810,2800-3599
2022-W02,2022-01-10,2022-01-14,2022,2,95.74,96.23,94.63,95.17,1600,1350-1699,bearish,mon,fri,570,490,540,33.75,2,3,5,11909400,2381880,bullish,830,<850,cpi,1,1,0,2022-01-11,,estimated_rule,2022-01,bullish,2810,2800-3599
2022-W03,2022-01-18,2022-01-21,2022,3,95.22,95.86,95.13,95.64,730,<850,bullish,thu,tue,420,220,90,69.86,2,2,4,5707800,1426950,bearish,1600,1350-1699,normal,0,0,0,,,estimated_rule,2022-01,bullish,2810,2800-3599
2022-W04,2022-01-24,2022-01-28,2022,4,95.64,97.44,95.63,97.27,1810,1700-2199,bullish,fri,mon,1630,170,10,90.61,5,0,5,8163900,1632780,bullish,730,<850,normal,0,0,0,,,estimated_rule,2022-01,bullish,2810,2800-3599
2022-W05,2022-01-31,2022-02-04,2022,5,97.22,97.3,95.14,95.48,2160,1700-2199,bearish,mon,fri,1740,80,340,15.74,1,4,5,19234800,3846960,bullish,1810,1700-2199,nfp,1,0,1,,2022-02-04,estimated_rule,2022-02,bullish,2600,2200-2799
2022-W06,2022-02-07,2022-02-11,2022,6,95.48,96.11,95.17,96.08,940,850-1099,bullish,fri,thu,600,30,310,96.81,2,3,5,8529700,1705940,bearish,2160,1700-2199,cpi,1,1,0,2022-02-11,,estimated_rule,2022-02,bullish,2600,2200-2799
2022-W07,2022-02-14,2022-02-18,2022,7,96.03,96.44,95.68,96.04,760,<850,bullish,mon,wed,10,400,350,47.37,3,2,5,5883900,1176780,bullish,940,850-1099,normal,0,0,0,,,estimated_rule,2022-02,bullish,2600,2200-2799
2022-W08,2022-02-22,2022-02-25,2022,8,96.08,97.74,95.84,96.62,1900,1700-2199,bullish,thu,tue,540,1120,240,41.05,2,2,4,7841800,1960450,bullish,760,<850,normal,0,0,0,,,estimated_rule,2022-02,bullish,2600,2200-2799
2022-W09,2022-02-28,2022-03-04,2022,9,96.54,98.92,96.54,98.65,2380,>=2200,bullish,fri,mon,2110,270,0,88.66,5,0,5,10295100,2059020,bullish,1900,1700-2199,nfp,1,0,1,,2022-03-04,estimated_rule,2022-03,bullish,2790,2200-2799
2022-W10,2022-03-07,2022-03-11,2022,10,98.57,99.42,97.71,99.12,1710,1700-2199,bullish,mon,thu,550,300,860,82.46,3,2,5,8359300,1671860,bullish,2380,>=2200,cpi,1,1,0,2022-03-11,,estimated_rule,2022-03,bullish,2790,2200-2799
2022-W11,2022-03-14,2022-03-18,2022,11,99.13,99.29,97.73,98.23,1560,1350-1699,bearish,mon,thu,900,160,500,32.05,1,4,5,8462800,1692560,bullish,1710,1700-2199,normal,0,0,0,,,estimated_rule,2022-03,bullish,2790,2200-2799
2022-W12,2022-03-21,2022-03-25,2022,12,98.24,98.97,98.16,98.81,810,<850,bullish,tue,mon,570,160,80,80.25,5,0,5,4891900,978380,bearish,1560,1350-1699,normal,0,0,0,,,estimated_rule,2022-03,bullish,2790,2200-2799
2022-W13,2022-03-28,2022-04-01,2022,13,98.81,99.37,97.69,98.63,1680,1350-1699,bearish,mon,wed,180,560,940,55.95,3,2,5,10104500,2020900,bullish,810,<850,nfp,1,0,1,,2022-04-01,estimated_rule,2022-04,bullish,5620,>=4800
2022-W14,2022-04-04,2022-04-08,2022,14,98.57,100.19,98.52,99.8,1670,1350-1699,bullish,fri,mon,1230,390,50,76.65,4,1,5,7480100,1496020,bearish,1680,1350-1699,normal,0,0,0,,,estimated_rule,2022-04,bullish,5620,>=4800
2022-W15,2022-04-11,2022-04-14,2022,15,99.84,100.76,99.57,100.32,1190,1100-1349,bullish,thu,thu,480,440,270,63.03,3,1,4,6639600,1659900,bullish,1670,1350-1699,cpi,1,1,0,2022-04-11,,estimated_rule,2022-04,bullish,5620,>=4800
2022-W16,2022-04-18,2022-04-22,2022,16,100.5,101.33,99.82,101.22,1510,1350-1699,bullish,fri,thu,720,110,680,92.72,4,1,5,7270300,1454060,bullish,1190,1100-1349,normal,0,0,0,,,estimated_rule,2022-04,bullish,5620,>=4800
2022-W17,2022-04-25,2022-04-29,2022,17,101.12,103.93,101.04,102.96,2890,>=2200,bullish,thu,mon,1840,970,80,66.44,4,1,5,13886400,2777280,bullish,1510,1350-1699,normal,0,0,0,,,estimated_rule,2022-04,bullish,5620,>=4800
2022-W18,2022-05-02,2022-05-06,2022,18,103.21,104.06,102.35,103.66,1710,1700-2199,bullish,fri,thu,450,400,860,76.61,3,2,5,20774200,4154840,bullish,2890,>=2200,nfp,1,0,1,,2022-05-06,estimated_rule,2022-05,bearish,3600,3600-4799
2022-W19,2022-05-09,2022-05-13,2022,19,103.66,105.01,103.37,104.56,1640,1350-1699,bullish,fri,wed,900,450,290,72.56,2,3,5,21550400,4310080,bullish,1710,1700-2199,cpi,1,1,0,2022-05-11,,estimated_rule,2022-05,bearish,3600,3600-4799
2022-W20,2022-05-16,2022-05-20,2022,20,104.47,104.64,102.66,103.15,1980,1700-2199,bearish,mon,thu,1320,170,490,24.75,2,3,5,20545700,4109140,bullish,1640,1350-1699,normal,0,0,0,,,estimated_rule,2022-05,bearish,3600,3600-4799
2022-W21,2022-05-23,2022-05-27,2022,21,103.03,103.05,101.43,101.67,1620,1350-1699,bearish,mon,fri,1360,20,240,14.81,1,4,5,12871700,2574340,bearish,1980,1700-2199,normal,0,0,0,,,estimated_rule,2022-05,bearish,3600,3600-4799
2022-W22,2022-05-31,2022-06-03,2022,22,101.44,102.73,101.41,102.14,1320,1100-1349,bullish,wed,tue,700,590,30,55.3,3,1,4,18417400,4604350,bearish,1620,1350-1699,nfp,1,0,1,,2022-06-03,estimated_rule,2022-06,bullish,4150,3600-4799
2022-W23,2022-06-06,2022-06-10,2022,23,102.17,104.23,101.85,104.15,2380,>=2200,bullish,fri,mon,1980,80,320,96.64,4,1,5,12069500,2413900,bullish,1320,1100-1349,normal,0,0,0,,,estimated_rule,2022-06,bullish,4150,3600-4799
2022-W24,2022-06-13,2022-06-17,2022,24,104.21,105.79,103.42,104.7,2370,>=2200,bullish,wed,thu,490,1090,790,54.01,3,2,5,23217200,4643440,bullish,2380,>=2200,cpi,1,1,0,2022-06-13,,estimated_rule,2022-06,bullish,4150,3600-4799
2022-W25,2022-06-21,2022-06-24,2022,25,104.44,104.95,103.86,104.19,1090,850-1099,bearish,wed,wed,250,510,330,30.28,2,2,4,7899200,1974800,bullish,2370,>=2200,normal,0,0,0,,,estimated_rule,2022-06,bullish,4150,3600-4799
2022-W26,2022-06-27,2022-07-01,2022,26,104.12,105.64,103.67,105.14,1970,1700-2199,bullish,fri,mon,1020,500,450,74.62,3,2,5,10245200,2049040,bearish,1090,850-1099,nfp,1,0,1,,2022-07-01,estimated_rule,2022-07,bullish,4550,3600-4799
2022-W27,2022-07-05,2022-07-08,2022,27,105.14,107.79,105.05,107.01,2740,>=2200,bullish,fri,tue,1870,780,90,71.53,3,1,4,12036100,3009025,bullish,1970,1700-2199,normal,0,0,0,,,estimated_rule,2022-07,bullish,4550,3600-4799
2022-W28,2022-07-11,2022-07-15,2022,28,106.92,109.29,106.92,108.06,2370,>=2200,bullish,thu,mon,1140,1230,0,48.1,2,3,5,12907500,2581500,bullish,2740,>=2200,cpi,1,1,0,2022-07-11,,estimated_rule,2022-07,bullish,4550,3600-4799
2022-W29,2022-07-18,2022-07-22,2022,29,107.98,108.04,106.11,106.73,1930,1700-2199,bearish,mon,fri,1250,60,620,32.12,2,3,5,15056700,3011340,bullish,2370,>=2200,normal,0,0,0,,,estimated_rule,2022-07,bullish,4550,3600-4799
2022-W30,2022-07-25,2022-07-29,2022,30,106.55,107.43,105.54,105.9,1890,1700-2199,bearish,wed,fri,650,880,360,19.05,1,4,5,17312800,3462560,bearish,1930,1700-2199,normal,0,0,0,,,estimated_rule,2022-07,bullish,4550,3600-4799
2022-W31,2022-08-01,2022-08-05,2022,31,105.83,106.93,105.05,106.62,1880,1700-2199,bullish,fri,tue,790,310,780,83.51,3,2,5,29432500,5886500,bearish,1890,1700-2199,nfp,1,0,1,,2022-08-05,estimated_rule,2022-08,bullish,4840,>=4800
2022-W32,2022-08-08,2022-08-12,2022,32,106.58,106.8,104.64,105.63,2160,1700-2199,bearish,mon,wed,950,220,990,45.83,2,3,5,16397300,3279460,bullish,1880,1700-2199,cpi,1,1,0,2022-08-11,,estimated_rule,2022-08,bullish,4840,>=4800
2022-W33,2022-08-15,2022-08-19,2022,33,105.67,108.22,105.55,108.17,2670,>=2200,bullish,fri,mon,2500,50,120,98.13,5,0,5,16332900,3266580,bearish,2160,1700-2199,normal,0,0,0,,,estimated_rule,2022-08,bullish,4840,>=4800
2022-W34,2022-08-22,2022-08-26,2022,34,108.1,109.27,107.59,108.8,1680,1350-1699,bullish,tue,fri,700,470,510,72.02,3,2,5,28972000,5794400,bullish,2670,>=2200,normal,0,0,0,,,estimated_rule,2022-08,bullish,4840,>=4800
2022-W35,2022-08-29,2022-09-02,2022,35,108.84,109.98,108.29,109.53,1690,1350-1699,bullish,thu,tue,690,450,550,73.37,3,2,5,16561900,3312380,bullish,1680,1350-1699,nfp,1,0,1,,2022-09-02,estimated_rule,2022-09,bullish,7100,>=4800
2022-W36,2022-09-06,2022-09-09,2022,36,109.6,110.79,108.36,109.0,2430,>=2200,bearish,wed,fri,600,1190,640,26.34,2,2,4,24251600,6062900,bullish,1690,1350-1699,normal,0,0,0,,,estimated_rule,2022-09,bullish,7100,>=4800
2022-W37,2022-09-12,2022-09-16,2022,37,108.6,110.26,107.68,109.76,2580,>=2200,bullish,fri,tue,1160,500,920,80.62,2,3,5,19559700,3911940,bearish,2430,>=2200,cpi,1,1,0,2022-09-12,,estimated_rule,2022-09,bullish,7100,>=4800
2022-W38,2022-09-19,2022-09-23,2022,38,109.64,113.23,109.36,113.19,3870,>=2200,bullish,fri,tue,3550,40,280,98.97,4,1,5,16077300,3215460,bullish,2580,>=2200,normal,0,0,0,,,estimated_rule,2022-09,bullish,7100,>=4800
2022-W39,2022-09-26,2022-09-30,2022,39,113.02,114.78,111.58,112.12,3200,>=2200,bearish,wed,fri,900,1760,540,16.88,3,2,5,36293600,7258720,bullish,3870,>=2200,normal,0,0,0,,,estimated_rule,2022-09,bullish,7100,>=4800
2022-W40,2022-10-03,2022-10-07,2022,40,112.17,112.88,110.06,112.8,2820,>=2200,bullish,fri,tue,630,80,2110,97.16,3,2,5,28668300,5733660,bearish,3200,>=2200,nfp,1,0,1,,2022-10-07,estimated_rule,2022-10,bearish,4400,3600-4799
2022-W41,2022-10-10,2022-10-14,2022,41,112.75,113.92,112.15,113.31,1770,1700-2199,bullish,thu,thu,560,610,600,65.54,4,1,5,22761200,4552240,bullish,2820,>=2200,cpi,1,1,0,2022-10-11,,estimated_rule,2022-10,bearish,4400,3600-4799
2022-W42,2022-10-17,2022-10-21,2022,42,113.22,113.94,111.7,112.01,2240,>=2200,bearish,fri,fri,1210,720,310,13.84,2,3,5,22499300,4499860,bullish,1770,1700-2199,normal,0,0,0,,,estimated_rule,2022-10,bearish,4400,3600-4799
2022-W43,2022-10-24,2022-10-28,2022,43,111.88,112.53,109.54,110.67,2990,>=2200,bearish,mon,thu,1210,650,1130,37.79,3,2,5,22944900,4588980,bearish,2240,>=2200,normal,0,0,0,,,estimated_rule,2022-10,bearish,4400,3600-4799
2022-W44,2022-10-31,2022-11-04,2022,44,110.67,113.15,110.43,110.88,2720,>=2200,bullish,thu,wed,210,2270,240,16.54,2,3,5,25885200,5177040,bearish,2990,>=2200,nfp,1,0,1,,2022-11-04,estimated_rule,2022-11,bearish,7830,>=4800
2022-W45,2022-11-07,2022-11-11,2022,45,110.79,111.27,106.28,106.29,4990,>=2200,bearish,mon,fri,4500,480,10,0.2,1,4,5,29673400,5934680,bullish,2720,>=2200,cpi,1,1,0,2022-11-11,,estimated_rule,2022-11,bearish,7830,>=4800
2022-W46,2022-11-14,2022-11-18,2022,46,106.48,107.27,105.34,106.93,1930,1700-2199,bullish,mon,tue,450,340,1140,82.38,3,2,5,21317400,4263480,bearish,4990,>=2200,normal,0,0,0,,,estimated_rule,2022-11,bearish,7830,>=4800
2022-W47,2022-11-21,2022-11-25,2022,47,106.97,107.99,105.69,105.96,2300,>=2200,bearish,mon,fri,1010,1020,270,11.74,2,2,4,12758800,3189700,bullish,1930,1700-2199,normal,0,0,0,,,estimated_rule,2022-11,bearish,7830,>=4800
2022-W48,2022-11-28,2022-12-02,2022,48,106.06,107.2,104.38,104.55,2820,>=2200,bearish,wed,fri,1510,1140,170,6.03,2,3,5,19052900,3810580,bearish,2300,>=2200,nfp,1,0,1,,2022-12-02,estimated_rule,2022-12,bearish,2510,2200-2799
2022-W49,2022-12-05,2022-12-09,2022,49,104.51,105.82,104.11,104.81,1710,1700-2199,bullish,wed,mon,300,1010,400,40.94,2,3,5,17184800,3436960,bearish,2820,>=2200,normal,0,0,0,,,estimated_rule,2022-12,bearish,2510,2200-2799
2022-W50,2022-12-12,2022-12-16,2022,50,104.93,105.25,103.45,104.7,1800,1700-2199,bearish,mon,wed,230,320,1250,69.44,3,2,5,34083400,6816680,bullish,1710,1700-2199,cpi,1,1,0,2022-12-12,,estimated_rule,2022-12,bearish,2510,2200-2799
2022-W51,2022-12-19,2022-12-23,2022,51,104.84,104.93,103.75,104.31,1180,1100-1349,bearish,mon,thu,530,90,560,47.46,2,3,5,18570600,3714120,bearish,1800,1700-2199,normal,0,0,0,,,estimated_rule,2022-12,bearish,2510,2200-2799
2022-W52,2022-12-27,2022-12-30,2022,52,104.12,104.56,103.39,103.52,1170,1100-1349,bearish,wed,fri,600,440,130,11.11,2,2,4,10562100,2640525,bearish,1180,1100-1349,normal,0,0,0,,,estimated_rule,2022-12,bearish,2510,2200-2799
2023-W01,2023-01-03,2023-01-06,2023,1,103.66,105.63,103.47,103.88,2160,1700-2199,bullish,fri,tue,220,1750,190,18.98,2,2,4,13673500,3418375,bearish,1170,1100-1349,nfp,1,0,1,,2023-01-06,estimated_rule,2023-01,bearish,4130,3600-4799
2023-W02,2023-01-09,2023-01-13,2023,2,103.91,103.94,101.99,102.2,1950,1700-2199,bearish,mon,fri,1710,30,210,10.77,0,5,5,19874900,3974980,bullish,2160,1700-2199,cpi,1,1,0,2023-01-11,,estimated_rule,2023-01,bearish,4130,3600-4799
2023-W03,2023-01-17,2023-01-20,2023,3,102.32,102.9,101.53,102.01,1370,1350-1699,bearish,wed,wed,310,580,480,35.04,1,3,4,10923800,2730950,bearish,1950,1700-2199,normal,0,0,0,,,estimated_rule,2023-01,bearish,4130,3600-4799
2023-W04,2023-01-23,2023-01-27,2023,4,101.99,102.43,101.5,101.93,930,850-1099,bearish,tue,thu,60,440,430,46.24,3,2,5,12812000,2562400,bearish,1370,1350-1699,normal,0,0,0,,,estimated_rule,2023-01,bearish,4130,3600-4799
2023-W05,2023-01-30,2023-02-03,2023,5,101.92,103.01,100.82,102.92,2190,1700-2199,bullish,fri,thu,1000,90,1100,95.89,3,2,5,24441100,4888220,bearish,930,850-1099,nfp,1,0,1,,2023-02-03,estimated_rule,2023-02,bullish,4540,3600-4799
2023-W06,2023-02-06,2023-02-10,2023,6,103.01,103.96,102.64,103.63,1320,1100-1349,bullish,tue,thu,620,330,370,75.0,3,2,5,19394500,3878900,bullish,2190,1700-2199,normal,0,0,0,,,estimated_rule,2023-02,bullish,4540,3600-4799
2023-W07,2023-02-13,2023-02-17,2023,7,103.58,104.67,102.59,103.86,2080,1700-2199,bullish,fri,tue,280,810,990,61.06,2,3,5,18562800,3712560,bullish,1320,1100-1349,cpi,1,1,0,2023-02-13,,estimated_rule,2023-02,bullish,4540,3600-4799
2023-W08,2023-02-21,2023-02-24,2023,8,103.91,105.32,103.77,105.21,1550,1350-1699,bullish,fri,tue,1300,110,140,92.9,4,0,4,13203100,3300775,bullish,2080,1700-2199,normal,0,0,0,,,estimated_rule,2023-02,bullish,4540,3600-4799
2023-W09,2023-02-27,2023-03-03,2023,9,105.26,105.36,104.09,104.52,1270,1100-1349,bearish,mon,wed,740,100,430,33.86,2,3,5,18234300,3646860,bullish,1550,1350-1699,nfp,1,0,1,,2023-03-03,estimated_rule,2023-03,bearish,3960,3600-4799
2023-W10,2023-03-06,2023-03-10,2023,10,104.53,105.88,104.04,104.58,1840,1700-2199,bullish,wed,fri,50,1300,490,29.35,1,4,5,19828000,3965600,bearish,1270,1100-1349,normal,0,0,0,,,estimated_rule,2023-03,bearish,3960,3600-4799
2023-W11,2023-03-13,2023-03-17,2023,11,104.39,105.1,103.44,103.71,1660,1350-1699,bearish,wed,wed,680,710,270,16.26,1,4,5,18691000,3738200,bullish,1840,1700-2199,cpi,1,1,0,2023-03-13,,estimated_rule,2023-03,bearish,3960,3600-4799
2023-W12,2023-03-20,2023-03-24,2023,12,103.86,103.96,101.92,103.12,2040,1700-2199,bearish,mon,thu,740,100,1200,58.82,2,3,5,15924300,3184860,bearish,1660,1350-1699,normal,0,0,0,,,estimated_rule,2023-03,bearish,3960,3600-4799
2023-W13,2023-03-27,2023-03-31,2023,13,103.12,103.23,102.05,102.51,1180,1100-1349,bearish,mon,fri,610,110,460,38.98,2,3,5,9248200,1849640,bearish,2040,1700-2199,normal,0,0,0,,,estimated_rule,2023-03,bearish,3960,3600-4799
2023-W14,2023-04-03,2023-04-06,2023,14,102.59,103.06,101.42,101.82,1640,1350-1699,bearish,mon,wed,770,470,400,24.39,1,3,4,9049700,2262425,bearish,1180,1100-1349,nfp,1,0,1,,2023-04-07,estimated_rule,2023-04,bearish,2270,2200-2799
2023-W15,2023-04-10,2023-04-14,2023,15,102.1,102.81,100.79,101.55,2020,1700-2199,bearish,mon,fri,550,710,760,37.62,2,3,5,10558900,2111780,bearish,1640,1350-1699,cpi,1,1,0,2023-04-11,,estimated_rule,2023-04,bearish,2270,2200-2799
2023-W16,2023-04-17,2023-04-21,2023,16,101.58,102.23,101.53,101.82,700,<850,bullish,mon,mon,240,410,50,41.43,3,2,5,9614100,1922820,bearish,2020,1700-2199,normal,0,0,0,,,estimated_rule,2023-04,bearish,2270,2200-2799
2023-W17,2023-04-24,2023-04-28,2023,17,101.72,102.17,101.01,101.67,1160,1100-1349,bearish,fri,wed,50,450,660,56.9,3,2,5,11133000,2226600,bullish,700,<850,normal,0,0,0,,,estimated_rule,2023-04,bearish,2270,2200-2799
2023-W18,2023-05-01,2023-05-05,2023,18,101.67,102.4,101.03,101.21,1370,1350-1699,bearish,tue,thu,460,730,180,13.14,2,3,5,20506100,4101220,bearish,1160,1100-1349,nfp,1,0,1,,2023-05-05,estimated_rule,2023-05,bullish,3670,3600-4799
2023-W19,2023-05-08,2023-05-12,2023,19,101.28,102.71,101.04,102.68,1670,1350-1699,bullish,fri,mon,1400,30,240,98.2,4,1,5,10653900,2130780,bearish,1370,1350-1699,cpi,1,1,0,2023-05-11,,estimated_rule,2023-05,bullish,3670,3600-4799
2023-W20,2023-05-15,2023-05-19,2023,20,102.71,103.62,102.2,103.2,1420,1350-1699,bullish,thu,tue,490,420,510,70.42,3,2,5,8847200,1769440,bullish,1670,1350-1699,normal,0,0,0,,,estimated_rule,2023-05,bullish,3670,3600-4799
2023-W21,2023-05-22,2023-05-26,2023,21,103.19,104.42,102.96,104.21,1460,1350-1699,bullish,fri,mon,1020,210,230,85.62,4,1,5,9122600,1824520,bullish,1420,1350-1699,normal,0,0,0,,,estimated_rule,2023-05,bullish,3670,3600-4799
2023-W22,2023-05-30,2023-06-02,2023,22,104.3,104.7,103.38,104.02,1320,1100-1349,bearish,wed,fri,280,400,640,48.48,2,2,4,17284400,4321100,bullish,1460,1350-1699,nfp,1,0,1,,2023-06-02,estimated_rule,2023-06,bearish,2580,2200-2799
2023-W23,2023-06-05,2023-06-09,2023,23,104.04,104.4,103.3,103.56,1100,1100-1349,bearish,mon,thu,480,360,260,23.64,2,3,5,6939000,1387800,bearish,1320,1100-1349,normal,0,0,0,,,estimated_rule,2023-06,bearish,2580,2200-2799
2023-W24,2023-06-12,2023-06-16,2023,24,103.55,103.76,102.01,102.3,1750,1700-2199,bearish,mon,fri,1250,210,290,16.57,2,3,5,13719800,2743960,bearish,1100,1100-1349,cpi,1,1,0,2023-06-12,,estimated_rule,2023-06,bearish,2580,2200-2799
2023-W25,2023-06-20,2023-06-23,2023,25,102.48,103.17,101.92,102.9,1250,1100-1349,bullish,fri,thu,420,270,560,78.4,3,1,4,5581300,1395325,bearish,1750,1700-2199,normal,0,0,0,,,estimated_rule,2023-06,bearish,2580,2200-2799
2023-W26,2023-06-26,2023-06-30,2023,26,102.83,103.54,102.32,102.91,1220,1100-1349,bullish,fri,tue,80,630,510,48.36,2,3,5,5742400,1148480,bullish,1250,1100-1349,normal,0,0,0,,,estimated_rule,2023-06,bearish,2580,2200-2799
2023-W27,2023-07-03,2023-07-07,2023,27,102.92,103.57,102.23,102.27,1340,1100-1349,bearish,thu,fri,650,650,40,2.98,2,2,4,4517900,1129475,bullish,1220,1100-1349,nfp,1,0,1,,2023-07-07,estimated_rule,2023-07,bearish,3990,3600-4799
2023-W28,2023-07-10,2023-07-14,2023,28,102.29,102.56,99.58,99.91,2980,>=2200,bearish,mon,fri,2380,270,330,11.07,1,4,5,6605600,1321120,bearish,1340,1100-1349,cpi,1,1,0,2023-07-11,,estimated_rule,2023-07,bearish,3990,3600-4799
2023-W29,2023-07-17,2023-07-21,2023,29,99.96,101.19,99.59,101.07,1600,1350-1699,bullish,fri,tue,1110,120,370,92.5,4,1,5,8135900,1627180,bearish,2980,>=2200,normal,0,0,0,,,estimated_rule,2023-07,bearish,3990,3600-4799
2023-W30,2023-07-24,2023-07-28,2023,30,101.09,102.04,100.55,101.62,1490,1350-1699,bullish,fri,thu,530,420,540,71.81,2,3,5,8771900,1754380,bullish,1600,1350-1699,normal,0,0,0,,,estimated_rule,2023-07,bearish,3990,3600-4799
2023-W31,2023-07-31,2023-08-04,2023,31,101.7,102.84,101.53,102.02,1310,1100-1349,bullish,thu,mon,320,820,170,37.4,3,2,5,4069300,813860,bullish,1490,1350-1699,nfp,1,0,1,,2023-08-04,estimated_rule,2023-08,bullish,2710,2200-2799
2023-W32,2023-08-07,2023-08-11,2023,32,102.01,102.91,101.78,102.84,1130,1100-1349,bullish,fri,thu,830,70,230,93.8,4,1,5,4523900,904780,bullish,1310,1100-1349,cpi,1,1,0,2023-08-11,,estimated_rule,2023-08,bullish,2710,2200-2799
2023-W33,2023-08-14,2023-08-18,2023,33,102.85,103.68,102.77,103.38,910,850-1099,bullish,fri,mon,530,300,80,67.03,3,2,5,4230400,846080,bullish,1130,1100-1349,normal,0,0,0,,,estimated_rule,2023-08,bullish,2710,2200-2799
2023-W34,2023-08-21,2023-08-25,2023,34,103.43,104.45,103.01,104.08,1440,1350-1699,bullish,fri,tue,650,370,420,74.31,2,3,5,8836900,1767380,bullish,910,850-1099,normal,0,0,0,,,estimated_rule,2023-08,bullish,2710,2200-2799
2023-W35,2023-08-28,2023-09-01,2023,35,104.19,104.36,102.94,104.24,1420,1350-1699,bullish,tue,wed,50,120,1250,91.55,2,3,5,9861500,1972300,bullish,1440,1350-1699,nfp,1,0,1,,2023-09-01,estimated_rule,2023-09,bullish,3570,2800-3599
2023-W36,2023-09-05,2023-09-08,2023,36,104.13,105.16,104.11,105.09,1050,850-1099,bullish,thu,tue,960,70,20,93.33,4,0,4,3930900,982725,bullish,1420,1350-1699,normal,0,0,0,,,estimated_rule,2023-09,bullish,3570,2800-3599
2023-W37,2023-09-11,2023-09-15,2023,37,104.94,105.44,104.42,105.32,1020,850-1099,bullish,thu,mon,380,120,520,88.24,3,2,5,5571300,1114260,bullish,1050,850-1099,cpi,1,1,0,2023-09-11,,estimated_rule,2023-09,bullish,3570,2800-3599
2023-W38,2023-09-18,2023-09-22,2023,38,105.3,105.78,104.67,105.58,1110,1100-1349,bullish,fri,wed,280,200,630,81.98,3,2,5,3718200,743640,bullish,1020,850-1099,normal,0,0,0,,,estimated_rule,2023-09,bullish,3570,2800-3599
2023-W39,2023-09-25,2023-09-29,2023,39,105.57,106.84,105.52,106.17,1320,1100-1349,bullish,wed,mon,600,670,50,49.24,4,1,5,7361900,1472380,bullish,1110,1100-1349,normal,0,0,0,,,estimated_rule,2023-09,bullish,3570,2800-3599
2023-W40,2023-10-02,2023-10-06,2023,40,106.17,107.35,105.95,106.04,1400,1350-1699,bearish,tue,fri,130,1180,90,6.43,1,4,5,10188800,2037760,bullish,1320,1100-1349,nfp,1,0,1,,2023-10-06,estimated_rule,2023-10,bullish,1990,1600-2199
2023-W41,2023-10-09,2023-10-13,2023,41,106.1,106.79,105.54,106.65,1250,1100-1349,bullish,fri,thu,550,140,560,88.8,3,2,5,8030400,1606080,bearish,1400,1350-1699,cpi,1,1,0,2023-10-11,,estimated_rule,2023-10,bullish,1990,1600-2199
2023-W42,2023-10-16,2023-10-20,2023,42,106.58,106.67,105.98,106.16,690,<850,bearish,thu,thu,420,90,180,26.09,1,4,5,4662300,932460,bullish,1250,1100-1349,normal,0,0,0,,,estimated_rule,2023-10,bullish,1990,1600-2199
2023-W43,2023-10-23,2023-10-27,2023,43,106.16,106.89,105.36,106.56,1530,1350-1699,bullish,thu,tue,400,330,800,78.43,3,2,5,6433400,1286680,bearish,690,<850,normal,0,0,0,,,estimated_rule,2023-10,bullish,1990,1600-2199
2023-W44,2023-10-30,2023-11-03,2023,44,106.58,107.11,104.94,105.02,2170,1700-2199,bearish,wed,fri,1560,530,80,3.69,2,3,5,10329700,2065940,bullish,1530,1350-1699,nfp,1,0,1,,2023-11-03,estimated_rule,2023-11,bearish,4640,3600-4799
2023-W45,2023-11-06,2023-11-10,2023,45,105.07,106.01,104.85,105.86,1160,1100-1349,bullish,fri,mon,790,150,220,87.07,4,1,5,5018400,1003680,bearish,2170,1700-2199,normal,0,0,0,,,estimated_rule,2023-11,bearish,4640,3600-4799
2023-W46,2023-11-13,2023-11-17,2023,46,105.8,105.96,103.81,103.82,2150,1700-2199,bearish,mon,fri,1980,160,10,0.47,2,3,5,10394400,2078880,bullish,1160,1100-1349,cpi,1,1,0,2023-11-13,,estimated_rule,2023-11,bearish,4640,3600-4799
2023-W47,2023-11-20,2023-11-24,2023,47,103.82,104.21,103.18,103.4,1030,850-1099,bearish,wed,tue,420,390,220,21.36,2,2,4,8378600,2094650,bearish,2150,1700-2199,normal,0,0,0,,,estimated_rule,2023-11,bearish,4640,3600-4799
2023-W48,2023-11-27,2023-12-01,2023,48,103.42,103.72,102.47,103.27,1250,1100-1349,bearish,fri,wed,150,300,800,64.0,2,3,5,11516400,2303280,bearish,1030,850-1099,nfp,1,0,1,,2023-12-01,estimated_rule,2023-12,bearish,3640,3600-4799
2023-W49,2023-12-04,2023-12-08,2023,49,103.19,104.26,103.06,104.01,1200,1100-1349,bullish,fri,mon,820,250,130,79.17,4,1,5,9677400,1935480,bearish,1250,1100-1349,normal,0,0,0,,,estimated_rule,2023-12,bearish,3640,3600-4799
2023-W50,2023-12-11,2023-12-15,2023,50,103.98,104.26,101.77,102.55,2490,>=2200,bearish,mon,thu,1430,280,780,31.33,2,3,5,11657300,2331460,bullish,1200,1100-1349,cpi,1,1,0,2023-12-11,,estimated_rule,2023-12,bearish,3640,3600-4799
2023-W51,2023-12-18,2023-12-22,2023,51,102.59,102.63,101.43,101.7,1200,1100-1349,bearish,mon,fri,890,40,270,22.5,1,4,5,10031300,2006260,bearish,2490,>=2200,normal,0,0,0,,,estimated_rule,2023-12,bearish,3640,3600-4799
2023-W52,2023-12-26,2023-12-29,2023,52,101.65,101.77,100.62,101.33,1150,1100-1349,bearish,tue,thu,320,120,710,61.74,2,2,4,4960800,1240200,bearish,1200,1100-1349,normal,0,0,0,,,estimated_rule,2023-12,bearish,3640,3600-4799
2024-W01,2024-01-02,2024-01-05,2024,1,101.42,103.1,101.34,102.41,1760,1700-2199,bullish,fri,tue,990,690,80,60.8,3,1,4,7253700,1813425,bearish,1150,1100-1349,nfp,1,0,1,,2024-01-05,estimated_rule,2024-01,bullish,2480,2200-2799
2024-W02,2024-01-08,2024-01-12,2024,2,102.44,102.76,102.08,102.4,680,<850,bearish,thu,mon,40,320,320,47.06,2,3,5,5137200,1027440,bullish,1760,1700-2199,cpi,1,1,0,2024-01-11,,estimated_rule,2024-01,bullish,2480,2200-2799
2024-W03,2024-01-16,2024-01-19,2024,3,102.74,103.69,102.74,103.29,950,850-1099,bullish,wed,tue,550,400,0,57.89,3,1,4,5231900,1307975,bearish,680,<850,normal,0,0,0,,,estimated_rule,2024-01,bullish,2480,2200-2799
2024-W04,2024-01-22,2024-01-26,2024,4,103.24,103.82,102.77,103.47,1050,850-1099,bullish,tue,wed,230,350,470,66.67,3,2,5,6425300,1285060,bullish,950,850-1099,normal,0,0,0,,,estimated_rule,2024-01,bullish,2480,2200-2799
2024-W05,2024-01-29,2024-02-02,2024,5,103.47,104.04,102.9,103.92,1140,1100-1349,bullish,fri,fri,450,120,570,89.47,2,3,5,12142800,2428560,bullish,1050,850-1099,nfp,1,0,1,,2024-02-02,estimated_rule,2024-02,bullish,2080,1600-2199
2024-W06,2024-02-05,2024-02-09,2024,6,103.99,104.6,103.94,104.08,660,<850,bullish,mon,wed,90,520,50,21.21,2,3,5,7698400,1539680,bullish,1140,1100-1349,normal,0,0,0,,,estimated_rule,2024-02,bullish,2080,1600-2199
2024-W07,2024-02-12,2024-02-16,2024,7,104.08,104.98,103.9,104.28,1080,850-1099,bullish,wed,mon,200,700,180,35.18,2,3,5,9559200,1911840,bullish,660,<850,cpi,1,1,0,2024-02-12,,estimated_rule,2024-02,bullish,2080,1600-2199
2024-W08,2024-02-20,2024-02-23,2024,8,104.32,104.41,103.43,103.94,980,850-1099,bearish,tue,thu,380,90,510,52.04,1,3,4,3455300,863825,bullish,1080,850-1099,normal,0,0,0,,,estimated_rule,2024-02,bullish,2080,1600-2199
2024-W09,2024-02-26,2024-03-01,2024,9,103.96,104.29,103.61,103.86,680,<850,bearish,fri,tue,100,330,250,36.76,3,2,5,4383000,876600,bearish,980,850-1099,nfp,1,0,1,,2024-03-01,estimated_rule,2024-03,bullish,2370,2200-2799
2024-W10,2024-03-04,2024-03-08,2024,10,103.89,103.96,102.36,102.74,1600,1350-1699,bearish,mon,fri,1150,70,380,23.75,1,4,5,4965700,993140,bearish,680,<850,normal,0,0,0,,,estimated_rule,2024-03,bullish,2370,2200-2799
2024-W11,2024-03-11,2024-03-15,2024,11,102.74,103.49,102.64,103.43,850,850-1099,bullish,fri,mon,690,60,100,92.94,4,1,5,3138100,627620,bearish,1600,1350-1699,cpi,1,1,0,2024-03-11,,estimated_rule,2024-03,bullish,2370,2200-2799
2024-W12,2024-03-18,2024-03-22,2024,12,103.45,104.5,103.17,104.43,1330,1100-1349,bullish,fri,thu,980,70,280,94.74,4,1,5,3862700,772540,bullish,850,850-1099,normal,0,0,0,,,estimated_rule,2024-03,bullish,2370,2200-2799
2024-W13,2024-03-25,2024-03-28,2024,13,104.43,104.73,104.01,104.55,720,<850,bullish,thu,tue,120,180,420,75.0,3,1,4,1102600,275650,bullish,1330,1100-1349,normal,0,0,0,,,estimated_rule,2024-03,bullish,2370,2200-2799
2024-W14,2024-04-01,2024-04-05,2024,14,104.49,105.1,103.92,104.3,1180,1100-1349,bearish,tue,thu,190,610,380,32.2,2,3,5,6145500,1229100,bullish,720,<850,nfp,1,0,1,,2024-04-05,estimated_rule,2024-04,bullish,2640,2200-2799
2024-W15,2024-04-08,2024-04-12,2024,15,104.29,106.11,103.88,106.04,2230,>=2200,bullish,fri,tue,1750,70,410,96.86,4,1,5,3729000,745800,bearish,1180,1100-1349,cpi,1,1,0,2024-04-11,,estimated_rule,2024-04,bullish,2640,2200-2799
2024-W16,2024-04-15,2024-04-19,2024,16,106.01,106.52,105.74,106.15,780,<850,bullish,tue,thu,140,370,270,52.56,3,2,5,5055800,1011160,bullish,2230,>=2200,normal,0,0,0,,,estimated_rule,2024-04,bullish,2640,2200-2799
2024-W17,2024-04-22,2024-04-26,2024,17,106.12,106.4,105.41,105.94,990,850-1099,bearish,mon,fri,180,280,530,53.54,2,3,5,3041300,608260,bullish,780,<850,normal,0,0,0,,,estimated_rule,2024-04,bullish,2640,2200-2799
2024-W18,2024-04-29,2024-05-03,2024,18,106.08,106.49,104.52,105.03,1970,1700-2199,bearish,wed,fri,1050,410,510,25.89,1,4,5,6829400,1365880,bearish,990,850-1099,nfp,1,0,1,,2024-05-03,estimated_rule,2024-05,bearish,2410,2200-2799
2024-W19,2024-05-06,2024-05-10,2024,19,105.08,105.74,104.87,105.31,870,850-1099,bullish,thu,mon,230,430,210,50.57,3,2,5,2971600,594320,bearish,1970,1700-2199,normal,0,0,0,,,estimated_rule,2024-05,bearish,2410,2200-2799
2024-W20,2024-05-13,2024-05-17,2024,20,105.31,105.46,104.08,104.45,1380,1350-1699,bearish,tue,thu,860,150,370,26.81,1,4,5,4027400,805480,bullish,870,850-1099,cpi,1,1,0,2024-05-13,,estimated_rule,2024-05,bearish,2410,2200-2799
2024-W21,2024-05-20,2024-05-24,2024,21,104.5,105.12,104.39,104.72,730,<850,bullish,fri,mon,220,400,110,45.21,4,1,5,1466000,293200,bearish,1380,1350-1699,normal,0,0,0,,,estimated_rule,2024-05,bearish,2410,2200-2799
2024-W22,2024-05-28,2024-05-31,2024,22,104.58,105.18,104.34,104.67,840,<850,bullish,thu,tue,90,510,240,39.29,2,2,4,1904300,476075,bullish,730,<850,normal,0,0,0,,,estimated_rule,2024-05,bearish,2410,2200-2799
2024-W23,2024-06-03,2024-06-07,2024,23,104.63,104.95,103.99,104.89,960,850-1099,bullish,fri,tue,260,60,640,93.75,3,2,5,3267700,653540,bullish,840,<850,nfp,1,0,1,,2024-06-07,estimated_rule,2024-06,bullish,2140,1600-2199
2024-W24,2024-06-10,2024-06-14,2024,24,105.04,105.81,104.26,105.55,1550,1350-1699,bullish,fri,wed,510,260,780,83.23,4,1,5,4575800,915160,bullish,960,850-1099,cpi,1,1,0,2024-06-11,,estimated_rule,2024-06,bullish,2140,1600-2199
2024-W25,2024-06-17,2024-06-21,2024,25,105.51,105.92,105.13,105.8,790,<850,bullish,fri,tue,290,120,380,84.81,2,2,4,1666500,416625,bullish,1550,1350-1699,normal,0,0,0,,,estimated_rule,2024-06,bullish,2140,1600-2199
2024-W26,2024-06-24,2024-06-28,2024,26,105.83,106.13,105.37,105.87,760,<850,bullish,wed,mon,40,260,460,65.79,2,3,5,3621400,724280,bullish,790,<850,normal,0,0,0,,,estimated_rule,2024-06,bullish,2140,1600-2199
2024-W27,2024-07-01,2024-07-05,2024,27,105.85,106.05,104.83,104.88,1220,1100-1349,bearish,tue,fri,970,200,50,4.1,1,3,4,3819900,954975,bullish,760,<850,nfp,1,0,1,,2024-07-05,estimated_rule,2024-07,bearish,2400,2200-2799
2024-W28,2024-07-08,2024-07-12,2024,28,104.88,105.21,104.04,104.09,1170,1100-1349,bearish,tue,fri,790,330,50,4.27,2,3,5,4012800,802560,bearish,1220,1100-1349,cpi,1,1,0,2024-07-11,,estimated_rule,2024-07,bearish,2400,2200-2799
2024-W29,2024-07-15,2024-07-19,2024,29,104.08,104.51,103.65,104.4,860,850-1099,bullish,tue,wed,320,110,430,87.21,4,1,5,5394100,1078820,bearish,1170,1100-1349,normal,0,0,0,,,estimated_rule,2024-07,bearish,2400,2200-2799
2024-W30,2024-07-22,2024-07-26,2024,30,104.37,104.56,104.08,104.32,480,<850,bearish,wed,thu,50,190,240,50.0,1,4,5,2240800,448160,bullish,860,850-1099,normal,0,0,0,,,estimated_rule,2024-07,bearish,2400,2200-2799
2024-W31,2024-07-29,2024-08-02,2024,31,104.33,104.8,103.13,103.21,1670,1350-1699,bearish,tue,fri,1120,470,80,4.79,2,3,5,4301000,860200,bearish,480,<850,nfp,1,0,1,,2024-08-02,estimated_rule,2024-08,bearish,3940,3600-4799
2024-W32,2024-08-05,2024-08-09,2024,32,103.22,103.55,102.16,103.14,1390,1350-1699,bearish,thu,mon,80,330,980,70.5,3,2,5,4448900,889780,bearish,1670,1350-1699,normal,0,0,0,,,estimated_rule,2024-08,bearish,3940,3600-4799
2024-W33,2024-08-12,2024-08-16,2024,33,103.15,103.31,102.27,102.46,1040,850-1099,bearish,mon,wed,690,160,190,18.27,1,4,5,1725500,345100,bearish,1390,1350-1699,cpi,1,1,0,2024-08-12,,estimated_rule,2024-08,bearish,3940,3600-4799
2024-W34,2024-08-19,2024-08-23,2024,34,102.4,102.48,100.6,100.72,1880,1700-2199,bearish,mon,fri,1680,80,120,6.38,1,4,5,10126300,2025260,bearish,1040,850-1099,normal,0,0,0,,,estimated_rule,2024-08,bearish,3940,3600-4799
2024-W35,2024-08-26,2024-08-30,2024,35,100.68,101.78,100.51,101.7,1270,1100-1349,bullish,fri,tue,1020,80,170,93.7,4,1,5,6650500,1330100,bearish,1880,1700-2199,normal,0,0,0,,,estimated_rule,2024-08,bearish,3940,3600-4799
2024-W36,2024-09-03,2024-09-06,2024,36,101.66,101.92,100.58,101.18,1340,1100-1349,bearish,tue,fri,480,260,600,44.78,2,2,4,4622900,1155725,bullish,1270,1100-1349,nfp,1,0,1,,2024-09-06,estimated_rule,2024-09,bearish,1760,1600-2199
2024-W37,2024-09-09,2024-09-13,2024,37,101.19,101.84,100.88,101.11,960,850-1099,bearish,thu,fri,80,650,230,23.96,2,3,5,2353500,470700,bearish,1340,1100-1349,cpi,1,1,0,2024-09-11,,estimated_rule,2024-09,bearish,1760,1600-2199
2024-W38,2024-09-16,2024-09-20,2024,38,101.04,101.47,100.22,100.72,1250,1100-1349,bearish,thu,wed,320,430,500,40.0,2,3,5,3419700,683940,bearish,960,850-1099,normal,0,0,0,,,estimated_rule,2024-09,bearish,1760,1600-2199
2024-W39,2024-09-23,2024-09-27,2024,39,100.74,101.23,100.16,100.42,1070,850-1099,bearish,mon,fri,320,490,260,24.3,2,3,5,2021900,404380,bearish,1250,1100-1349,normal,0,0,0,,,estimated_rule,2024-09,bearish,1760,1600-2199
2024-W40,2024-09-30,2024-10-04,2024,40,100.42,102.69,100.18,102.52,2510,>=2200,bullish,fri,mon,2100,170,240,93.23,5,0,5,5097400,1019480,bearish,1070,850-1099,nfp,1,0,1,,2024-10-04,estimated_rule,2024-10,bullish,3940,3600-4799
2024-W41,2024-10-07,2024-10-11,2024,41,102.49,103.18,102.29,102.89,890,850-1099,bullish,thu,tue,400,290,200,67.42,5,0,5,6297800,1259560,bullish,2510,>=2200,cpi,1,1,0,2024-10-11,,estimated_rule,2024-10,bullish,3940,3600-4799
2024-W42,2024-10-14,2024-10-18,2024,42,102.93,103.87,102.93,103.49,940,850-1099,bullish,thu,mon,560,380,0,59.57,4,1,5,2930000,586000,bullish,890,850-1099,normal,0,0,0,,,estimated_rule,2024-10,bullish,3940,3600-4799
2024-W43,2024-10-21,2024-10-25,2024,43,103.46,104.57,103.42,104.26,1150,1100-1349,bullish,wed,mon,800,310,40,73.04,4,1,5,2489100,497820,bullish,940,850-1099,normal,0,0,0,,,estimated_rule,2024-10,bullish,3940,3600-4799
2024-W44,2024-10-28,2024-11-01,2024,44,104.32,104.64,103.68,104.28,960,850-1099,bearish,tue,fri,40,320,600,62.5,2,3,5,2373000,474600,bullish,1150,1100-1349,nfp,1,0,1,,2024-11-01,estimated_rule,2024-11,bullish,4700,3600-4799
2024-W45,2024-11-04,2024-11-08,2024,45,103.97,105.44,103.37,105.0,2070,1700-2199,bullish,wed,tue,1030,440,600,78.74,2,3,5,4690100,938020,bearish,960,850-1099,normal,0,0,0,,,estimated_rule,2024-11,bullish,4700,3600-4799
2024-W46,2024-11-11,2024-11-15,2024,46,104.95,107.06,104.93,106.69,2130,1700-2199,bullish,thu,mon,1740,370,20,82.63,4,1,5,5632000,1126400,bullish,2070,1700-2199,cpi,1,1,0,2024-11-11,,estimated_rule,2024-11,bullish,4700,3600-4799
2024-W47,2024-11-18,2024-11-22,2024,47,106.67,108.07,106.11,107.49,1960,1700-2199,bullish,fri,tue,820,580,560,70.41,3,2,5,4028000,805600,bullish,2130,1700-2199,normal,0,0,0,,,estimated_rule,2024-11,bullish,4700,3600-4799
2024-W48,2024-11-25,2024-11-29,2024,48,107.25,107.5,105.62,105.74,1880,1700-2199,bearish,tue,fri,1510,250,120,6.38,0,4,4,3230300,807575,bullish,1960,1700-2199,normal,0,0,0,,,estimated_rule,2024-11,bullish,4700,3600-4799
2024-W49,2024-12-02,2024-12-06,2024,49,105.82,106.73,105.42,105.97,1310,1100-1349,bullish,mon,fri,150,760,400,41.98,2,3,5,3305400,661080,bearish,1880,1700-2199,nfp,1,0,1,,2024-12-06,estimated_rule,2024-12,bullish,3160,2800-3599
2024-W50,2024-12-09,2024-12-13,2024,50,105.97,107.19,105.8,107.0,1390,1350-1699,bullish,fri,mon,1030,190,170,86.33,5,0,5,5189800,1037960,bullish,1310,1100-1349,cpi,1,1,0,2024-12-11,,estimated_rule,2024-12,bullish,3160,2800-3599
2024-W51,2024-12-16,2024-12-20,2024,51,106.95,108.54,106.7,107.62,1840,1700-2199,bullish,fri,tue,670,920,250,50.0,3,2,5,4716200,943240,bullish,1390,1350-1699,normal,0,0,0,,,estimated_rule,2024-12,bullish,3160,2800-3599
2024-W52,2024-12-23,2024-12-27,2024,52,107.82,108.3,107.68,108.0,620,<850,bullish,tue,mon,180,300,140,51.61,2,2,4,2224100,556025,bullish,1840,1700-2199,normal,0,0,0,,,estimated_rule,2024-12,bullish,3160,2800-3599
2025-W01,2024-12-30,2025-01-03,2025,1,108.01,109.53,107.74,108.95,1790,1700-2199,bullish,thu,mon,940,580,270,67.6,3,1,4,10893000,2723250,bullish,620,<850,nfp,1,0,1,,2025-01-03,estimated_rule,2025-01,bearish,3210,2800-3599
2025-W02,2025-01-06,2025-01-10,2025,2,108.92,109.97,107.75,109.65,2220,>=2200,bullish,fri,mon,730,320,1170,85.59,4,1,5,8957300,1791460,bullish,1790,1700-2199,normal,0,0,0,,,estimated_rule,2025-01,bearish,3210,2800-3599
2025-W03,2025-01-13,2025-01-17,2025,3,109.64,110.18,108.6,109.35,1580,1350-1699,bearish,mon,wed,290,540,750,47.47,2,3,5,5300300,1060060,bullish,2220,>=2200,cpi,1,1,0,2025-01-13,,estimated_rule,2025-01,bearish,3210,2800-3599
2025-W04,2025-01-21,2025-01-24,2025,4,107.98,108.79,107.22,107.44,1570,1350-1699,bearish,tue,fri,540,810,220,14.01,2,2,4,14161500,3540375,bearish,1580,1350-1699,normal,0,0,0,,,estimated_rule,2025-01,bearish,3210,2800-3599
2025-W05,2025-01-27,2025-01-31,2025,5,107.47,108.57,106.97,108.37,1600,1350-1699,bullish,fri,mon,900,200,500,87.5,3,2,5,4212200,842440,bearish,1570,1350-1699,normal,0,0,0,,,estimated_rule,2025-01,bearish,3210,2800-3599
2025-W06,2025-02-03,2025-02-07,2025,6,108.5,109.88,107.3,108.04,2580,>=2200,bearish,mon,wed,460,1380,740,28.68,3,2,5,7597200,1519440,bullish,1600,1350-1699,nfp,1,0,1,,2025-02-07,estimated_rule,2025-02,bearish,3750,3600-4799
2025-W07,2025-02-10,2025-02-14,2025,7,108.1,108.52,106.57,106.57,1950,1700-2199,bearish,wed,fri,1530,420,0,0.0,1,4,5,4894400,978880,bearish,2580,>=2200,cpi,1,1,0,2025-02-11,,estimated_rule,2025-02,bearish,3750,3600-4799
2025-W08,2025-02-18,2025-02-21,2025,8,106.82,107.38,106.34,106.61,1040,850-1099,bearish,wed,thu,210,560,270,25.96,3,1,4,3995300,998825,bearish,1950,1700-2199,normal,0,0,0,,,estimated_rule,2025-02,bearish,3750,3600-4799
2025-W09,2025-02-24,2025-02-28,2025,9,106.64,107.66,106.13,107.61,1530,1350-1699,bullish,fri,mon,970,50,510,96.73,3,2,5,5692400,1138480,bearish,1040,850-1099,normal,0,0,0,,,estimated_rule,2025-02,bearish,3750,3600-4799
2025-W10,2025-03-03,2025-03-07,2025,10,107.56,107.56,103.46,103.84,4100,>=2200,bearish,mon,fri,3720,0,380,9.27,1,4,5,4798800,959760,bullish,1530,1350-1699,nfp,1,0,1,,2025-03-07,estimated_rule,2025-03,bearish,4360,3600-4799
2025-W11,2025-03-10,2025-03-14,2025,11,103.91,104.09,103.22,103.72,870,850-1099,bearish,fri,tue,190,180,500,57.47,3,2,5,5217900,1043580,bearish,4100,>=2200,cpi,1,1,0,2025-03-11,,estimated_rule,2025-03,bearish,4360,3600-4799
2025-W12,2025-03-17,2025-03-21,2025,12,103.74,104.22,103.2,104.09,1020,850-1099,bullish,fri,tue,350,130,540,87.25,3,2,5,2796800,559360,bearish,870,850-1099,normal,0,0,0,,,estimated_rule,2025-03,bearish,4360,3600-4799
2025-W13,2025-03-24,2025-03-28,2025,13,104.15,104.68,103.84,104.04,840,<850,bearish,wed,mon,110,530,200,23.81,2,3,5,2181900,436380,bullish,1020,850-1099,normal,0,0,0,,,estimated_rule,2025-03,bearish,4360,3600-4799
2025-W14,2025-03-31,2025-04-04,2025,14,104.01,104.39,101.27,103.02,3120,>=2200,bearish,mon,thu,990,380,1750,56.09,3,2,5,8278900,1655780,bearish,840,<850,nfp,1,0,1,,2025-04-04,estimated_rule,2025-04,bearish,6450,>=4800
2025-W15,2025-04-07,2025-04-11,2025,15,103.07,103.54,99.01,99.78,4530,>=2200,bearish,mon,fri,3290,470,770,17.0,2,3,5,8632000,1726400,bearish,3120,>=2200,cpi,1,1,0,2025-04-11,,estimated_rule,2025-04,bearish,6450,>=4800
2025-W16,2025-04-14,2025-04-17,2025,16,100.02,100.28,99.17,99.38,1110,1100-1349,bearish,tue,wed,640,260,210,18.92,2,2,4,3555800,888950,bearish,4530,>=2200,normal,0,0,0,,,estimated_rule,2025-04,bearish,6450,>=4800
2025-W17,2025-04-21,2025-04-25,2025,17,99.08,99.94,97.92,99.47,2020,1700-2199,bullish,wed,mon,390,470,1160,76.73,3,2,5,8799300,1759860,bearish,1110,1100-1349,normal,0,0,0,,,estimated_rule,2025-04,bearish,6450,>=4800
2025-W18,2025-04-28,2025-05-02,2025,18,99.61,100.38,98.9,100.0,1480,1350-1699,bullish,thu,mon,390,380,710,74.32,3,2,5,5408600,1081720,bullish,2020,1700-2199,nfp,1,0,1,,2025-05-02,estimated_rule,2025-05,bearish,3290,2800-3599
2025-W19,2025-05-05,2025-05-09,2025,19,100.0,100.86,99.17,100.34,1690,1350-1699,bullish,fri,tue,340,520,830,69.23,2,3,5,4256200,851240,bullish,1480,1350-1699,normal,0,0,0,,,estimated_rule,2025-05,bearish,3290,2800-3599
2025-W20,2025-05-12,2025-05-16,2025,20,100.69,101.98,100.27,101.09,1710,1700-2199,bullish,mon,wed,400,890,420,47.95,3,2,5,5370200,1074040,bullish,1690,1350-1699,cpi,1,1,0,2025-05-12,,estimated_rule,2025-05,bearish,3290,2800-3599
2025-W21,2025-05-19,2025-05-23,2025,21,100.91,100.91,99.05,99.11,1860,1700-2199,bearish,mon,fri,1800,0,60,3.23,1,4,5,4101700,820340,bullish,1710,1700-2199,normal,0,0,0,,,estimated_rule,2025-05,bearish,3290,2800-3599
2025-W22,2025-05-26,2025-05-30,2025,22,99.09,100.54,98.69,99.33,1850,1700-2199,bullish,thu,mon,240,1210,400,34.59,3,2,5,3872200,774440,bearish,1860,1700-2199,normal,0,0,0,,,estimated_rule,2025-05,bearish,3290,2800-3599
2025-W23,2025-06-02,2025-06-06,2025,23,99.41,99.42,98.35,99.19,1070,850-1099,bearish,mon,thu,220,10,840,78.51,2,3,5,4991400,998280,bullish,1850,1700-2199,nfp,1,0,1,,2025-06-06,estimated_rule,2025-06,bearish,2650,2200-2799
2025-W24,2025-06-09,2025-06-13,2025,24,99.2,99.39,97.6,98.18,1790,1700-2199,bearish,tue,thu,1020,190,580,32.4,2,3,5,6151700,1230340,bearish,1070,850-1099,cpi,1,1,0,2025-06-11,,estimated_rule,2025-06,bearish,2650,2200-2799
2025-W25,2025-06-16,2025-06-20,2025,25,98.26,99.01,97.69,98.71,1320,1100-1349,bullish,wed,mon,450,300,570,77.27,3,1,4,7289700,1822425,bearish,1790,1700-2199,normal,0,0,0,,,estimated_rule,2025-06,bearish,2650,2200-2799
2025-W26,2025-06-23,2025-06-27,2025,26,99.09,99.42,97.0,97.4,2420,>=2200,bearish,mon,thu,1690,330,400,16.53,1,4,5,9186600,1837320,bullish,1320,1100-1349,normal,0,0,0,,,estimated_rule,2025-06,bearish,2650,2200-2799
2025-W27,2025-06-30,2025-07-03,2025,27,97.19,97.42,96.38,97.18,1040,850-1099,bearish,thu,tue,10,230,800,76.92,3,1,4,4450300,1112575,bearish,2420,>=2200,nfp,1,0,1,,2025-07-04,estimated_rule,2025-07,bullish,3720,3600-4799
2025-W28,2025-07-07,2025-07-11,2025,28,96.96,97.96,96.89,97.85,1070,850-1099,bullish,fri,mon,890,110,70,89.72,4,1,5,5220500,1044100,bearish,1040,850-1099,cpi,1,1,0,2025-07-11,,estimated_rule,2025-07,bullish,3720,3600-4799
2025-W29,2025-07-14,2025-07-18,2025,29,97.96,98.95,97.71,98.48,1240,1100-1349,bullish,thu,wed,520,470,250,62.1,3,2,5,7997000,1599400,bullish,1070,850-1099,normal,0,0,0,,,estimated_rule,2025-07,bullish,3720,3600-4799
2025-W30,2025-07-21,2025-07-25,2025,30,98.36,98.51,97.11,97.65,1400,1350-1699,bearish,mon,thu,710,150,540,38.57,2,3,5,7985300,1597060,bullish,1240,1100-1349,normal,0,0,0,,,estimated_rule,2025-07,bullish,3720,3600-4799
2025-W31,2025-07-28,2025-08-01,2025,31,97.58,100.26,97.49,98.69,2770,>=2200,bullish,fri,mon,1110,1570,90,43.32,4,1,5,10041300,2008260,bearish,1400,1350-1699,nfp,1,0,1,,2025-08-01,estimated_rule,2025-08,bearish,2700,2200-2799
2025-W32,2025-08-04,2025-08-08,2025,32,98.65,99.07,97.95,98.18,1120,1100-1349,bearish,tue,thu,470,420,230,20.54,4,1,5,5043100,1008620,bullish,2770,>=2200,normal,0,0,0,,,estimated_rule,2025-08,bearish,2700,2200-2799
2025-W33,2025-08-11,2025-08-15,2025,33,98.24,99.32,97.63,97.85,1690,1350-1699,bearish,mon,wed,390,1080,220,13.02,2,3,5,4368300,873660,bearish,1120,1100-1349,cpi,1,1,0,2025-08-11,,estimated_rule,2025-08,bearish,2700,2200-2799
2025-W34,2025-08-18,2025-08-22,2025,34,97.79,98.83,97.56,97.72,1270,1100-1349,bearish,fri,fri,70,1040,160,12.6,3,2,5,4625800,925160,bearish,1690,1350-1699,normal,0,0,0,,,estimated_rule,2025-08,bearish,2700,2200-2799
2025-W35,2025-08-25,2025-08-29,2025,35,97.73,98.73,97.69,97.77,1040,850-1099,bullish,wed,fri,40,960,40,7.69,1,4,5,3471700,694340,bearish,1270,1100-1349,normal,0,0,0,,,estimated_rule,2025-08,bearish,2700,2200-2799
2025-W36,2025-09-02,2025-09-05,2025,36,97.65,98.64,97.43,97.77,1210,1100-1349,bullish,wed,fri,120,870,220,28.1,2,2,4,3542300,885575,bullish,1040,850-1099,nfp,1,0,1,,2025-09-05,estimated_rule,2025-09,bullish,2420,2200-2799
2025-W37,2025-09-08,2025-09-12,2025,37,97.79,98.09,97.25,97.55,840,<850,bearish,thu,tue,240,300,300,35.71,2,3,5,3359900,671980,bullish,1210,1100-1349,cpi,1,1,0,2025-09-11,,estimated_rule,2025-09,bullish,2420,2200-2799
2025-W38,2025-09-15,2025-09-19,2025,38,97.63,97.81,96.22,97.64,1590,1350-1699,bullish,fri,wed,10,170,1410,89.31,3,2,5,5380900,1076180,bearish,840,<850,normal,0,0,0,,,estimated_rule,2025-09,bullish,2420,2200-2799
2025-W39,2025-09-22,2025-09-26,2025,39,97.65,98.61,97.2,98.15,1410,1350-1699,bullish,thu,tue,500,460,450,67.38,2,3,5,4372700,874540,bullish,1590,1350-1699,normal,0,0,0,,,estimated_rule,2025-09,bullish,2420,2200-2799
2025-W40,2025-09-29,2025-10-03,2025,40,98.17,98.18,97.46,97.72,720,<850,bearish,mon,wed,450,10,260,36.11,1,4,5,4786200,957240,bullish,1410,1350-1699,nfp,1,0,1,,2025-10-03,estimated_rule,2025-10,bullish,2380,2200-2799
2025-W41,2025-10-06,2025-10-10,2025,41,97.96,99.56,97.96,98.98,1600,1350-1699,bullish,thu,mon,1020,580,0,63.75,4,1,5,6428900,1285780,bearish,720,<850,normal,0,0,0,,,estimated_rule,2025-10,bullish,2380,2200-2799
2025-W42,2025-10-13,2025-10-17,2025,42,98.94,99.48,98.03,98.43,1450,1350-1699,bearish,tue,fri,510,540,400,27.59,2,3,5,4058500,811700,bullish,1600,1350-1699,cpi,1,1,0,2025-10-13,,estimated_rule,2025-10,bullish,2380,2200-2799
2025-W43,2025-10-20,2025-10-24,2025,43,98.67,99.14,98.39,98.95,750,<850,bullish,wed,mon,280,190,280,74.67,3,2,5,4422100,884420,bearish,1450,1350-1699,normal,0,0,0,,,estimated_rule,2025-10,bullish,2380,2200-2799
2025-W44,2025-10-27,2025-10-31,2025,44,98.84,99.84,98.57,99.8,1270,1100-1349,bullish,fri,tue,960,40,270,96.85,3,2,5,6852200,1370440,bullish,750,<850,normal,0,0,0,,,estimated_rule,2025-10,bullish,2380,2200-2799
2025-W45,2025-11-03,2025-11-07,2025,45,99.75,100.36,99.4,99.6,960,850-1099,bearish,wed,fri,150,610,200,20.83,3,2,5,5841300,1168260,bullish,1270,1100-1349,nfp,1,0,1,,2025-11-07,estimated_rule,2025-11,bearish,1410,<1600
2025-W46,2025-11-10,2025-11-14,2025,46,99.63,99.74,98.99,99.27,750,<850,bearish,mon,thu,360,110,280,37.33,2,3,5,5539100,1107820,bearish,960,850-1099,cpi,1,1,0,2025-11-11,,estimated_rule,2025-11,bearish,1410,<1600
2025-W47,2025-11-17,2025-11-21,2025,47,99.27,100.4,99.25,100.18,1150,1100-1349,bullish,fri,mon,910,220,20,80.87,3,2,5,7331900,1466380,bearish,750,<850,normal,0,0,0,,,estimated_rule,2025-11,bearish,1410,<1600
2025-W48,2025-11-24,2025-11-28,2025,48,100.2,100.3,99.38,99.46,920,850-1099,bearish,mon,fri,740,100,80,8.7,0,4,4,4623900,1155975,bullish,1150,1100-1349,normal,0,0,0,,,estimated_rule,2025-11,bearish,1410,<1600
2025-W49,2025-12-01,2025-12-05,2025,49,99.48,99.57,98.77,98.99,800,<850,bearish,tue,thu,490,90,220,27.5,1,4,5,9606300,1921260,bearish,920,850-1099,nfp,1,0,1,,2025-12-05,estimated_rule,2025-12,bearish,1820,1600-2199
2025-W50,2025-12-08,2025-12-12,2025,50,98.97,99.31,98.13,98.4,1180,1100-1349,bearish,tue,thu,570,340,270,22.88,3,2,5,6929300,1385860,bearish,800,<850,cpi,1,1,0,2025-12-11,,estimated_rule,2025-12,bearish,1820,1600-2199
2025-W51,2025-12-15,2025-12-19,2025,51,98.4,98.75,97.87,98.6,880,850-1099,bullish,fri,tue,200,150,530,82.95,3,2,5,3422800,684560,bearish,1180,1100-1349,normal,0,0,0,,,estimated_rule,2025-12,bearish,1820,1600-2199
2025-W52,2025-12-22,2025-12-26,2025,52,98.67,98.73,97.75,98.02,980,850-1099,bearish,mon,wed,650,60,270,27.55,2,2,4,3623800,905950,bullish,880,850-1099,normal,0,0,0,,,estimated_rule,2025-12,bearish,1820,1600-2199
2026-W01,2025-12-29,2026-01-02,2026,1,98.05,98.5,97.92,98.42,580,<850,bullish,wed,mon,370,80,130,86.21,3,1,4,4373100,1093275,bearish,980,850-1099,nfp,1,0,1,,2026-01-02,estimated_rule,2026-01,bearish,3940,3600-4799
2026-W02,2026-01-05,2026-01-09,2026,2,98.48,99.26,98.16,99.13,1100,1100-1349,bullish,fri,tue,650,130,320,88.18,4,1,5,5406800,1081360,bullish,580,<850,normal,0,0,0,,,estimated_rule,2026-01,bearish,3940,3600-4799
2026-W03,2026-01-12,2026-01-16,2026,3,99.17,99.49,98.67,99.39,820,<850,bullish,thu,mon,220,100,500,87.81,3,2,5,4438300,887660,bullish,1100,1100-1349,cpi,1,1,0,2026-01-12,,estimated_rule,2026-01,bearish,3940,3600-4799
2026-W04,2026-01-20,2026-01-23,2026,4,99.14,99.14,97.43,97.6,1710,1700-2199,bearish,tue,fri,1540,0,170,9.94,1,3,4,3449600,862400,bullish,820,<850,normal,0,0,0,,,estimated_rule,2026-01,bearish,3940,3600-4799
2026-W05,2026-01-26,2026-01-30,2026,5,97.03,97.33,95.55,96.99,1780,1700-2199,bearish,mon,tue,40,300,1440,80.9,4,1,5,10274200,2054840,bearish,1710,1700-2199,normal,0,0,0,,,estimated_rule,2026-01,bearish,3940,3600-4799
2026-W06,2026-02-02,2026-02-06,2026,6,97.19,97.99,97.01,97.63,980,850-1099,bullish,thu,mon,440,360,180,63.27,3,2,5,8213800,1642760,bearish,1780,1700-2199,nfp,1,0,1,,2026-02-06,estimated_rule,2026-02,bullish,1590,<1600
2026-W07,2026-02-09,2026-02-13,2026,7,97.7,97.76,96.49,96.88,1270,1100-1349,bearish,mon,wed,820,60,390,30.71,0,5,5,5780800,1156160,bullish,980,850-1099,cpi,1,1,0,2026-02-11,,estimated_rule,2026-02,bullish,1590,<1600
2026-W08,2026-02-17,2026-02-20,2026,8,97.12,98.08,97.07,97.8,1010,850-1099,bullish,fri,tue,680,280,50,72.28,3,1,4,5133500,1283375,bearish,1270,1100-1349,normal,0,0,0,,,estimated_rule,2026-02,bullish,1590,<1600
2026-W09,2026-02-23,2026-02-27,2026,9,97.7,98.0,97.36,97.61,640,<850,bearish,wed,mon,90,300,250,39.06,3,2,5,4952200,990440,bullish,1010,850-1099,normal,0,0,0,,,estimated_rule,2026-02,bullish,1590,<1600
2026-W10,2026-03-02,2026-03-06,2026,10,97.87,99.68,97.77,98.99,1910,1700-2199,bullish,tue,mon,1120,690,100,63.87,3,2,5,16484400,3296880,bearish,640,<850,nfp,1,0,1,,2026-03-06,estimated_rule,2026-03,bullish,2870,2800-3599
2026-W11,2026-03-09,2026-03-13,2026,11,98.86,100.54,98.49,100.36,2050,1700-2199,bullish,fri,tue,1500,180,370,91.22,5,0,5,17319000,3463800,bullish,1910,1700-2199,cpi,1,1,0,2026-03-11,,estimated_rule,2026-03,bullish,2870,2800-3599
2026-W12,2026-03-16,2026-03-20,2026,12,100.43,100.48,98.98,99.65,1500,1350-1699,bearish,mon,thu,780,50,670,44.67,2,3,5,24412300,4882460,bullish,2050,1700-2199,normal,0,0,0,,,estimated_rule,2026-03,bullish,2870,2800-3599
2026-W13,2026-03-23,2026-03-27,2026,13,99.68,100.21,98.88,100.15,1330,1100-1349,bullish,fri,mon,470,60,800,95.49,4,1,5,15277300,3055460,bearish,1500,1350-1699,normal,0,0,0,,,estimated_rule,2026-03,bullish,2870,2800-3599
2026-W14,2026-03-30,2026-04-02,2026,14,100.22,100.64,99.3,100.03,1340,1100-1349,bearish,tue,wed,190,420,730,54.48,2,2,4,13654800,3413700,bullish,1330,1100-1349,nfp,1,0,1,,2026-04-03,estimated_rule,2026-04,bearish,2660,2200-2799
2026-W15,2026-04-06,2026-04-10,2026,15,100.18,100.29,98.53,98.65,1760,1700-2199,bearish,mon,wed,1530,110,120,6.82,1,4,5,20805500,4161100,bearish,1340,1100-1349,normal,0,0,0,,,estimated_rule,2026-04,bearish,2660,2200-2799
2026-W16,2026-04-13,2026-04-17,2026,16,99.05,99.18,97.63,98.1,1550,1350-1699,bearish,mon,fri,950,130,470,30.32,1,4,5,13030200,2606040,bearish,1760,1700-2199,cpi,1,1,0,2026-04-13,,estimated_rule,2026-04,bearish,2660,2200-2799
2026-W17,2026-04-20,2026-04-24,2026,17,98.28,98.94,98.01,98.51,930,850-1099,bullish,thu,mon,230,430,270,53.76,3,2,5,5913200,1182640,bearish,1550,1350-1699,normal,0,0,0,,,estimated_rule,2026-04,bearish,2660,2200-2799
2026-W18,2026-04-27,2026-05-01,2026,18,99.33,99.34,97.72,98.21,1620,1350-1699,bearish,mon,fri,1120,10,490,30.25,3,2,5,13406500,2681300,bullish,930,850-1099,nfp,1,0,1,,2026-05-01,estimated_rule,2026-05,bullish,1910,1600-2199
2026-W19,2026-05-04,2026-05-08,2026,19,98.05,98.58,97.63,97.84,950,850-1099,bearish,tue,wed,210,530,210,22.11,3,2,5,7626000,1525200,bearish,1620,1350-1699,normal,0,0,0,,,estimated_rule,2026-05,bullish,1910,1600-2199
2026-W20,2026-05-11,2026-05-15,2026,20,98.04,99.32,97.85,99.27,1470,1350-1699,bullish,fri,mon,1230,50,190,96.6,4,1,5,9240900,1848180,bearish,950,850-1099,cpi,1,1,0,2026-05-11,,estimated_rule,2026-05,bullish,1910,1600-2199
2026-W21,2026-05-18,2026-05-22,2026,21,99.28,99.52,98.95,99.32,570,<850,bullish,thu,mon,40,200,330,64.91,3,2,5,11270400,2254080,bullish,1470,1350-1699,normal,0,0,0,,,estimated_rule,2026-05,bullish,1910,1600-2199
2026-W22,2026-05-26,2026-05-29,2026,22,98.99,99.54,98.75,98.91,790,<850,bearish,thu,fri,80,550,160,20.25,2,2,4,12174600,3043650,bullish,570,<850,normal,0,0,0,,,estimated_rule,2026-05,bullish,1910,1600-2199
2026-W23,2026-06-01,2026-06-05,2026,23,98.96,100.11,98.92,100.07,1190,1100-1349,bullish,fri,mon,1110,40,40,96.64,4,1,5,8720100,1744020,bearish,790,<850,nfp,1,0,1,,2026-06-05,estimated_rule,2026-06,bullish,1390,<1600
2026-W24,2026-06-08,2026-06-12,2026,24,100.15,100.31,99.59,99.75,720,<850,bearish,thu,thu,400,160,160,22.22,1,4,5,11048300,2209660,bullish,1190,1100-1349,cpi,1,1,0,2026-06-11,,estimated_rule,2026-06,bullish,1390,<1600
2026-W25,2026-06-15,2026-06-16,2026,25,99.54,99.79,99.38,99.54,410,<850,bullish,tue,mon,0,250,160,39.02,1,1,2,5933700,2966850,bearish,720,<850,normal,0,0,0,,,estimated_rule,2026-06,bullish,1390,<1600
